Employee_ID,Employee_Name,Age,Gender,Department,Job_Role,Education_Level,Monthly_Income,Experience_Years,Work_Location,Distance_From_Home_KM,Overtime,Work_Life_Balance,Job_Satisfaction,Environment_Satisfaction,Relationship_With_Manager,Training_Hours_Last_Year,Years_Since_Last_Promotion,Salary_Hike_Percent,Projects_Handled,Absenteeism_Days,Stress_Level,Performance_Rating,Attrition,Attrition_Reason,Joining_Date,Email,Phone_Number,Attrition_Risk_Score
EMP00001,Anvi Bajwa,55,Male,Marketing,SEO Specialist,Masters,147457,30,Mumbai,32,Yes,5,2,5,2,36,3,10,8,2,3,4,No,Not Provided,29-08-2017,yashvi61@sunder.com,7573436650,8
EMP00002,Nayantara Bahl,33,Other,Customer Support,Customer Success Manager,MBA,110466,6,Pune,30,Yes,4,4,2,1,55,4,6,2,20,5,4,No,Not Provided,09-04-2017,kiararam@rama.com,7263905427,10
EMP00003,Prerak Sani,35,Male,Customer Support,Customer Success Manager,MBA,45142,9,Bangalore,7,No,4,1,4,2,68,5,25,1,11,3,1,No,Not Provided,24-07-2022,devansh75@hotmail.com,9908222062,7
EMP00004,Zaina Balakrishnan,38,Male,Sales,Sales Executive,Bachelors,64520,17,Delhi,33,No,3,5,4,2,63,4,5,12,16,1,5,No,Not Provided,07-12-2017,kismat21@singhal.net,4038191966,7
EMP00005,Bhamini Mane,28,Male,IT,System Admin,MBA,145749,0,Noida,6,Yes,2,2,5,4,17,2,9,6,12,1,1,No,Not Provided,10-02-2024,vanyadesai@gmail.com,5797744439,8
EMP00006,Hiran Soman,41,Male,Finance,Accountant,Bachelors,98430,20,Kolkata,34,Yes,3,4,2,4,14,5,7,2,8,2,5,No,Not Provided,03-10-2025,delagan@brar.com,3148956539,7
EMP00007,Tushar Karnik,57,Female,Sales,Business Development Associate,MBA,113205,37,Kolkata,35,Yes,3,4,2,5,75,5,10,1,4,3,4,No,Not Provided,23-10-2016,dhanush07@hotmail.com,9475262598,7
EMP00008,Kartik Raman,35,Other,Operations,Operations Executive,MBA,42378,7,Hyderabad,24,Yes,2,1,2,3,15,0,14,14,21,2,2,No,Not Provided,09-06-2019,xsankaran@yahoo.com,7403190838,12
EMP00009,Baiju Sagar,75,Other,Sales,Business Development Associate,Diploma,103697,31,Noida,20,No,3,2,4,2,58,0,7,1,18,3,1,No,Not Provided,13-09-2021,tramanathan@lanka.biz,5356015306,5
EMP00010,Uthkarsh Das,23,Other,IT,Software Engineer,Bachelors,40268,0,Mumbai,32,Yes,4,4,3,5,18,10,1,1,22,3,5,No,Not Provided,08-05-2017,nkakar@gmail.com,6367082258,7
EMP00012,Kaira Tak,58,Other,Finance,Finance Manager,Masters,75307,28,Noida,15,No,2,1,2,5,65,1,18,9,0,3,2,No,Not Provided,17-02-2020,dvyas@gmail.com,4048985534,8
EMP00013,Fateh Vaidya,23,Female,HR,HR Executive,Masters,174608,0,Bangalore,19,Yes,3,4,2,1,14,10,16,1,3,3,4,No,Not Provided,19-12-2024,himmatdani@wason.com,1949641435,8
EMP00014,Damini Bora,30,Female,Operations,Supply Chain Analyst,Diploma,112172,0,Noida,16,Yes,2,3,4,2,60,3,13,3,19,2,2,No,Not Provided,12-05-2026,gben@raval-choudhry.com,435979057,7
EMP00015,Hazel Atwal,33,Female,IT,Data Analyst,Diploma,35086,8,Pune,9,Yes,3,5,3,1,48,4,18,14,21,5,1,No,Not Provided,10-06-2016,Not Generated,503529383,9
EMP00016,Samar Bhargava,40,Female,Sales,Business Development Associate,Diploma,71253,19,Mumbai,23,Yes,3,4,1,4,5,0,7,1,12,2,2,No,Not Provided,28-02-2026,chandatrisha@shukla-dora.com,7092625881,4
EMP00017,Anika Keer,49,Other,Sales,Business Development Associate,Bachelors,121718,25,Delhi,34,Yes,5,3,4,2,21,10,15,5,7,4,5,No,Not Provided,31-07-2024,msheth@karpe.com,6670659551,10
EMP00018,Raghav Sama,21,Other,HR,HR Manager,Bachelors,99979,0,Kolkata,31,No,3,5,3,2,46,3,24,3,24,4,1,No,Not Provided,18-01-2024,raghavkrishnamurthy@hotmail.com,9608223179,6
EMP00019,Jayesh Rao,27,Other,Marketing,Content Strategist,Diploma,41054,0,Kolkata,36,No,3,3,4,2,9,3,24,14,22,5,2,No,Not Provided,22-06-2023,raghav52@gmail.com,7891391600,8
EMP00020,Tejas Mahal,44,Other,Operations,Operations Executive,Bachelors,52053,15,Hyderabad,36,Yes,2,3,2,5,16,4,16,10,18,2,2,No,Not Provided,16-11-2019,wkarpe@aggarwal.org,7638571633,10
EMP00021,Lavanya Sengupta,33,Male,HR,HR Manager,MBA,56289,6,Mumbai,12,Yes,4,4,3,2,17,2,15,7,15,1,5,No,Not Provided,16-09-2020,chakrabartianya@gandhi-khatri.com,9925567025,4
EMP00022,Seher Sunder,17,Female,IT,Software Engineer,MBA,109432,1,Kolkata,16,Yes,2,3,2,2,52,10,6,6,4,5,3,Yes,"Poor Work Life Balance, Overtime, Manager Issues",10-01-2022,samiha65@lad.biz,8943254932,14
EMP00023,Lakshit Sachdeva,40,Male,Finance,Finance Manager,Diploma,99912,16,Noida,34,No,2,2,1,4,13,6,24,14,5,3,5,Yes,"Poor Work Life Balance, Low Job Satisfaction, No Promotion",16-07-2025,dhanuk85@hotmail.com,2152905153,13
EMP00024,Jivin Kala,27,Female,Finance,Financial Analyst,Bachelors,133768,6,Bangalore,33,No,1,3,2,5,16,9,23,7,1,5,2,No,Not Provided,20-06-2021,reyansh48@hotmail.com,164372789,11
EMP00025,Piya Tank,21,Female,Customer Support,Customer Success Manager,Diploma,38960,0,Hyderabad,10,No,3,5,2,5,61,3,25,6,5,1,3,No,Not Provided,24-07-2022,keya71@gmail.com,6636296907,2
EMP00026,Taimur Batra,25,Male,Sales,Sales Manager,Diploma,139941,0,Kolkata,24,No,1,3,4,1,9,5,18,6,2,1,3,No,Not Provided,16-08-2016,sandaljhanvi@bhargava.com,3158450516,7
EMP00027,Armaan Brahmbhatt,34,Male,Finance,Accountant,Masters,165671,12,Kolkata,38,Yes,2,5,5,3,34,1,22,3,11,5,3,No,Not Provided,07-04-2018,eshani17@yahoo.com,6923897681,9
EMP00028,Advik Deo,44,Female,Marketing,Content Strategist,Masters,113369,15,Mumbai,4,Yes,4,5,5,2,55,0,9,6,6,2,3,No,Not Provided,02-05-2022,duagokul@dey-rau.info,8576850123,4
EMP00029,Aarush Venkataraman,55,Female,HR,Recruiter,MBA,64878,31,Mumbai,1,No,1,2,2,1,67,4,20,10,12,1,4,No,Not Provided,18-09-2022,lavanya21@jha.com,2393201525,12
EMP00030,Jayant Manda,45,Male,Customer Support,Customer Success Manager,Diploma,133885,20,Bangalore,31,Yes,5,1,3,3,70,1,13,4,4,1,1,No,Not Provided,03-03-2022,Not Generated,6187334121,6
EMP00031,Not Available,31,Other,HR,HR Manager,MBA,107866.6344,3,Delhi,22,Yes,4,4,1,2,36,10,5,2,24,2,2,No,Not Provided,21-01-2022,htripathi@brar.com,4372077330,10
EMP00032,Seher Deol,46,Female,IT,Data Analyst,Masters,69375,26,Kolkata,13,No,5,1,5,2,16,7,2,12,12,2,5,No,Not Provided,20-11-2025,chadafarhan@gmail.com,9830450821,11
EMP00033,Aarush Solanki,53,Male,Marketing,Content Strategist,Bachelors,50694,32,Noida,17,Yes,4,2,5,4,20,8,18,9,14,1,2,No,Not Provided,08-02-2018,somjhanvi@yahoo.com,7647576093,7
EMP00034,Vivaan Ramaswamy,35,Other,Finance,Finance Manager,Masters,161542,15,Noida,31,Yes,2,3,2,3,30,1,3,1,20,2,5,No,Not Provided,31-05-2020,riya67@yahoo.com,5220961199,10
EMP00035,Sara Butala,44,Male,Sales,Sales Executive,Bachelors,88503,23,Mumbai,12,No,3,2,1,5,56,4,19,2,25,1,1,No,Not Provided,23-07-2021,ramaswamyyashvi@yahoo.com,33156633,5
EMP00036,Azad Dora,60,Female,Finance,Finance Manager,MBA,99719,34,Bangalore,28,Yes,1,2,5,1,63,10,8,13,25,1,3,Yes,"Poor Work Life Balance, Overtime, Low Job Satisfaction",31-05-2022,kkala@kaur.com,1758068012,15
EMP00037,Renee Kata,57,Male,Customer Support,Customer Success Manager,Bachelors,87308,28,Bangalore,17,No,5,2,2,4,54,10,1,9,20,2,4,No,Not Provided,25-02-2024,bhatnagarmyra@gmail.com,5465599897,9
EMP00038,Nitara Bawa,56,Other,Sales,Sales Manager,MBA,100830,28,Delhi,27,Yes,4,3,3,3,32,3,13,6,6,5,5,No,Not Provided,16-05-2018,myrasaraf@swaminathan.com,402193107,6
EMP00039,Nayantara Arora,35,Other,Finance,Accountant,Bachelors,131662,14,Pune,3,No,2,3,3,2,67,0,22,6,6,4,2,No,Not Provided,13-04-2025,vanya52@gmail.com,2102869526,8
EMP00040,Diya Seth,38,Other,Sales,Sales Executive,Bachelors,165847,16,Bangalore,7,No,5,3,5,1,70,4,22,3,18,5,4,No,Not Provided,23-05-2020,vanya60@sood-kadakia.com,5456300202,5
EMP00041,Madhup Bhatti,22,Other,Finance,HR Executive,Diploma,94441,0,Chennai,27,No,4,1,2,4,59,2,6,15,8,5,2,No,Not Provided,20-04-2023,keya21@hotmail.com,6164139325,11
EMP00042,Vivaan Jhaveri,28,Other,Sales,Sales Manager,Diploma,121064,5,Bangalore,28,No,5,4,1,1,35,7,10,14,11,5,3,No,Not Provided,29-08-2023,purab96@sood.com,6842436394,12
EMP00043,Kiaan Walla,58,Other,Finance,Finance Manager,Bachelors,103414.5185,37,Noida,27,Yes,5,5,5,5,69,7,8,5,16,1,1,No,Not Provided,07-12-2025,sairashetty@wagle.com,4757922792,5
EMP00044,Jhanvi Viswanathan,41,Other,Finance,Accountant,Diploma,84390,12,Bangalore,35,No,3,3,3,4,47,7,1,9,11,5,4,No,Not Provided,03-01-2017,chawlaindrans@gmail.com,2441738057,8
EMP00045,Mehul Viswanathan,31,Male,IT,BI Developer,Bachelors,159446,2,Mumbai,34,No,4,3,4,5,78,6,2,15,22,1,2,No,Not Provided,24-12-2024,xbose@hotmail.com,9531001325,7
EMP00046,Anay Ratta,41,Female,Sales,Sales Executive,Bachelors,107401.1714,18,Bangalore,17,Yes,2,1,2,3,63,9,8,15,14,1,5,Yes,"Poor Work Life Balance, Overtime, Low Job Satisfaction",24-01-2019,walitiya@gmail.com,9906674823,14
EMP00047,Badal Bhalla,52,Other,Marketing,SEO Specialist,MBA,42753,30,Hyderabad,3,No,4,4,2,5,67,3,19,3,3,2,3,No,Not Provided,15-06-2019,fateh43@hotmail.com,9465102626,2
EMP00048,Ela Srinivas,35,Female,Sales,Business Development Associate,Masters,42423,13,Pune,10,No,2,5,4,5,80,7,14,15,11,3,3,No,Not Provided,24-05-2018,ira96@tak-sundaram.com,8210786115,7
EMP00049,Kismat Raj,54,Female,IT,System Admin,Diploma,156651,30,Chennai,27,Yes,5,4,2,4,6,10,2,8,2,1,4,No,Not Provided,20-06-2022,aaina95@hotmail.com,1736948142,9
EMP00050,Kanav Chopra,22,Male,Finance,Accountant,MBA,84619,0,Chennai,39,Yes,5,3,2,2,63,9,20,4,16,5,4,No,Not Provided,24-08-2023,mandmohanlal@sane.com,8700772820,12
EMP00051,Taran Rattan,60,Other,Operations,Operations Executive,Masters,70778,38,Hyderabad,21,Yes,1,3,1,5,45,5,3,2,4,3,5,No,Not Provided,08-05-2021,anvi52@yadav.com,1094263741,11
EMP00052,Ishaan Venkatesh,47,Male,Operations,Operations Executive,Diploma,27776,21,Noida,34,Yes,4,1,3,3,48,8,18,10,13,4,1,Yes,"Overtime, Low Job Satisfaction, High Stress",10-08-2021,skamdar@gmail.com,2847868342,13
EMP00053,Vritika Dutt,32,Male,HR,HR Manager,Bachelors,119530,5,Delhi,25,Yes,2,5,3,1,57,4,25,10,25,5,1,Yes,"Poor Work Life Balance, Overtime, Manager Issues",23-06-2018,madhup90@kapur.biz,7071056666,13
EMP00054,Ivana Sheth,47,Other,Operations,Operations Executive,MBA,128880,17,Kolkata,27,Yes,2,1,1,3,31,9,24,2,3,3,2,Yes,"Poor Work Life Balance, Overtime, Low Job Satisfaction",23-10-2020,magaradah@thaker.com,6256389974,13
EMP00055,Lagan Gandhi,23,Male,HR,HR Executive,Bachelors,97603.7265,0,Kolkata,19,Yes,4,1,5,2,36,5,23,2,24,5,4,No,Not Provided,09-07-2023,vyashansh@joshi.com,4027396688,12
EMP00056,Abram Boase,37,Male,HR,Recruiter,Diploma,61637,14,Mumbai,25,Yes,1,5,4,1,64,10,17,2,21,3,4,No,Not Provided,29-10-2018,sairabrahmbhatt@hotmail.com,9065427900,10
EMP00057,Taran Suri,49,Male,IT,BI Developer,MBA,129157,25,Pune,6,No,3,5,4,1,56,6,25,14,4,2,3,No,Not Provided,22-10-2017,inaaya-64@gmail.com,7906409315,6
EMP00058,Bhavin Ram,35,Female,Marketing,Marketing Manager,Masters,75192,10,Chennai,38,No,5,1,3,3,67,0,11,11,25,5,3,No,Not Provided,30-12-2022,nakul76@yahoo.com,2413347937,9
EMP00059,Gatik Vora,40,Female,HR,Recruiter,Bachelors,61037,13,Mumbai,36,Yes,3,4,5,4,37,9,9,3,14,1,5,No,Not Provided,22-12-2016,nakulsengupta@kakar.com,6228159222,5
EMP00060,Neysa Sama,24,Female,HR,HR Executive,Masters,116434,0,Mumbai,8,Yes,3,1,2,2,67,10,21,7,18,2,1,No,Not Provided,16-11-2020,ikari@chana.info,6166115184,11
EMP00061,Shalv Sur,36,Female,IT,BI Developer,Diploma,87536,15,Delhi,5,Yes,5,3,5,3,52,0,4,5,25,5,4,No,Not Provided,08-11-2023,dhanushgara@gmail.com,8367783895,7
EMP00062,Rania Yogi,47,Male,Customer Support,Support Executive,Diploma,156804,22,Pune,8,No,5,5,4,5,65,5,4,1,25,1,4,No,Not Provided,11-01-2025,devanshkunda@gmail.com,181160253,4
EMP00063,Siya Sastry,54,Female,Operations,Supply Chain Analyst,Diploma,118269,29,Mumbai,26,No,4,2,5,3,30,7,1,8,7,2,3,No,Not Provided,16-06-2018,aradhyabava@gopal.info,4095497795,8
EMP00064,Kavya Shetty,48,Male,HR,HR Executive,Diploma,31728,26,Mumbai,10,No,5,4,1,1,34,1,6,8,7,1,3,No,Not Provided,26-10-2025,piya36@hotmail.com,3448256902,4
EMP00065,Heer Kant,49,Male,HR,Recruiter,Bachelors,161315,21,Kolkata,32,No,3,1,4,5,9,4,21,15,11,2,1,No,Not Provided,31-12-2020,borakanav@ahuja.info,5823757816,6
EMP00066,Gokul Desai,49,Female,HR,HR Manager,Bachelors,76113,27,Chennai,4,Yes,2,4,5,4,35,3,17,7,10,1,1,No,Not Provided,11-06-2020,rgole@buch.com,6248627873,5
EMP00067,Mishti Saraf,41,Male,Sales,Sales Manager,Bachelors,64832,13,Chennai,19,Yes,5,5,4,5,76,5,15,11,11,5,1,No,Not Provided,25-06-2018,rvohra@hotmail.com,4879729160,9
EMP00068,Tara Wagle,40,Male,Sales,Business Development Associate,Bachelors,83628,18,Kolkata,30,No,4,5,1,3,4,6,21,8,5,3,1,No,Not Provided,31-05-2020,gabahansh@gmail.com,5271428654,5
EMP00069,Dhruv Agarwal,23,Female,IT,Data Analyst,MBA,65683,0,Delhi,31,No,1,4,1,5,35,2,7,5,15,2,5,No,Not Provided,27-07-2021,shaandave@gmail.com,2090900054,6
EMP00070,Charvi Tailor,33,Other,IT,Software Engineer,Bachelors,49331,7,Bangalore,36,Yes,5,3,2,3,12,3,11,15,9,5,1,No,Not Provided,21-06-2020,takanahita@wali.info,4553423585,10
EMP00071,Lavanya Bahri,50,Female,Sales,Business Development Associate,Diploma,95531,24,Noida,30,Yes,4,3.039382866,2,1,38,5,7,5,7,3,4,No,Not Provided,26-02-2020,jhavihaan@gmail.com,6454945360,9
EMP00072,Suhana Mann,23,Female,Operations,Supply Chain Analyst,Masters,169016,0,Bangalore,30,Yes,4,1,4,3,12,9,10,4,8,4,1,No,Not Provided,05-07-2025,tanya10@kannan-sekhon.biz,4305540905,11
EMP00073,Not Available,41,Female,HR,Recruiter,MBA,55497,16,Bangalore,21,No,3,4,2,1,31,2,19,2,22,4,4,No,Not Provided,15-04-2021,miraya50@yohannan.org,6867459848,7
EMP00074,Purab Srinivasan,39,Female,Marketing,Content Strategist,MBA,102443,16,Delhi,33,Yes,3,2,5,3,13,2,22,6,18,3,4,No,Not Provided,25-06-2021,pari72@bakshi.com,7206225322,6
EMP00075,Shaan Ram,25,Female,Customer Support,Support Executive,Masters,84868,0,Kolkata,37,Yes,5,1,4,5,73,8,9,4,3,1,1,No,Not Provided,04-06-2024,miraya97@hotmail.com,2662668858,8
EMP00076,Anaya Raman,45,Other,Finance,Finance Manager,Diploma,28283,22,Delhi,4,No,3,1,5,5,63,5,24,10,20,5,4,No,Not Provided,12-12-2025,imalhotra@gmail.com,3445362438,10
EMP00078,Romil Arora,58,Other,IT,BI Developer,Bachelors,109118,37,Bangalore,12,Yes,4,5,5,2,12,9,7,15,9,4,4,No,Not Provided,16-11-2022,zbaral@kota.com,3298426793,11
EMP00079,Sahil Borah,52,Male,Finance,Accountant,MBA,139535,29,Kolkata,26,Yes,3,4,4,3,13,6,18,10,14,4,4,No,Not Provided,27-06-2017,vritikachakrabarti@kunda.com,9669753026,10
EMP00080,Anya Kohli,29,Other,Marketing,SEO Specialist,Bachelors,101060.0377,7,Pune,28,Yes,1,5,1,1,39,8,12,3,21,5,2,Yes,"Poor Work Life Balance, Overtime, Manager Issues",15-10-2025,divit94@gmail.com,5854123593,15
EMP00081,Myra Verma,58,Female,Sales,Sales Manager,Bachelors,131687,35,Delhi,12,Yes,4,3,2,4,37,7,4,15,13,4,2,Yes,"Overtime, High Stress, No Promotion",07-09-2023,senguptamadhup@vohra.info,1008855114,13
EMP00082,Saira Sen,55,Male,Customer Support,Customer Success Manager,Masters,112904,32,Delhi,5,Yes,5,3,2,3,36,3,16,6,2,4,5,No,Not Provided,19-12-2025,shettytiya@gmail.com,2921238935,7
EMP00083,Raghav Das,52,Female,IT,BI Developer,Diploma,100977,29,Bangalore,29,No,3,2,2,4,26,0,7,11,8,1,4,No,Not Provided,24-08-2022,dhanushkanda@ranganathan-rama.com,926581563,8
EMP00084,Mannat Sastry,30,Female,Sales,Sales Executive,Diploma,45857,4,Pune,3,No,3,2,2,3,31,2,2,7,4,2,1,No,Not Provided,09-11-2019,Not Generated,3619861706,7
EMP00085,Arhaan Kashyap,46,Male,Sales,Sales Executive,Masters,30505,21,Mumbai,36,No,4,3,4,2,55,2,25,2,6,1,4,No,Not Provided,09-07-2023,amira54@gmail.com,8833469073,3
EMP00086,Eshani Vasa,29,Female,Sales,Sales Executive,Masters,146029,5,Kolkata,29,Yes,1,2,2,4,50,5,24,15,4,4,5,Yes,"Poor Work Life Balance, Overtime, Low Job Satisfaction",06-11-2019,pray@kalita.com,9078773256,18
EMP00087,Mannat Dayal,45,Male,Customer Support,Customer Success Manager,Bachelors,136343,20,Noida,32,Yes,1,2,2,2,64,2,13,6,2,1,5,Yes,"Poor Work Life Balance, Overtime, Low Job Satisfaction",03-04-2023,akoshy@saraf.com,149559710,13
EMP00088,Azad Dasgupta,57,Male,Sales,Sales Manager,Diploma,55403,35,Pune,1,Yes,1,4,5,4,51,8,14,5,1,2,5,No,Not Provided,30-07-2018,ldewan@yahoo.com,9334897015,7
EMP00089,Dhanush Master,42,Other,Customer Support,Customer Success Manager,Masters,123377,18,Chennai,40,Yes,2,4,4,4,45,10,25,8,13,4,5,No,Not Provided,16-04-2024,kiaanlalla@bala.com,7500205580,11
EMP00090,Kismat Dugar,38,Male,Finance,Financial Analyst,Bachelors,48141,9,Chennai,19,No,5,2,1,2,44,5,17,4,22,3,1,No,Not Provided,13-05-2017,advikarajagopal@hotmail.com,7295325513,9
EMP00091,Advik Chada,45,Female,Sales,Business Development Associate,Bachelors,48651,22,Delhi,5,No,1,1,3,2,76,8,18,10,6,2,2,No,Not Provided,22-10-2023,rajagopaldevansh@kumar.com,9683073881,12
EMP00092,Dhruv Baria,25,Female,HR,HR Executive,Masters,147954,0,Mumbai,12,Yes,2,2,4,4,70,7,6,14,0,4,4,Yes,"Poor Work Life Balance, Overtime, Low Job Satisfaction",02-08-2016,mirayaravi@gmail.com,1362811619,15
EMP00093,Aarav Dyal,34,Male,HR,Recruiter,Masters,120262,9,Hyderabad,22,Yes,1,1,4,3,19,3,8,14,9,1,1,No,Not Provided,18-06-2017,dhawangatik@chadha.com,6564883510,10
EMP00094,Vanya Chokshi,34,Other,Marketing,Marketing Manager,MBA,39123,7,Noida,4,No,4,5,2,2,30,5,2,3,20,1,5,No,Not Provided,05-06-2023,ekeer@kapoor.info,8455916676,8
EMP00095,Alia Kadakia,24,Female,IT,System Admin,Diploma,32072,0,Chennai,38,No,4,4,2,4,5,1,12,11,13,3,1,No,Not Provided,03-10-2017,ysankaran@bath.com,5792292284,5
EMP00096,Kismat Kale,48,Male,Operations,Operations Executive,MBA,111674,23,Noida,14,Yes,1,3,2,2,37,2,12,4,19,3,2,No,Not Provided,06-09-2025,rsavant@hotmail.com,6772772284,9
EMP00097,Zara Yogi,38,Female,Operations,Operations Executive,MBA,106829,11,Delhi,8,No,4,3,1,2,71,2,23,8,16,4,3,No,Not Provided,19-02-2023,jivinbhalla@ganesan-barad.net,6776869774,7
EMP00098,Raghav Bumb,50,Other,Finance,Accountant,Masters,137285,24,Kolkata,2,Yes,2,5,2,5,40,10,10,10,9,3,2,No,Not Provided,01-02-2020,ogoyal@magar.org,3041576736,11
EMP00099,Diya Toor,51,Male,IT,BI Developer,Masters,129662,27,Chennai,3,No,2,4,4,3,69,7,14,14,17,1,3,No,Not Provided,16-02-2018,cchowdhury@doctor-gokhale.com,470957647,7
EMP00100,Arnav Samra,37,Female,HR,HR Executive,Diploma,44942,17,Mumbai,20,Yes,1,2,2,4,51,8,12,14,17,3,4,Yes,"Poor Work Life Balance, Overtime, Low Job Satisfaction",12-02-2026,gatikshukla@saxena-chacko.com,8742837358,14
EMP00101,Arhaan Khare,51,Female,HR,HR Executive,MBA,174407,31,Bangalore,16,No,3,1,2,1,29,7,25,7,20,4,1,No,Not Provided,19-10-2022,purabkumar@hotmail.com,5449571937,12
EMP00102,Ayesha Kalita,23,Other,Finance,Accountant,MBA,102195.4237,0,Kolkata,31,No,5,3,5,2,69,4,7,8,17,4,5,No,Not Provided,23-06-2018,qchaudhari@hotmail.com,7816873696,6
EMP00103,Not Available,24,Male,IT,Data Analyst,MBA,54120,3,Delhi,14,Yes,4,1,4,5,58,5,23,7,13,2,2,No,Not Provided,01-04-2017,amanidara@yahoo.com,3744249921,7
EMP00104,Rhea Choudhry,27,Male,HR,HR Manager,Diploma,156792,1,Kolkata,34,No,5,4,1,3,26,0,7,8,17,4,3,No,Not Provided,28-10-2018,fateh55@gmail.com,6038556243,6
EMP00105,Yuvraj  Anne,55,Female,Operations,Supply Chain Analyst,MBA,134503,29,Bangalore,32,Yes,4,1,4,5,55,6,5,5,5,5,2,Yes,"Overtime, Low Job Satisfaction, High Stress",18-02-2018,subramaniambadal@dara.com,4294643069,13
EMP00106,Lakshay Bhatt,22,Other,Finance,Financial Analyst,Bachelors,89698,0,Hyderabad,3,Yes,3,1,2,3,54,8,7,2,8,2,2,No,Not Provided,30-04-2023,ishita51@kunda.com,5761214804,9
EMP00107,Anvi Barad,48,Other,Sales,Sales Executive,MBA,33684,18,Chennai,35,Yes,3,4,1,3,1,9,9,5,25,3,5,No,Not Provided,12-03-2017,nwason@gmail.com,6930358139,7
EMP00108,Tejas Wable,53,Other,Customer Support,Customer Success Manager,Masters,74441,29,Hyderabad,32,Yes,5,5,1,2,76,6,21,6,9,4,5,No,Not Provided,02-07-2024,kapadiavedika@hotmail.com,7076075380,12
EMP00109,Kiaan Banerjee,28,Female,Finance,Financial Analyst,Diploma,48760,7,Hyderabad,39,No,5,1,1,1,3,6,4,12,17,1,3,Yes,"Low Job Satisfaction, Manager Issues, No Promotion",26-07-2018,indrajit73@hotmail.com,5748217600,14
EMP00110,Mehul Manne,37,Male,Sales,Sales Executive,MBA,104566,8,Delhi,4,Yes,5,5,4,4,57,7,13,4,11,1,4,No,Not Provided,29-08-2016,edada@mani.biz,1757682326,4
EMP00111,Tejas Hari,59,Male,Not assigned,Marketing Manager,Diploma,159639,31,Mumbai,36,Yes,3,4,1,4,23,9,2,15,21,2,4,No,Not Provided,12-07-2016,nirvaan00@ganesan-bhagat.net,4832137847,11
EMP00112,Nakul Dhar,28,Male,Marketing,SEO Specialist,Masters,117173,7,Kolkata,5,No,1,1,1,2,35,3,16,7,20,1,1,No,Not Provided,10-11-2023,uvora@goda.com,4007269042,10
EMP00113,Dhanuk Batra,25,Male,Customer Support,Support Executive,Diploma,168964,2,Chennai,19,Yes,2,5,5,5,37,4,4,5,19,3,3,No,Not Provided,04-08-2020,darshitlall@ramachandran-raja.com,1749401547,7
EMP00114,Aarna Gopal,23,Male,IT,System Admin,Bachelors,33259,0,Bangalore,21,No,4,2,3,5,31,5,25,4,7,4,5,No,Not Provided,08-02-2017,damini27@virk-sura.com,4894037882,8
EMP00115,Kartik Ghose,47,Other,Finance,Financial Analyst,Bachelors,69156,18,Pune,2,Yes,3,5,1,4,38,0,23,2,17,1,1,No,Not Provided,03-11-2023,ramakrishnanmadhup@badami.com,8581487960,4
EMP00116,Jayant Kaur,57,Female,Marketing,SEO Specialist,Masters,132792,34,Kolkata,10,No,5,1,5,1,33,4,21,13,12,1,5,No,Not Provided,05-06-2020,ishaanagrawal@jhaveri-konda.info,8346119507,7
EMP00117,Yashvi Bhavsar,49,Male,Sales,Sales Manager,MBA,29883,25,Noida,29,No,2,5,4,1,27,7,25,5,7,1,1,No,Not Provided,18-04-2018,ekalita@rattan.com,2569349264,8
EMP00118,Yuvraj  Khatri,55,Male,IT,Software Engineer,MBA,134134,32,Mumbai,28,No,1,5,1,2,80,10,10,10,25,2,3,No,Not Provided,16-08-2022,riya05@gmail.com,3335141187,12
EMP00119,Kismat Mahajan,24,Other,Finance,Financial Analyst,Bachelors,123751,0,Hyderabad,9,Yes,4,2,3,3,72,10,10,15,13,3,2,No,Not Provided,17-06-2020,devanshgera@de-srivastava.com,5772540855,9
EMP00120,Indrajit Bhakta,46,Other,IT,Data Analyst,Diploma,73673,19,Bangalore,10,Yes,1,3,4,1,14,4,8,10,2,3,1,No,Not Provided,29-04-2020,dsinghal@sastry.net,3181197172,9
EMP00121,Devansh Shroff,33,Other,Customer Support,Support Executive,Bachelors,115567,8,Noida,1,Yes,5,2,1,5,74,5,11,5,4,4,3,No,Not Provided,26-05-2021,tchokshi@yahoo.com,9487775147,12
EMP00122,Sahil Kothari,43,Other,Finance,Accountant,MBA,140392,16,Noida,33,No,1,2,1,3,27,9,4,7,21,5,5,Yes,"Poor Work Life Balance, Low Job Satisfaction, High Stress",05-01-2025,vivaansur@gmail.com,3839128678,16
EMP00123,Seher Dua,54,Female,Customer Support,Customer Success Manager,Bachelors,78002,30,Delhi,18,Yes,5,2,1,3,11,8,2,8,17,4,3,Yes,"Overtime, Low Job Satisfaction, High Stress",24-05-2023,samiishaan@batta.info,3249660892,14
EMP00124,Shamik Kara,52,Other,IT,Software Engineer,Masters,138368,24,Hyderabad,4,Yes,4,2,4,5,0,5,8,13,19,2,5,No,Not Provided,19-08-2018,zsahota@hotmail.com,1829846252,9
EMP00125,Aniruddh Devan,42,Female,IT,Data Analyst,Diploma,141712,12,Kolkata,19,No,1,3,1,2,36,3,0,5,17,4,5,No,Not Provided,06-05-2024,eva28@hotmail.com,908966147,12
EMP00126,Mishti Baral,53,Female,Operations,Supply Chain Analyst,MBA,76739,28,Pune,7,Yes,3,3,3,5,23,9,0,10,15,2,2,No,Not Provided,31-03-2017,ywable@ranganathan-venkatesh.com,5329968665,8
EMP00128,Navya Bali,43,Female,Operations,Supply Chain Analyst,MBA,165359,22,Pune,32,Yes,2,3,5,5,15,9,6,1,10,5,4,No,Not Provided,17-05-2025,utank@yahoo.com,6816929379,11
EMP00129,Ira Sarma,56,Female,HR,HR Manager,Diploma,177782,35,Pune,5,Yes,3,3,4,4,21,10,18,14,0,3,2,No,Not Provided,25-10-2017,elakshiswamy@gmail.com,8623898727,6
EMP00130,Pranay Gara,40,Other,HR,HR Executive,Masters,114042,13,Kolkata,14,No,3,2,4,4,67,3,8,8,21,2,2,No,Not Provided,15-11-2019,sodhianaya@gmail.com,595477773,3
EMP00131,Tejas Barman,27,Female,Operations,Operations Executive,Bachelors,59180,2,Bangalore,9,No,3,1,5,5,0,2,0,12,14,2,5,No,Not Provided,10-01-2021,nkothari@ramaswamy.net,9992785837,7
EMP00132,Tarini Chaudhari,27,Male,HR,Recruiter,MBA,53893,5,Kolkata,30,No,3,4,4,1,64,3,20,6,5,5,1,No,Not Provided,27-01-2025,rajagopalelakshi@subramaniam.com,9036113990,6
EMP00133,Aayush Saran,39,Other,Finance,Accountant,Diploma,76791,13,Pune,35,No,3,1,4,4,80,8,1,3,12,5,2,No,Not Provided,13-04-2020,arnavbarad@borde-khurana.net,1047550091,11
EMP00134,Vanya Agrawal,43,Male,Finance,Finance Manager,Diploma,58260,13,Chennai,16,Yes,3,2,4,1,17,9,22,14,14,1,4,No,Not Provided,29-08-2019,emirdevan@tripathi-dave.net,5814225884,11
EMP00135,Uthkarsh Grewal,60,Female,IT,BI Developer,Diploma,152061,40,Mumbai,33,No,4,1,2,4,34,4,17,11,7,5,5,No,Not Provided,19-08-2016,subramanianmohanlal@soni-bora.com,7271422367,11
EMP00136,Nehmat Kapadia,42,Female,IT,BI Developer,MBA,121176,15,Bangalore,19,Yes,2,2,1,5,79,6,14,11,12,1,4,Yes,"Poor Work Life Balance, Overtime, Low Job Satisfaction",31-07-2024,biswasvedika@gmail.com,2568138635,14
EMP00137,Rasha Varghese,51,Other,IT,System Admin,MBA,108569,29,Delhi,34,No,4,4,2,2,46,5,12,14,16,5,4,No,Not Provided,09-03-2025,yuvraj-kata@ben-bhakta.com,18000948,12
EMP00138,Kartik Goyal,39,Male,Marketing,SEO Specialist,Bachelors,106378,9,Bangalore,24,No,1,5,3,2,20,1,10,12,17,4,5,No,Not Provided,23-02-2025,sshah@gmail.com,1291258875,10
EMP00139,Arnav Raj,55,Female,Sales,Business Development Associate,Masters,47174,33,Bangalore,14,Yes,3,5,2,1,50,7,3,12,7,4,2,Yes,"Overtime, Manager Issues, High Stress",06-03-2025,ishitagoswami@yahoo.com,7099078746,15
EMP00140,Yashvi Dash,41,Female,Operations,Supply Chain Analyst,Bachelors,114208,18,Chennai,40,No,5,3,2,4,79,2,15,4,2,5,2,No,Not Provided,03-08-2022,seher93@yahoo.com,6633202921,6
EMP00141,Indranil Thaker,59,Female,Finance,Finance Manager,Bachelors,142999,34,Hyderabad,27,No,4,4,1,2,34,9,2,1,3,5,1,No,Not Provided,04-03-2021,ranbirvenkatesh@gmail.com,5742944586,12
EMP00142,Azad Sood,30,Other,IT,Software Engineer,Masters,92057,1,Chennai,10,No,4,2,4,1,31,7,23,12,5,2,4,No,Not Provided,19-03-2022,dmand@hotmail.com,8877180149,9
EMP00143,Amira Bhattacharyya,56,Other,HR,HR Executive,MBA,111296,27,Bangalore,24,No,4,1,5,1,35,9,5,2,16,4,3,No,Not Provided,22-09-2019,raghavhanda@gmail.com,3051849745,12
EMP00144,Bhavin Goel,31,Female,IT,BI Developer,Masters,163672,1,Bangalore,39,Yes,2,2,3,5,15,3,21,9,21,3,4,No,Not Provided,14-09-2018,jhagatik@gmail.com,6485121757,9
EMP00145,Nitya Khanna,42,Female,IT,BI Developer,MBA,138165,17,Mumbai,2,Yes,1,3,3,3,50,4,18,5,0,2,3,No,Not Provided,03-11-2022,adutta@salvi.com,1131155619,5
EMP00146,Vaibhav Salvi,22,Male,Finance,Accountant,Masters,104284,0,Delhi,26,No,2,1,4,5,4,5,12,8,6,5,2,No,Not Provided,05-10-2024,daspihu@bir.com,1887759170,12
EMP00147,Elakshi Lalla,54,Female,IT,System Admin,Bachelors,120291,33,Pune,39,No,5,4,1,5,65,1,7,7,4,3,3,No,Not Provided,08-03-2025,krish91@hotmail.com,531288481,3
EMP00148,Urvi Kala,53,Female,Customer Support,Support Executive,Diploma,146369,29,Hyderabad,29,Yes,1,3,3,1,18,4,21,14,23,5,2,Yes,"Poor Work Life Balance, Overtime, Manager Issues",09-07-2023,ojas85@mann.com,6715358846,13
EMP00149,Aarush Kadakia,24,Female,HR,HR Executive,Masters,157134,0,Chennai,11,Yes,4,3,2,5,23,9,7,8,15,3,4,No,Not Provided,14-10-2018,drishya98@yahoo.com,7018458597,6
EMP00150,Hrishita Sane,53,Male,Operations,Supply Chain Analyst,Diploma,82226,26,Kolkata,10,Yes,5,1,5,4,80,3,3,9,23,4,4,No,Not Provided,25-02-2026,shamik77@gmail.com,5170335054,10
EMP00151,Sara Sama,60,Other,Marketing,SEO Specialist,Diploma,128313,33,Pune,26,No,2,1,4,1,5,1,25,4,23,2,4,No,Not Provided,16-06-2019,Not Generated,5341500651,9
EMP00152,Drishya Chhabra,36,Other,Operations,Operations Executive,Bachelors,140846,9,Mumbai,24,No,1,4,1,3,56,0,11,10,16,4,4,No,Not Provided,20-04-2024,nayantara31@hotmail.com,5732176407,10
EMP00153,Adira Hayre,22,Male,Customer Support,Support Executive,MBA,53382,0,Bangalore,30,Yes,2,1,4,3,54,3,8,12,0,2,4,No,Not Provided,24-11-2016,manikyakothari@yahoo.com,7002663160,11
EMP00154,Rhea Kurian,35,Other,Operations,Supply Chain Analyst,MBA,106711,14,Delhi,21,No,2,4,3,5,10,0,2,11,1,1,2,No,Not Provided,19-01-2022,ghoseanahi@singhal.org,2068961942,7
EMP00155,Manikya Acharya,33,Other,Marketing,Content Strategist,Bachelors,50694,11,Pune,28,Yes,1,2,4,4,64,1,10,3,12,1,4,No,Not Provided,20-08-2019,shraytella@chaudhry.info,623073857,9
EMP00156,Badal Char,29,Female,Operations,Operations Executive,Bachelors,146917,0,Bangalore,7,No,4,4,5,2,11,0,8,15,2,2,4,No,Not Provided,14-07-2023,gokulmadan@kulkarni-taneja.com,8510206906,4
EMP00157,Arnav Devi,45,Female,Sales,Business Development Associate,Masters,40168,15,Kolkata,28,No,2,1,5,4,8,0,3,9,8,1,1,No,Not Provided,09-09-2016,gangulylakshit@bahl.com,4839703278,9
EMP00158,Diya Karpe,30,Female,Finance,Accountant,MBA,139564,3,Chennai,29,Yes,2,4,1,4,32,5,24,11,24,4,2,Yes,"Poor Work Life Balance, Overtime, High Stress",20-12-2022,madhupvarughese@hotmail.com,1086726193,15
EMP00159,Neysa Bawa,51,Other,IT,Data Analyst,Diploma,64792,23,Mumbai,6,No,2,5,3,5,29,9,22,7,25,3,1,No,Not Provided,02-05-2023,fganguly@hans-taneja.com,8106434307,5
EMP00160,Azad Sanghvi,30,Female,IT,BI Developer,Bachelors,30464,4,Bangalore,9,No,5,5,3,2,49,8,9,9,8,3,3,No,Not Provided,08-03-2024,brahmbhattzaina@hotmail.com,3417593792,4
EMP00161,Devansh Rau,43,Female,Operations,Supply Chain Analyst,Diploma,56280,18,Mumbai,18,Yes,1,5,4,5,33,8,0,4,17,5,2,No,Not Provided,19-11-2025,rashakulkarni@hotmail.com,3463948454,12
EMP00162,Shlok Shah,26,Male,HR,HR Executive,Masters,177263,0,Hyderabad,6,Yes,2,3,2,2,2,2,12,8,5,4,3,No,Not Provided,08-06-2016,azacharia@hotmail.com,8424445151,12
EMP00163,Ryan Babu,33,Other,HR,HR Executive,Diploma,71614,6,Kolkata,19,Yes,1,1,1,3,51,2,5,7,16,3,3,No,Not Provided,07-04-2024,vedika21@varma.biz,7196246454,12
EMP00164,Dhanuk Amble,34,Other,Operations,Supply Chain Analyst,Diploma,170061,6,Mumbai,37,Yes,4,2,2,2,58,8,10,7,23,5,2,Yes,"Overtime, Low Job Satisfaction, Manager Issues",15-09-2023,bsampath@hotmail.com,1459304733,15
EMP00165,Hrishita Chanda,35,Male,HR,Recruiter,Masters,90472,5,Mumbai,10,No,4,1,3,4,35,10,4,12,10,1,4,No,Not Provided,08-03-2021,anayagopal@setty.net,5974109156,9
EMP00166,Samar Luthra,22,Male,Marketing,SEO Specialist,Masters,118575,0,Pune,21,Yes,4,5,4,2,68,1,14,2,0,2,5,No,Not Provided,01-06-2017,vedika82@gmail.com,297756063,4
EMP00167,Sahil Goda,36,Male,Marketing,Content Strategist,Bachelors,116781,7,Mumbai,23,Yes,1,1,5,4,23,9,20,14,23,1,2,No,Not Provided,24-01-2025,chopraazad@yahoo.com,8794544668,12
EMP00168,Purab Shah,35,Other,HR,Recruiter,MBA,142151,7,Bangalore,25,No,4,2,3,2,42,0,14,7,12,5,3,No,Not Provided,19-06-2019,bobalkiara@gmail.com,1471707883,9
EMP00169,Zoya Majumdar,51,Male,Marketing,Marketing Manager,MBA,47728,24,Chennai,15,No,2,3,5,2,49,7,12,5,11,5,1,No,Not Provided,11-11-2023,rshenoy@yahoo.com,6281994207,10
EMP00170,Vivaan Ghosh,30,Other,Operations,Supply Chain Analyst,MBA,135354,1,Noida,20,No,3,1,5,4,44,3,13,5,17,2,4,No,Not Provided,07-06-2017,gaderomil@yahoo.com,6342940445,3
EMP00171,Shalv Kalita,25,Male,Sales,Business Development Associate,Masters,49237,0,Delhi,5,Yes,3,4,5,3,55,9,18,14,22,3,4,No,Not Provided,17-08-2021,mbhargava@chaudhuri.com,9277729011,6
EMP00172,Himmat Kant,38,Male,Marketing,Marketing Manager,Diploma,149857,17,Chennai,12,Yes,4,5,3,2,64,1,6,5,4,5,4,No,Not Provided,19-08-2024,skothari@ram.info,5362603018,7
EMP00173,Anaya Gole,30,Male,Customer Support,Customer Success Manager,Diploma,114620,2,Pune,37,Yes,3,1,3,5,58,3,17,15,24,4,4,No,Not Provided,06-11-2020,shethzaina@yahoo.com,6194548272,11
EMP00174,Jhanvi Bahl,49,Other,Marketing,SEO Specialist,MBA,35953,27,Mumbai,32,Yes,5,4,1,3,26,7,6,5,8,2,5,No,Not Provided,21-02-2019,hloke@sem.info,6296982079,7
EMP00175,Parinaaz Chokshi,60,Male,Customer Support,Support Executive,Masters,59486,40,Noida,17,Yes,3,5,5,3,21,0,4,10,23,3,3,No,Not Provided,27-05-2018,yuvaan74@sachar.com,6503533349,6
EMP00176,Keya Devan,44,Other,HR,HR Manager,Bachelors,89126,15,Delhi,18,No,4,2,3,3,19,6,11,1,3,5,2,No,Not Provided,15-10-2016,stuvan78@hotmail.com,4114537245,8
EMP00177,Hridaan Vyas,36,Female,Sales,Sales Executive,Masters,170647,16,Noida,24,No,2,4,3,4,77,4,14,13,6,5,2,No,Not Provided,05-12-2022,vivaankorpal@bhagat.biz,4475944296,8
EMP00178,Elakshi Vora,42,Other,Marketing,Marketing Manager,Bachelors,79289,12,Bangalore,30,No,1,2,2,3,9,2,15,12,20,3,2,No,Not Provided,15-04-2020,bhandarimamooty@doctor.net,6898214842,11
EMP00179,Aniruddh Rajan,55,Male,Finance,Accountant,Diploma,84574,28,Hyderabad,18,No,5,5,4,3,27,0,24,7,0,2,5,No,Not Provided,14-12-2022,ramarati@chatterjee-bhatnagar.com,3283158400,0
EMP00180,Zaina Bhandari,57,Male,Sales,Sales Executive,MBA,57743,33,Bangalore,2,No,5,1,2,3,33,0,2,14,25,4,5,No,Not Provided,01-02-2022,qghosh@hotmail.com,4123386088,12
EMP00181,Vidur Sidhu,40,Other,Sales,Sales Manager,Diploma,125296,19,Mumbai,20,No,3,1,3,1,36,6,19,1,22,3,4,No,Not Provided,03-07-2019,anyavirk@hotmail.com,8536805349,7
EMP00182,Heer Sandhu,41,Other,IT,Data Analyst,Masters,78054,15,Noida,10,No,2,2,4,1,34,5,25,4,21,4,1,Yes,"Poor Work Life Balance, Low Job Satisfaction, Manager Issues",14-07-2023,bajajshalv@sachar.info,4082856201,13
EMP00183,Amira Batta,44,Female,HR,HR Manager,MBA,70353,18,Pune,39,Yes,3,1,5,4,57,0,9,8,19,3,1,No,Not Provided,04-03-2020,karipriyansh@golla-dasgupta.com,7000690982,6
EMP00184,Yasmin Sanghvi,26,Male,Marketing,SEO Specialist,Diploma,102116,0,Bangalore,12,Yes,5,3,3,5,52,4,12,6,5,3,3,No,Not Provided,24-10-2020,zainasinghal@hotmail.com,2751671127,2
EMP00185,Hridaan Krishna,48,Other,Finance,System Admin,Diploma,173824,26,Chennai,17,No,1,1,5,4,73,2,6,9,25,5,1,No,Not Provided,23-11-2019,gatikgarde@grewal-bail.net,5105908231,9
EMP00186,Akarsh Dalal,52,Other,Customer Support,Customer Success Manager,Diploma,122564,27,Mumbai,10,Yes,4,5,5,2,49,9,18,14,12,3,5,No,Not Provided,06-07-2018,tiya46@yahoo.com,2254802885,8
EMP00187,Riaan Varghese,39,Other,HR,HR Manager,MBA,179695,14,Chennai,24,Yes,4,2,4,5,34,3,21,12,9,5,3,No,Not Provided,03-06-2020,nkonda@yahoo.com,7777579174,10
EMP00188,Dhanush Gour,44,Other,Not assigned,BI Developer,Bachelors,78449,24,Kolkata,25,No,1,3,4,2,35,0,3,11,17,2,3,No,Not Provided,15-02-2018,nbahri@bansal-madan.biz,6471156998,10
EMP00189,Shlok Ahuja,54,Other,Finance,Financial Analyst,Masters,118762,30,Chennai,26,Yes,3,5,1,4,65,6,12,11,16,3,3,No,Not Provided,18-05-2022,lsant@chhabra-lall.net,3906750025,9
EMP00190,Nirvaan Sabharwal,50,Male,IT,Software Engineer,Bachelors,128329,22,Bangalore,15,Yes,3,5,3,5,68,0,9,10,15,4,5,No,Not Provided,16-10-2018,zdalal@hotmail.com,2390663152,7
EMP00191,Lagan Khalsa,24,Male,Customer Support,Support Executive,Masters,130133,0,Mumbai,17,Yes,5,5,3,1,74,5,0,11,9,1,1,No,Not Provided,17-03-2026,routbhavin@bobal.com,2445827215,10
EMP00193,Kabir Goswami,35,Male,HR,HR Executive,MBA,32663,9,Noida,24,Yes,2,1,3,3,74,4,12,15,13,2,4,No,Not Provided,09-08-2019,ahluwaliaprisha@iyengar-varma.com,6616774814,10
EMP00194,Hrishita Dube,49,Other,Sales,Sales Manager,Diploma,155616,20,Noida,10,No,3,3,2,4,4,1,16,1,15,3,3,No,Not Provided,09-02-2021,nirvi23@gmail.com,2770003110,2
EMP00195,Mishti Ramanathan,40,Female,HR,Recruiter,Diploma,151257,16,Mumbai,38,No,5,3,3,5,50,2,5,11,2,2,3,No,Not Provided,06-12-2025,swable@bansal.com,4985128598,5
EMP00196,Samarth Rout,60,Female,Finance,Accountant,Bachelors,176107,36,Bangalore,37,Yes,5,3,1,4,17,0,3,7,2,4,1,No,Not Provided,05-04-2025,jivin65@yahoo.com,3135719689,10
EMP00197,Kimaya Tandon,25,Other,HR,Recruiter,Bachelors,116082,2,Hyderabad,37,Yes,2,3,4,2,20,0,8,14,22,1,3,No,Not Provided,01-10-2019,eshanibahl@hotmail.com,9722984915,10
EMP00198,Umang Dalal,24,Other,IT,Software Engineer,Bachelors,25422,0,Pune,3,Yes,4,5,1,1,14,2,13,2,20,4,1,No,Not Provided,31-03-2025,rameshzara@gmail.com,4584665965,9
EMP00199,Dhanuk Gaba,45,Male,HR,HR Executive,Diploma,130187,23,Hyderabad,27,No,7,4,3,5,77,9,16,6,3,1,4,No,Not Provided,26-08-2018,ishitadyal@yahoo.com,7774157880,3
EMP00200,Shlok Lala,36,Female,Customer Support,Support Executive,Bachelors,176540,13,Mumbai,36,Yes,3,3,2,5,72,9,12,4,5,4,3,No,Not Provided,26-07-2025,hmannan@dixit.com,5303299894,10
EMP00201,Mishti Bhandari,34,Female,Finance,Recruiter,Masters,124966,10,Delhi,38,Yes,2,2,5,4,70,8,10,13,15,1,3,Yes,"Poor Work Life Balance, Overtime, Low Job Satisfaction",16-10-2017,doramehul@yahoo.com,9507616392,13
EMP00202,Yakshit Deo,32,Other,Marketing,Marketing Manager,Diploma,165869,12,Chennai,14,No,5,4,2,5,2,4,11,3,24,3,3,No,Not Provided,21-01-2026,yohannanonkar@varghese.com,1928781437,2
EMP00203,Parinaaz Singhal,28,Female,HR,HR Manager,MBA,63541,0,Mumbai,30,Yes,5,5,1,3,53,6,15,7,14,1,1,No,Not Provided,17-07-2016,hayrezeeshan@madan.biz,2826678531,7
EMP00204,Reyansh Bhavsar,35,Male,Customer Support,Customer Success Manager,MBA,167742,15,Pune,8,No,4,1,2,4,24,9,18,10,14,3,3,No,Not Provided,13-01-2022,navyaagrawal@gmail.com,8006709251,9
EMP00205,Uthkarsh Bava,49,Female,HR,Recruiter,Bachelors,100772,28,Pune,34,No,1,5,5,1,63,10,17,7,24,5,1,No,Not Provided,08-04-2019,kanav56@hotmail.com,5242937779,11
EMP00206,Lakshit Wason,47,Male,Finance,Accountant,Diploma,29507,19,Delhi,18,No,4,3,3,3,24,8,0,12,3,2,1,No,Not Provided,19-08-2018,lraja@gmail.com,4564810564,6
EMP00207,Sara Mall,43,Male,IT,BI Developer,Bachelors,27232,17,Bangalore,13,Yes,5,1,1,3,55,0,13,9,5,1,4,No,Not Provided,08-02-2019,yakshitsane@gmail.com,9426985201,7
EMP00208,Umang Chauhan,39,Female,Sales,Sales Executive,Bachelors,120514,19,Kolkata,17,Yes,4,4,2,1,7,0,25,13,9,3,4,No,Not Provided,14-12-2023,samiha54@gmail.com,126714638,8
EMP00209,Ira Som,36,Female,Customer Support,Support Executive,Masters,34031,14,Kolkata,37,No,5,5,4,1,74,2,13,13,1,2,5,No,Not Provided,13-07-2018,rattanadah@gola.com,2900838164,5
EMP00210,Vidur Rattan,26,Female,HR,HR Executive,Bachelors,46030,0,Noida,31,No,1,4,3,2,40,4,15,13,8,2,5,No,Not Provided,28-04-2024,lkannan@gmail.com,6047011557,8
EMP00211,Hazel Chanda,59,Female,Customer Support,Customer Success Manager,MBA,114885,35,Pune,14,No,5,2,2,4,20,1,21,10,20,2,1,No,Not Provided,18-12-2023,ybaria@gmail.com,2050363060,7
EMP00212,Anay Gulati,29,Other,Sales,Sales Executive,MBA,78380,3,Mumbai,11,Yes,2,4,5,2,9,9,23,2,12,2,1,No,Not Provided,24-01-2023,anahikant@sibal.com,1998582559,9
EMP00213,Arhaan Sandal,27,Male,IT,Data Analyst,Diploma,68022,7,Bangalore,17,Yes,2,2,3,2,39,2,10,11,3,3,5,No,Not Provided,28-12-2017,sundaramtara@hotmail.com,155201251,12
EMP00214,Ishita Dua,53,Other,Sales,Business Development Associate,MBA,42199,27,Hyderabad,16,No,1,2,4,1,11,2,19,12,7,2,2,No,Not Provided,05-02-2021,badalkaul@hotmail.com,8229589242,10
EMP00215,Prerak Baria,50,Male,Sales,Business Development Associate,Diploma,92416,27,Kolkata,8,No,1,4,1,4,12,9,8,8,23,2,2,No,Not Provided,18-09-2017,inaaya-gola@gmail.com,2810106688,7
EMP00216,Rania Chowdhury,43,Female,Marketing,SEO Specialist,Bachelors,66688,17,Bangalore,29,Yes,5,2,5,5,72,0,20,11,9,3,2,No,Not Provided,06-09-2016,zaina81@gala-sachdeva.org,5288181071,8
EMP00217,Bhavin Dada,39,Female,Finance,Accountant,Bachelors,77978,14,Mumbai,13,Yes,2,5,3,1,72,2,17,10,23,2,1,No,Not Provided,17-11-2019,vmall@gmail.com,2231523972,9
EMP00218,Gatik Chhabra,30,Other,Marketing,SEO Specialist,Diploma,36639,4,Hyderabad,9,Yes,4,5,2,4,9,4,12,9,16,3,4,No,Not Provided,26-08-2024,ychaudry@toor.com,2013858948,4
EMP00219,Farhan Saini,22,Other,Sales,Sales Executive,Bachelors,90098,0,Mumbai,10,No,2,1,4,1,20,5,19,11,3,3,3,No,Not Provided,02-02-2023,madhupdoctor@verma.com,2725760037,12
EMP00220,Drishya Saini,55,Female,Operations,Supply Chain Analyst,MBA,53212,34,Hyderabad,12,No,5,2,1,1,30,4,23,8,25,2,3,No,Not Provided,13-12-2022,kimaya38@yahoo.com,1271669458,7
EMP00221,Dhanush Kala,43,Other,Customer Support,Customer Success Manager,Diploma,136682,19,Noida,19,No,1,2,4,3,32,7,8,15,2,2,4,No,Not Provided,08-06-2022,dhanukravi@kanda.org,7053023726,10
EMP00222,Anaya Sethi,53,Female,Customer Support,Customer Success Manager,Bachelors,76891,26,Mumbai,3,No,2,3,5,1,53,4,24,11,17,4,4,No,Not Provided,11-11-2020,vvala@gmail.com,4459559027,10
EMP00223,Samiha Ramaswamy,42,Female,Sales,Sales Executive,Diploma,178479,16,Noida,22,No,2,1,4,3,35,6,8,1,15,5,2,No,Not Provided,11-01-2019,vedika53@yahoo.com,4970248454,11
EMP00224,Yuvraj  Bhatt,47,Other,Not assigned,HR Manager,Masters,139887,19,Hyderabad,3,Yes,1,4,1,3,37,0,1,12,16,5,5,Yes,"Poor Work Life Balance, Overtime, High Stress",16-08-2024,ikant@sawhney.com,7507693017,14
EMP00225,Purab Chokshi,44,Other,Marketing,Content Strategist,Diploma,47506,19,Delhi,24,Yes,4,4,5,2,70,6,19,6,8,4,5,No,Not Provided,16-06-2025,tarandave@gmail.com,8331387877,9
EMP00226,Damini Sampath,45,Female,Finance,Financial Analyst,MBA,105399,19,Delhi,37,No,2,5,5,1,69,9,2,8,12,1,3,No,Not Provided,07-08-2024,shayak79@char.org,1310112650,10
EMP00227,Adira Bobal,51,Male,Operations,Supply Chain Analyst,Diploma,68512,21,Noida,18,No,3,2,5,5,78,1,9,15,18,4,4,No,Not Provided,05-05-2021,bhaminisidhu@gmail.com,8720911892,8
EMP00228,Krish Doctor,41,Male,Sales,Sales Executive,MBA,128612,13,Noida,27,Yes,1,2,1,4,3,3,10,12,0,3,3,Yes,"Poor Work Life Balance, Overtime, Low Job Satisfaction",27-02-2025,zoya92@anne.org,5693232958,13
EMP00229,Gatik Raval,32,Male,Sales,Business Development Associate,MBA,145585,2,Kolkata,28,No,3,2,4,1,29,10,1,3,16,4,1,Yes,"Low Job Satisfaction, Manager Issues, High Stress",12-09-2022,jayantdasgupta@gmail.com,124623392,13
EMP00230,Ritvik Dua,46,Male,Customer Support,Customer Success Manager,Masters,135664,16,Noida,23,No,4,3,1,3,0,6,18,14,2,5,5,No,Not Provided,28-05-2017,lsrinivasan@yahoo.com,6936305489,9
EMP00231,Zain Rastogi,30,Female,HR,Recruiter,Diploma,129992,3,Kolkata,34,No,4,4,3,5,75,2,14,8,24,5,3,No,Not Provided,10-01-2017,tiya50@rama.com,7428144171,4
EMP00232,Madhav Koshy,51,Female,Customer Support,Customer Success Manager,MBA,112295,31,Noida,10,Yes,3,5,2,5,62,0,23,9,3,5,5,No,Not Provided,09-09-2020,kannankrish@gmail.com,556540639,7
EMP00233,Dhruv Samra,22,Other,Customer Support,Customer Success Manager,Diploma,86012,0,Chennai,23,Yes,2,3,1,1,46,9,17,11,8,4,5,Yes,"Poor Work Life Balance, Overtime, Manager Issues",03-02-2026,hiran08@gmail.com,5264564642,16
EMP00234,Tiya Biswas,44,Other,Finance,Accountant,MBA,111192,15,Mumbai,17,No,1,2,1,3,52,3,20,10,16,2,3,No,Not Provided,08-09-2023,kabirvarghese@hotmail.com,1103035277,10
EMP00235,Zoya Wadhwa,26,Male,Marketing,Marketing Manager,Diploma,109551,2,Pune,17,Yes,4,3,1,5,65,6,13,9,22,4,4,No,Not Provided,01-10-2016,duanavya@yahoo.com,7336136471,9
EMP00236,Miraya Arya,44,Other,IT,Data Analyst,Diploma,27637,20,Pune,11,Yes,3,3,2,2,14,5,21,13,6,4,1,Yes,"Overtime, Manager Issues, High Stress",08-06-2025,wupadhyay@gmail.com,3679938835,13
EMP00237,Kiaan Bhatnagar,45,Other,Sales,Sales Manager,MBA,102614,16,Chennai,34,No,1,4,5,4,29,7,20,8,0,3,3,No,Not Provided,21-05-2022,baijukrishna@hotmail.com,7379972266,6
EMP00238,Rati Bora,43,Other,Marketing,Content Strategist,Bachelors,73444,15,Pune,17,Yes,5,3,1,4,76,5,5,8,7,3,2,No,Not Provided,10-02-2020,samraadira@chawla-raval.com,3900673479,8
EMP00239,Charvi Sehgal,55,Female,Customer Support,Support Executive,Bachelors,161299,34,Pune,2,Yes,1,3,4,1,48,2,2,5,23,2,2,No,Not Provided,13-08-2022,subramaniamaayush@yahoo.com,9610631876,9
EMP00240,Amani Mand,40,Female,Finance,Financial Analyst,MBA,36852,19,Bangalore,10,Yes,3,5,5,5,51,8,25,14,6,1,5,No,Not Provided,02-11-2023,ishaanraval@hotmail.com,3798972498,6
EMP00241,Yuvaan Krishnamurthy,44,Male,Operations,Operations Executive,Masters,94616,20,Noida,28,Yes,2,4,1,4,36,5,24,4,14,3,5,No,Not Provided,10-02-2022,purab06@yahoo.com,9221294901,10
EMP00242,Dhruv Chadha,27,Other,Customer Support,Support Executive,MBA,179490,0,Chennai,30,Yes,4,4,2,4,40,5,0,7,17,3,5,No,Not Provided,04-04-2021,chadhahridaan@korpal.com,276477340,9
EMP00243,Lagan Sagar,41,Male,Operations,Operations Executive,Diploma,64198,19,Delhi,26,Yes,5,5,4,2,76,6,23,2,21,1,3,No,Not Provided,02-07-2024,indrajitwason@wagle-rau.com,1506549154,7
EMP00244,Nitya Kothari,21,Male,Sales,Business Development Associate,MBA,122895,0,Mumbai,11,Yes,1,5,1,4,73,10,24,5,3,5,5,No,Not Provided,20-06-2025,aroraoorja@hotmail.com,1056509157,12
EMP00245,Aayush Barman,33,Female,Sales,Business Development Associate,MBA,120491,10,Delhi,40,Yes,3,5,1,3,1,9,15,11,0,1,3,No,Not Provided,12-08-2023,kimayacheema@chanda.com,9998373919,9
EMP00246,Emir Buch,57,Other,Finance,Finance Manager,Diploma,77441,32,Mumbai,16,No,3,4,4,3,64,8,22,5,23,3,1,No,Not Provided,10-09-2016,shamikmagar@krishnamurthy.com,818906194,2
EMP00247,Azad Suri,30,Male,Customer Support,Customer Success Manager,MBA,105882,1,Delhi,39,Yes,4,4,1,2,65,6,24,15,18,3,4,No,Not Provided,05-04-2025,sarmagokul@hotmail.com,2948817923,11
EMP00248,Indrajit Suri,43,Male,Marketing,Marketing Manager,Diploma,48099,20,Bangalore,28,No,5,5,4,5,17,6,6,11,24,4,1,No,Not Provided,31-08-2024,deshpandesamarth@dave.org,1162032738,8
EMP00249,Hazel Wason,41,Male,Marketing,Marketing Manager,Diploma,164801,19,Mumbai,39,Yes,4,2,5,1,20,2,9,8,12,4,3,No,Not Provided,28-02-2024,tdora@gmail.com,6070241394,11
EMP00250,Krish Mangal,37,Female,Customer Support,Support Executive,Masters,49906,9,Bangalore,26,No,2,5,4,4,51,0,24,14,9,3,5,No,Not Provided,24-09-2018,aniruddh82@johal.com,7043084623,6
EMP00251,Prisha Bahl,55,Female,Operations,Supply Chain Analyst,Bachelors,59537,29,Chennai,14,Yes,1,1,2,5,57,9,2,3,21,2,1,Yes,"Poor Work Life Balance, Overtime, Low Job Satisfaction",23-11-2020,rkoshy@gmail.com,1224711849,14
EMP00252,Saira Borra,50,Other,Operations,Supply Chain Analyst,Diploma,65888,30,Bangalore,21,Yes,3,5,3,4,61,10,13,12,15,5,4,No,Not Provided,09-03-2026,tiya71@hotmail.com,6070407384,9
EMP00253,Dharmajan Tank,34,Male,IT,BI Developer,MBA,123372,14,Mumbai,13,No,2,5,4,2,35,2,15,10,0,5,3,No,Not Provided,19-07-2020,jayaramankaira@hotmail.com,4026363849,10
EMP00254,Badal Chopra,40,Other,Sales,Sales Executive,MBA,88525,14,Pune,28,Yes,2,1,2,5,48,9,17,7,4,1,4,Yes,"Poor Work Life Balance, Overtime, Low Job Satisfaction",10-03-2022,zachariasiya@sahota-chandran.com,4067434095,13
EMP00255,Aayush Srivastava,26,Other,Finance,Customer Success Manager,Masters,31575,5,Bangalore,15,Yes,4,5,4,5,49,5,14,12,17,3,3,No,Not Provided,01-10-2025,lavanyasawhney@gmail.com,4077330095,6
EMP00256,Adira Gopal,56,Male,Customer Support,Support Executive,MBA,151068,36,Hyderabad,5,No,2,2,1,3,48,4,22,5,8,3,4,No,Not Provided,30-03-2025,irabhardwaj@ahuja.com,7947427715,8
EMP00257,Nitara Varghese,33,Male,Sales,Sales Manager,Bachelors,43632,13,Noida,40,Yes,5,3,4,5,12,5,15,2,17,4,3,No,Not Provided,03-09-2021,riaan08@dara.com,8882815883,8
EMP00258,Indrajit Kanda,41,Female,Finance,Financial Analyst,MBA,102958.1975,14,Chennai,35,Yes,3,2,3,2,66,4,11,14,10,2,1,No,Not Provided,24-08-2017,ranbirtoor@yahoo.com,7744652135,10
EMP00259,Parinaaz Sarna,29,Female,Marketing,SEO Specialist,Masters,168258,0,Noida,40,Yes,2,5,1,2,19,4,19,13,18,1,5,No,Not Provided,17-09-2017,prishabhatnagar@hotmail.com,8066353613,12
EMP00260,Hunar Garg,28,Male,Marketing,Content Strategist,MBA,96498,8,Chennai,2,No,5,5,2,5,59,1,5,3,3,4,4,No,Not Provided,13-01-2023,sibalmiraya@dhaliwal-shanker.com,9548213897,7
EMP00261,Vaibhav Hari,46,Other,Sales,Sales Executive,Masters,174835,25,Hyderabad,1,Yes,3,1,5,3,61,8,1,2,4,5,2,No,Not Provided,29-12-2018,zeeshan58@gmail.com,8874276905,12
EMP00262,Onkar Kannan,21,Female,Marketing,SEO Specialist,Bachelors,34922,0,Kolkata,30,No,7,3,5,1,37,5,25,3,3,3,3,No,Not Provided,06-12-2021,ritvik59@yahoo.com,2730016901,5
EMP00263,Tejas Khalsa,26,Other,HR,HR Executive,Diploma,101884,0,Hyderabad,32,Yes,1,1,2,1,34,4,1,11,14,2,4,Yes,"Poor Work Life Balance, Overtime, Low Job Satisfaction",23-05-2024,drishyakrishnan@grewal.com,4792781890,17
EMP00264,Damini Gara,46,Male,IT,System Admin,MBA,57136,19,Pune,34,No,2,1,1,1,14,7,11,14,19,3,5,Yes,"Poor Work Life Balance, Low Job Satisfaction, Manager Issues",13-08-2016,vanand@bava.info,6096612679,15
EMP00265,Neelofar Tak,30,Female,HR,Recruiter,Diploma,90503,2,Bangalore,16,Yes,2,5,3,2,10,9,4,3,3,3,1,No,Not Provided,14-09-2020,zeeshan86@yahoo.com,9854102016,11
EMP00266,Armaan Borah,25,Other,Operations,Supply Chain Analyst,Masters,34356,0,Hyderabad,34,Yes,5,3,4,3,57,9,16,11,23,1,1,No,Not Provided,01-11-2023,xjaggi@gmail.com,2343439480,7
EMP00267,Adah Sharma,47,Female,Sales,Business Development Associate,MBA,44624,27,Pune,34,Yes,5,3,3,3,44,4,13,4,20,5,3,No,Not Provided,26-10-2020,shereyakshit@bhavsar-ramachandran.com,723094319,6
EMP00268,Rhea Deo,50,Female,Customer Support,Support Executive,Masters,73493,27,Mumbai,23,No,4,4,5,5,51,10,0,11,5,4,5,No,Not Provided,01-05-2019,ibedi@sunder.com,916671134,9
EMP00269,Diya Sehgal,25,Female,Customer Support,Support Executive,Diploma,79081,1,Bangalore,6,No,7,5,4,1,77,2,4,9,15,1,4,No,Not Provided,16-05-2024,veerraman@dalal.info,5866246000,4
EMP00270,Renee Khalsa,56,Male,Customer Support,Customer Success Manager,Masters,42134,35,Kolkata,24,No,3,3,5,1,10,3,18,6,5,1,3,No,Not Provided,12-06-2018,riaansachdev@hotmail.com,5491924018,2
EMP00271,Neelofar Madan,50,Male,HR,Recruiter,MBA,173525,20,Pune,10,Yes,2,2,1,1,3,10,4,14,9,3,3,Yes,"Poor Work Life Balance, Overtime, Low Job Satisfaction",18-09-2025,kabir44@krishnan.com,7398563161,18
EMP00272,Saanvi Rao,45,Male,Finance,Finance Manager,Bachelors,129090,18,Mumbai,28,No,1,2,1,3,20,5,0,4,9,2,1,Yes,"Poor Work Life Balance, Low Job Satisfaction, No Promotion",26-01-2023,rattikeya@gmail.com,2105689737,13
EMP00273,Vaibhav Sanghvi,58,Other,IT,Data Analyst,Masters,79676,28,Kolkata,9,No,1,4,1,3,47,2,8,12,0,1,5,No,Not Provided,27-10-2021,divyanshsethi@walla.com,2593041799,7
EMP00274,Mehul Srivastava,60,Other,Customer Support,Customer Success Manager,Masters,168806,34,Kolkata,6,No,1,3,2,1,27,0,6,11,11,2,3,No,Not Provided,05-01-2025,rvirk@saini-dhillon.net,237521880,9
EMP00275,Bhavin Soman,58,Other,Sales,Sales Executive,Masters,161707,31,Mumbai,12,Yes,2,2,1,4,45,8,13,1,21,3,4,No,Not Provided,30-04-2018,darshitsoni@hotmail.com,3132061837,12
EMP00276,Vaibhav Chaudhary,39,Other,HR,HR Manager,Bachelors,37326,11,Bangalore,13,Yes,3,3,5,5,56,5,23,6,4,1,5,No,Not Provided,03-10-2018,nakul27@ramachandran.com,3986153023,4
EMP00277,Piya Saxena,42,Male,Finance,Finance Manager,Diploma,129677,12,Delhi,24,No,3,5,1,2,64,5,18,1,5,5,5,No,Not Provided,25-11-2023,azaddave@hotmail.com,894834143,9
EMP00278,Adira Gola,32,Female,Operations,Supply Chain Analyst,Diploma,36383,3,Bangalore,18,Yes,5,4,5,5,69,5,23,5,3,5,3,No,Not Provided,28-05-2024,issacdhanush@kaul.com,3253665631,7
EMP00279,Eshani Boase,58,Other,Finance,Financial Analyst,Bachelors,105423,34,Chennai,23,Yes,2,5,2,3,75,5,9,11,18,2,2,No,Not Provided,17-11-2021,qkarnik@hotmail.com,2631951584,11
EMP00280,Tanya Kaul,44,Other,IT,Software Engineer,MBA,151825,24,Hyderabad,14,No,2,3,5,4,63,2,6,13,11,3,5,No,Not Provided,29-10-2020,aarav07@hotmail.com,2844961332,5
EMP00281,Advik Sekhon,29,Female,Finance,Accountant,Diploma,36719,2,Pune,30,No,5,3,1,4,24,8,16,10,0,1,4,No,Not Provided,30-01-2025,neelofarkorpal@gmail.com,1663771314,7
EMP00282,Mamooty Badami,43,Female,Customer Support,Support Executive,Diploma,152757,22,Chennai,13,Yes,2,5,2,3,60,5,7,10,18,2,5,No,Not Provided,06-12-2019,yramanathan@kunda.com,4385706164,11
EMP00283,Indrans Kaul,25,Other,Marketing,Marketing Manager,Diploma,174048,4,Pune,11,Yes,3,2,1,2,36,7,13,9,20,3,3,No,Not Provided,14-07-2016,avarghese@gmail.com,6305300181,11
EMP00284,Badal Sama,40,Female,Finance,Accountant,Bachelors,95949,18,Pune,37,No,1,4,3,3,72,10,1,6,2,3,3,No,Not Provided,29-12-2019,hchakrabarti@lala-biswas.biz,9256761421,8
EMP00285,Anahita Dyal,24,Other,Finance,Finance Manager,Diploma,28085,0,Hyderabad,32,Yes,1,5,4,3,31,3,3,15,3,4,5,Yes,"Poor Work Life Balance, Overtime, High Stress",30-01-2019,otiwari@bath-edwin.com,1201071047,13
EMP00286,Yasmin Kara,58,Female,IT,BI Developer,Masters,145130,35,Kolkata,31,Yes,3,1,4,3,6,3,1,2,5,5,3,No,Not Provided,06-06-2019,raghav48@raval-behl.com,4199967765,11
EMP00287,Aniruddh Chaudry,59,Male,Customer Support,Support Executive,Bachelors,81304,39,Mumbai,7,No,5,4,3,1,65,5,4,11,5,4,5,No,Not Provided,08-06-2018,ochopra@chana.biz,3124754723,11
EMP00288,Mamooty Walla,54,Male,Operations,Operations Executive,MBA,118504,29,Delhi,2,No,2,3,5,2,8,5,19,3,1,4,1,No,Not Provided,19-11-2020,advikabhavsar@thaker.info,2623177785,10
EMP00289,Khushi Singhal,35,Male,Marketing,Content Strategist,MBA,104322,10,Noida,12,Yes,1,5,2,1,0,4,9,12,12,4,1,Yes,"Poor Work Life Balance, Overtime, Manager Issues",23-11-2018,jivin63@gmail.com,1797273438,14
EMP00290,Jiya Karan,52,Male,IT,Software Engineer,Bachelors,79398,29,Noida,40,No,2,1,5,5,61,4,6,15,18,1,3,No,Not Provided,03-02-2022,mahika67@yahoo.com,8034473565,9
EMP00291,Alia Sarin,26,Female,Marketing,SEO Specialist,Bachelors,107591,1,Chennai,4,No,2,1,2,5,72,0,24,6,11,5,4,No,Not Provided,20-11-2016,kacharya@yahoo.com,6840418608,11
EMP00292,Khushi Chand,24,Other,IT,Data Analyst,Bachelors,162690,0,Bangalore,39,No,3,1,2,3,14,7,1,11,25,2,4,No,Not Provided,30-04-2025,umang25@chakrabarti.com,9142814775,12
EMP00293,Dharmajan Date,36,Female,Sales,Business Development Associate,Masters,116763,16,Chennai,24,Yes,5,3,4,5,60,9,19,9,17,5,2,No,Not Provided,25-05-2016,aaryahishenoy@gmail.com,1085434844,7
EMP00294,Tiya Chaudry,42,Female,Operations,Supply Chain Analyst,Bachelors,100194,12,Noida,16,Yes,1,4,5,3,22,6,11,15,21,2,5,No,Not Provided,22-09-2018,waglenitara@hotmail.com,4315220247,9
EMP00295,Vidur Banerjee,35,Male,Customer Support,Customer Success Manager,MBA,26654,7,Kolkata,38,No,1,5,1,5,28,0,3,8,3,1,5,No,Not Provided,09-08-2023,nakulthaman@lad.com,7580812264,8
EMP00296,Nitara Divan,51,Male,Finance,Finance Manager,MBA,44812,31,Noida,13,No,3,4,3,5,11,10,22,15,10,5,5,No,Not Provided,28-01-2025,btank@luthra.com,6033722297,7
EMP00297,Ehsaan Krish,46,Female,Sales,Sales Executive,Masters,166538,25,Mumbai,25,Yes,1,4,3,5,68,2,19,9,13,5,3,No,Not Provided,23-06-2020,deyumang@gmail.com,7139801671,9
EMP00298,Kashvi Gola,46,Male,IT,Data Analyst,MBA,120562,22,Noida,13,Yes,5,5,1,2,59,3,10,14,23,3,5,No,Not Provided,19-02-2021,bhattacharyyainaaya@barman-comar.org,4936067106,8
EMP00299,Baiju Wable,45,Male,Operations,Supply Chain Analyst,Masters,179337,15,Noida,5,Yes,3,3,2,2,13,10,0,2,22,2,5,No,Not Provided,26-10-2019,shalv68@lala.biz,7281914632,10
EMP00300,Riaan Dewan,28,Male,IT,Data Analyst,Diploma,36700,0,Bangalore,8,Yes,4,5,4,5,53,5,17,15,6,4,2,No,Not Provided,29-07-2024,taimur63@gmail.com,9527458080,9
EMP00301,Jhanvi Barad,30,Female,Finance,Financial Analyst,MBA,53681,0,Delhi,40,Yes,3,2,3,4,71,9,3,12,5,1,1,No,Not Provided,06-11-2025,chahaldharmajan@gandhi.com,8700357349,12
EMP00302,Shanaya Sengupta,36,Male,Sales,Sales Manager,MBA,161941,15,Mumbai,33,Yes,3,1,2,3,71,7,8,6,13,5,2,Yes,"Overtime, Low Job Satisfaction, High Stress",22-11-2022,kgarde@gmail.com,7750200082,13
EMP00303,Jayesh Gaba,36,Male,Sales,Sales Manager,Masters,154995,10,Noida,24,Yes,1,1,1,4,41,7,23,15,7,5,2,Yes,"Poor Work Life Balance, Overtime, Low Job Satisfaction",15-12-2016,thakkarkrish@yahoo.com,4237343037,17
EMP00304,Hunar Tripathi,34,Male,HR,HR Executive,MBA,143820,7,Kolkata,33,Yes,5,3,5,1,21,5,14,8,22,2,1,No,Not Provided,18-07-2023,jgulati@hotmail.com,8987740908,7
EMP00305,Shalv Kamdar,38,Male,Finance,Financial Analyst,Diploma,34334,11,Bangalore,28,Yes,4,3,1,1,39,3,8,1,24,3,5,No,Not Provided,17-08-2018,saneurvi@thakkar-ghosh.org,8948358330,7
EMP00306,Gokul Dass,37,Other,Finance,Financial Analyst,MBA,97942,10,Noida,19,No,1,2,2,1,21,8,0,9,9,1,2,Yes,"Poor Work Life Balance, Low Job Satisfaction, Manager Issues",24-08-2023,mkumer@hotmail.com,404930759,14
EMP00307,Khushi Sandhu,39,Female,Customer Support,Customer Success Manager,Diploma,26507,16,Pune,28,No,4,5,5,1,22,5,24,13,10,1,4,No,Not Provided,17-02-2025,daliahrishita@walla-sodhi.biz,1030113903,7
EMP00308,Emir Kapoor,51,Male,Marketing,Content Strategist,Diploma,38700,31,Hyderabad,20,No,5,5,5,2,38,5,24,9,4,1,4,No,Not Provided,30-11-2024,wasonpihu@hotmail.com,5330103139,4
EMP00309,Dhruv Mallick,35,Other,Customer Support,Customer Success Manager,Diploma,78914,11,Hyderabad,10,Yes,2,1,1,3,68,9,3,13,8,1,3,Yes,"Poor Work Life Balance, Overtime, Low Job Satisfaction",25-11-2019,hayretarini@chaudhary.com,8474954419,16
EMP00310,Trisha Soman,44,Male,Marketing,Content Strategist,Diploma,93323,20,Pune,10,No,3,1,5,3,62,0,23,1,1,1,2,No,Not Provided,25-09-2021,senvivaan@hotmail.com,8300856899,3
EMP00311,Amira Char,41,Other,Customer Support,Support Executive,Masters,31458,18,Mumbai,16,Yes,4,2,4,1,38,3,4,10,12,5,3,Yes,"Overtime, Low Job Satisfaction, Manager Issues",30-11-2021,khushishah@yahoo.com,1559259023,14
EMP00312,Mishti Singhal,29,Other,Finance,Finance Manager,Masters,158222,5,Kolkata,18,Yes,1,4,5,1,8,5,13,2,1,2,4,No,Not Provided,25-02-2018,sairasagar@ram.com,9142308154,9
EMP00313,Mahika Chaudhuri,33,Male,Sales,Sales Manager,Masters,101819,6,Pune,7,Yes,2,5,2,1,21,8,8,6,21,1,1,No,Not Provided,08-02-2019,krishnadivyansh@sha-wable.com,9544491848,11
EMP00314,Vritika Vasa,37,Male,IT,Software Engineer,Diploma,163794,9,Mumbai,27,Yes,4,4,2,1,36,4,9,1,11,4,4,No,Not Provided,26-08-2017,kandadiya@yahoo.com,1614282804,10
EMP00315,Anika Samra,21,Male,Finance,Financial Analyst,Diploma,110882,0,Bangalore,38,No,3,4,3,3,22,8,1,15,17,2,3,No,Not Provided,14-03-2020,charviraja@mallick.com,8712496469,7
EMP00316,Aarush Tailor,43,Female,HR,HR Manager,Bachelors,110054,15,Kolkata,10,Yes,4,5,3,3,74,9,1,3,15,1,1,No,Not Provided,25-11-2024,samar28@yahoo.com,5834467402,6
EMP00317,Mohanlal Raju,30,Other,HR,Recruiter,MBA,129317,5,Kolkata,40,Yes,1,3,2,1,24,5,3,9,19,1,1,Yes,"Poor Work Life Balance, Overtime, Manager Issues",02-08-2018,armaanmahajan@lad-kalla.com,5514979265,14
EMP00318,Samaira Yadav,45,Other,IT,Data Analyst,Diploma,79460,22,Chennai,26,No,5,3,4,5,62,9,12,11,14,3,3,No,Not Provided,13-04-2019,ckrishnan@hotmail.com,6897368593,5
EMP00319,Jivika Yohannan,56,Other,Sales,Sales Executive,Bachelors,63374,35,Hyderabad,19,Yes,3,5,1,2,37,2,15,10,20,4,3,No,Not Provided,21-11-2017,aayush50@khare.com,6971900959,11
EMP00320,Yuvaan Sachar,27,Male,Customer Support,Support Executive,Diploma,40348,6,Delhi,15,Yes,1,3,3,3,69,9,10,9,24,2,4,No,Not Provided,30-11-2022,khatristuvan@dua.com,4518008227,7
EMP00321,Anay Saha,57,Female,Finance,Accountant,Bachelors,125952,31,Bangalore,35,Yes,3,2,1,1,37,4,7,12,4,4,4,Yes,"Overtime, Low Job Satisfaction, Manager Issues",01-09-2022,tiyamane@yahoo.com,8476732347,15
EMP00322,Kavya Dar,42,Other,Sales,Sales Manager,Bachelors,163957,15,Pune,12,Yes,5,4,4,5,75,9,10,4,24,4,3,No,Not Provided,09-09-2017,wdoctor@gmail.com,2799351808,7
EMP00323,Nayantara Karnik,24,Other,Operations,Operations Executive,MBA,146332,0,Noida,5,Yes,4,2,4,3,77,10,13,2,25,1,5,No,Not Provided,30-04-2019,samishalv@jhaveri-sandhu.org,5491064979,7
EMP00324,Suhana Kapoor,35,Female,HR,HR Executive,MBA,100324,11,Kolkata,28,No,2,2,5,1,12,1,23,2,12,3,2,No,Not Provided,23-12-2023,adira31@bhagat-datta.net,9564726495,9
EMP00325,Suhana Sha,42,Male,Operations,Supply Chain Analyst,Masters,141504,12,Pune,32,No,1,5,2,4,2,3,12,10,17,1,2,No,Not Provided,20-08-2021,suhanarattan@deshpande.com,6944176885,8
EMP00326,Aniruddh Goyal,48,Female,Customer Support,Customer Success Manager,Masters,148673,22,Delhi,5,Yes,1,5,5,2,27,8,0,8,25,5,4,Yes,"Poor Work Life Balance, Overtime, Manager Issues",10-04-2020,adahhora@yahoo.com,269719602,14
EMP00327,Tarini Chaudhary,25,Other,Finance,Accountant,Bachelors,111288,0,Pune,10,Yes,2,5,1,5,33,3,1,5,2,1,3,No,Not Provided,06-08-2019,darshit50@thakur.com,2326593273,9
EMP00328,Rhea Krishna,42,Female,Marketing,Marketing Manager,Diploma,44918,19,Noida,33,No,4,2,5,4,53,10,21,9,11,3,1,No,Not Provided,21-06-2017,shamikbatra@kalla.com,4777849265,6
EMP00329,Rasha Sarkar,27,Male,IT,BI Developer,Diploma,87829,4,Bangalore,22,Yes,4,1,5,3,14,5,4,8,16,4,3,No,Not Provided,02-01-2019,drishya99@yahoo.com,6562720418,12
EMP00330,Biju Dhingra,47,Male,Finance,Accountant,MBA,163786,25,Kolkata,9,Yes,2,1,3,5,51,0,15,10,12,5,2,Yes,"Poor Work Life Balance, Overtime, Low Job Satisfaction",22-04-2026,taranreddy@basu-borde.info,120061513,13
EMP00331,Aayush Bassi,39,Male,Marketing,SEO Specialist,Masters,42295,9,Bangalore,37,Yes,5,4,5,4,13,5,3,12,22,5,1,No,Not Provided,07-04-2022,shraybabu@gmail.com,9876464319,12
EMP00332,Sana Wadhwa,43,Male,Operations,Supply Chain Analyst,Bachelors,69596,22,Hyderabad,14,No,4,2,3,4,36,2,2,15,10,1,3,No,Not Provided,26-08-2024,zmalhotra@chaudhary.info,747595807,7
EMP00333,Zaina Bumb,48,Female,Customer Support,Support Executive,Bachelors,124630,18,Chennai,33,Yes,5,3,1,4,20,0,23,11,6,3,2,No,Not Provided,13-07-2019,inaaya-16@rajan-bhatnagar.com,1274985156,7
EMP00334,Rati Walla,42,Other,IT,BI Developer,MBA,50661,13,Mumbai,36,Yes,1,2,4,1,38,3,10,1,5,1,5,No,Not Provided,23-12-2020,nakul38@shan.com,5262594236,11
EMP00335,Nayantara Mander,37,Other,Marketing,Marketing Manager,Bachelors,55180,9,Kolkata,12,No,5,5,5,3,54,3,21,11,12,2,1,No,Not Provided,15-06-2017,chaudhryjayant@ramachandran.com,2830843674,2
EMP00336,Aaryahi Yadav,52,Female,IT,Data Analyst,Diploma,103490.3855,30,Chennai,5,Yes,2,1,3,1,15,5,0,5,6,5,5,Yes,"Poor Work Life Balance, Overtime, Low Job Satisfaction",15-08-2021,vritika44@bawa.org,9390748169,17
EMP00337,Hridaan Mammen,42,Other,Finance,Accountant,Bachelors,121407,20,Noida,31,No,2,4,3,1,28,7,12,8,3,4,3,No,Not Provided,07-05-2019,tara02@yahoo.com,3816674055,11
EMP00338,Ahana  Mander,23,Other,Finance,Financial Analyst,Masters,149300,0,Noida,34,Yes,1,1,5,4,64,7,13,6,8,1,3,No,Not Provided,30-11-2016,shroffriaan@yahoo.com,95605329,11
EMP00339,Mohanlal Dayal,36,Female,IT,Software Engineer,Bachelors,108925,9,Hyderabad,22,No,1,5,1,1,35,3,18,12,2,5,4,No,Not Provided,17-04-2023,darashamik@bhatt.info,3177271853,12
EMP00340,Kabir Deo,56,Other,HR,HR Manager,Bachelors,41985,34,Mumbai,14,Yes,3,4,3,1,49,1,13,4,20,1,3,No,Not Provided,11-11-2022,shaan23@hotmail.com,1199508722,4
EMP00341,Kiara Kari,56,Female,Sales,Sales Manager,Masters,36226,34,Mumbai,36,Yes,5,3.039382866,3,4,73,6,2,6,6,5,2,No,Not Provided,28-09-2017,ishaan82@gmail.com,4156888782,10
EMP00342,Anay Sandal,56,Other,IT,Data Analyst,Bachelors,122551,36,Chennai,9,Yes,5,4,1,2,50,7,0,10,5,4,4,Yes,"Overtime, Manager Issues, High Stress",15-04-2017,samarlanka@biswas.org,7749907021,15
EMP00343,Alia Mandal,24,Other,Finance,Financial Analyst,Diploma,54464,0,Hyderabad,2,No,2,5,3,1,37,6,14,8,21,1,3,No,Not Provided,10-06-2019,ayesha15@hotmail.com,6641079152,7
EMP00344,Farhan Shetty,49,Other,Marketing,Marketing Manager,MBA,74646,20,Pune,8,No,4,1,4,2,27,4,3,5,19,4,2,No,Not Provided,29-06-2018,ayesha83@hotmail.com,2207087124,10
EMP00345,Jiya Sen,35,Female,Marketing,Content Strategist,Bachelors,108672,12,Mumbai,29,No,3,1,5,1,53,10,17,11,13,1,3,No,Not Provided,15-02-2025,bbhasin@kalla-agrawal.net,7229272644,10
EMP00346,Anahita Contractor,21,Male,Customer Support,Customer Success Manager,MBA,105530.7044,0,Bangalore,23,Yes,1,5,1,5,53,6,21,15,6,4,2,Yes,"Poor Work Life Balance, Overtime, High Stress",03-10-2023,ojas15@gandhi.biz,336217668,14
EMP00347,Anay Bala,24,Female,IT,Data Analyst,Diploma,140352,0,Chennai,37,Yes,1,1,5,1,26,1,5,1,11,5,3,Yes,"Poor Work Life Balance, Overtime, Low Job Satisfaction",30-09-2023,lsridhar@hotmail.com,2073008000,16
EMP00348,Indrajit Ahluwalia,50,Female,Sales,Business Development Associate,Masters,82102,25,Chennai,37,Yes,5,4,4,3,66,7,18,5,18,3,1,No,Not Provided,14-03-2022,isankar@yahoo.com,5386227282,5
EMP00349,Aaryahi Kannan,43,Female,HR,HR Manager,MBA,127227,18,Pune,9,Yes,1,3,4,3,28,5,2,15,9,1,2,No,Not Provided,20-03-2018,twali@chatterjee.com,8834042092,11
EMP00350,Zaina Mallick,29,Male,Operations,Operations Executive,Masters,75610,6,Pune,24,Yes,2,3.039382866,2,4,57,1,9,4,16,3,5,No,Not Provided,11-04-2024,raniashetty@yahoo.com,8910005845,7
EMP00351,Navya Doctor,48,Other,Customer Support,Support Executive,MBA,77441,24,Mumbai,5,No,4,2,4,1,14,10,0,7,17,3,4,No,Not Provided,01-08-2018,kalitaelakshi@hotmail.com,4711673270,9
EMP00352,Seher Rastogi,44,Other,IT,Data Analyst,Diploma,100250,23,Mumbai,39,No,1,2,2,4,8,7,11,12,8,1,5,Yes,"Poor Work Life Balance, Low Job Satisfaction, No Promotion",25-06-2023,edwinshray@gmail.com,9196129818,13
EMP00353,Aradhya Guha,53,Female,Sales,Sales Manager,Bachelors,150950,25,Kolkata,26,Yes,4,5,4,3,66,0,19,2,4,3,4,No,Not Provided,02-12-2025,bhatromil@dugar-bumb.info,3715535465,3
EMP00354,Seher Garg,36,Female,Sales,Sales Manager,Bachelors,55479,10,Noida,5,Yes,5,2,3,2,59,3,15,10,14,4,5,No,Not Provided,11-07-2019,trisha49@hotmail.com,9444822563,12
EMP00355,Aarna Chacko,51,Other,Marketing,SEO Specialist,Diploma,75415,30,Delhi,25,Yes,4,3,3,2,59,4,12,2,10,5,5,No,Not Provided,21-06-2021,duppal@bath.net,2427639474,8
EMP00356,Ritvik Bhardwaj,47,Male,Finance,Financial Analyst,Diploma,80915,25,Bangalore,25,No,5,1,4,5,80,3,12,9,15,2,2,No,Not Provided,11-09-2022,aniruddh96@jain.net,3754230970,4
EMP00357,Mehul Sachdeva,46,Female,Sales,Sales Executive,Masters,67923,26,Kolkata,26,Yes,1,4,2,1,65,4,23,5,5,2,5,No,Not Provided,13-07-2016,arhaan98@dewan-walia.com,7474730740,10
EMP00358,Samiha Gara,24,Male,Sales,Business Development Associate,Masters,65134,0,Mumbai,40,No,4,1,1,3,12,6,0,2,17,3,2,No,Not Provided,27-03-2020,hiranluthra@savant.org,6532363291,10
EMP00359,Rati Varma,56,Other,IT,System Admin,MBA,114677,33,Mumbai,7,Yes,3,2,4,4,48,9,13,1,17,3,1,No,Not Provided,25-04-2023,taimur29@hotmail.com,4044739383,7
EMP00360,Armaan Kari,34,Male,Operations,Operations Executive,Diploma,81265,6,Delhi,23,Yes,1,4,2,4,52,4,15,10,21,1,2,No,Not Provided,02-04-2025,divyanshyadav@gmail.com,3425568621,9
EMP00361,Bhavin Dasgupta,35,Other,Marketing,Marketing Manager,Masters,106657,6,Pune,26,No,2,3,2,2,35,3,20,13,14,4,2,Yes,"Poor Work Life Balance, Manager Issues, High Stress",14-08-2019,wsoman@arora-behl.com,9200868063,13
EMP00362,Kashvi Kumer,35,Male,Marketing,SEO Specialist,MBA,151156,6,Mumbai,1,Yes,4,2,2,4,63,8,7,13,4,4,1,Yes,"Overtime, Low Job Satisfaction, High Stress",28-12-2025,vivaan72@bera.com,6359063234,14
EMP00363,Reyansh Rege,54,Male,Sales,Business Development Associate,MBA,160701,30,Pune,25,Yes,1,2,5,4,48,10,7,11,0,2,3,Yes,"Poor Work Life Balance, Overtime, Low Job Satisfaction",11-03-2021,nakul47@yahoo.com,5493900047,13
EMP00364,Siya Badal,21,Male,Customer Support,Customer Success Manager,Bachelors,70959,0,Mumbai,38,Yes,1,1,1,5,2,8,3,10,10,1,4,Yes,"Poor Work Life Balance, Overtime, Low Job Satisfaction",23-04-2026,dinalia@hotmail.com,6422039780,17
EMP00365,Tara Loke,52,Other,Finance,Finance Manager,MBA,44103,29,Mumbai,37,No,3,1,5,3,73,0,15,12,24,3,5,No,Not Provided,16-03-2018,grewalmiraan@hotmail.com,5894834218,6
EMP00366,Zoya Ramachandran,49,Other,Operations,Operations Executive,Masters,179046,22,Mumbai,5,Yes,2,3,2,4,65,6,18,10,14,3,5,No,Not Provided,15-09-2025,kimaya96@zachariah-wali.com,252066889,11
EMP00367,Divij Garg,23,Female,Operations,Supply Chain Analyst,MBA,105828,0,Chennai,17,No,5,2,3,5,3,9,22,4,14,1,1,No,Not Provided,09-07-2021,kiara31@babu-vohra.biz,1741662055,5
EMP00368,Ahana  Sekhon,50,Male,Sales,Business Development Associate,Bachelors,70192,20,Mumbai,10,No,5,5,4,1,7,10,0,4,1,3,3,No,Not Provided,26-01-2025,rhea98@gmail.com,1012879405,6
EMP00369,Anay Bera,21,Male,Finance,Accountant,MBA,158234,0,Chennai,18,No,4,2,5,3,11,6,5,1,3,1,3,No,Not Provided,10-04-2024,warriorrohan@gmail.com,4431754769,7
EMP00370,Shamik Andra,36,Other,HR,HR Manager,Bachelors,72667,10,Chennai,15,Yes,4,5,5,2,34,0,14,3,14,4,5,No,Not Provided,05-12-2023,urvichahal@gmail.com,5811349851,7
EMP00371,Shray Kunda,33,Female,Marketing,SEO Specialist,Masters,157236,9,Kolkata,1,No,1,1,5,5,13,6,12,3,4,5,5,No,Not Provided,22-11-2018,krish59@yahoo.com,493420351,11
EMP00372,Divij Karpe,41,Male,HR,HR Manager,Diploma,41953,16,Hyderabad,39,No,1,3,2,3,74,10,6,12,16,2,4,No,Not Provided,10-05-2023,kabir44@gmail.com,1825409615,10
EMP00373,Sara Manda,34,Male,Customer Support,Customer Success Manager,Diploma,47704,8,Kolkata,35,No,4,4,1,5,36,0,18,1,8,1,4,No,Not Provided,27-07-2023,divij09@desai-thakkar.com,288281857,3
EMP00374,Vardaniya Dey,40,Female,IT,Software Engineer,Bachelors,154948,19,Delhi,36,Yes,1,4,1,4,34,9,1,8,5,5,4,Yes,"Poor Work Life Balance, Overtime, High Stress",24-06-2025,xchaudhuri@varghese.com,4301052810,15
EMP00375,Mishti Mahal,40,Male,Finance,Finance Manager,Diploma,30237,10,Kolkata,36,No,5,4,3,5,14,6,19,14,18,4,1,No,Not Provided,18-06-2022,wadhwakeya@bajwa.com,8373210827,8
EMP00376,Charvi Suri,59,Male,IT,BI Developer,MBA,90977,33,Kolkata,26,No,3,2,5,1,23,5,21,4,9,2,2,No,Not Provided,06-10-2018,dhanush28@vasa-cheema.com,7970973260,8
EMP00377,Inaaya  Rau,59,Male,IT,Data Analyst,Diploma,91027,38,Noida,13,Yes,2,3,2,2,18,10,5,5,13,4,3,Yes,"Poor Work Life Balance, Overtime, Manager Issues",04-03-2024,riya59@yahoo.com,6751490316,16
EMP00378,Seher Sawhney,37,Female,Finance,Accountant,Masters,161262,17,Bangalore,15,Yes,2,2,4,5,37,10,8,12,10,3,4,No,Not Provided,05-03-2026,balakrishnannayantara@gmail.com,8223881489,12
EMP00379,Stuvan Dhawan,24,Other,Customer Support,Customer Success Manager,Diploma,101519,4,Hyderabad,11,No,2,2,2,2,24,3,19,12,24,3,2,No,Not Provided,30-12-2019,zaina59@deshpande-sami.org,1282928416,12
EMP00380,Saira Hari,44,Other,Marketing,Content Strategist,Masters,44577,23,Mumbai,25,No,3,3,2,2,64,5,10,1,5,2,2,No,Not Provided,21-09-2021,dasanvi@hotmail.com,4192834314,7
EMP00381,Anika Kothari,48,Other,HR,HR Manager,Diploma,63467,22,Kolkata,14,Yes,3,3,1,5,40,4,5,12,7,1,5,No,Not Provided,20-05-2019,yasmin30@krish-thakkar.com,2640089894,8
EMP00382,Ritvik Bhat,29,Female,IT,Data Analyst,Masters,161898,4,Bangalore,10,No,4,2,4,4,35,9,12,1,2,4,3,No,Not Provided,09-10-2024,armaan86@gmail.com,7179335488,8
EMP00383,Saksham Contractor,50,Male,HR,HR Manager,Masters,122455,25,Chennai,14,Yes,2,1,2,2,76,1,12,10,13,2,2,Yes,"Poor Work Life Balance, Overtime, Low Job Satisfaction",03-08-2021,doraromil@golla.com,3174218221,14
EMP00384,Prerak Thakkar,43,Female,HR,HR Manager,Diploma,175422,21,Kolkata,14,No,3,3,4,1,17,6,23,13,0,4,2,No,Not Provided,05-07-2019,ishaan93@kaul-andra.biz,6449736296,9
EMP00385,Adah Handa,23,Other,Operations,Operations Executive,Bachelors,53452,0,Mumbai,6,Yes,2,5,2,2,15,1,21,6,19,5,1,No,Not Provided,21-03-2017,onkargera@gmail.com,8806789270,12
EMP00386,Anahita Yohannan,45,Male,Operations,Operations Executive,Masters,123146,21,Delhi,8,Yes,2,3,3,5,76,7,21,11,23,2,1,No,Not Provided,11-04-2021,samar88@char.org,1600723200,9
EMP00387,Ryan Kaul,35,Female,IT,Data Analyst,Bachelors,143894,8,Noida,35,Yes,3,2,2,4,41,10,23,8,11,2,2,No,Not Provided,04-06-2023,hrishita37@ratta-edwin.biz,3225589139,10
EMP00388,Nitya Sur,36,Other,Finance,Accountant,Bachelors,80684,7,Hyderabad,11,Yes,4,3,5,5,70,1,7,2,21,3,4,No,Not Provided,01-09-2016,mannat21@gmail.com,8940693748,2
EMP00389,Shray Ram,38,Male,Marketing,SEO Specialist,MBA,144695,9,Bangalore,36,No,2,3,5,5,48,3,11,14,2,2,1,No,Not Provided,31-05-2024,sahotaarnav@gmail.com,7585545033,6
EMP00390,Shamik Bhakta,43,Other,Marketing,Content Strategist,Bachelors,147674,20,Bangalore,35,Yes,3,3,2,4,80,10,17,13,2,3,3,No,Not Provided,20-01-2025,zachariahaaina@hotmail.com,2040900613,9
EMP00391,Jayesh Gupta,42,Male,Customer Support,Support Executive,MBA,77291,17,Kolkata,32,No,1,5,5,3,31,9,17,7,23,3,3,No,Not Provided,20-06-2020,samairaamble@gmail.com,4417889157,6
EMP00392,Parinaaz Wable,31,Female,Finance,Finance Manager,Bachelors,116980,11,Kolkata,9,Yes,2,5,3,5,14,2,12,4,11,5,3,No,Not Provided,06-10-2025,Not Generated,4859632650,8
EMP00393,Nehmat Thakkar,54,Male,Operations,Supply Chain Analyst,MBA,169275,31,Hyderabad,25,No,2,4,1,5,62,8,12,1,25,4,5,No,Not Provided,06-06-2025,zganguly@hotmail.com,8575433494,11
EMP00394,Parinaaz Bala,43,Other,HR,HR Executive,Bachelors,90707,13,Hyderabad,6,Yes,2,2,5,4,59,5,23,6,2,2,5,No,Not Provided,19-04-2021,rohanganesan@handa.com,5058167637,10
EMP00395,Anahi Uppal,56,Male,Marketing,Marketing Manager,Bachelors,47152,31,Chennai,2,No,2,5,3,4,17,7,15,12,8,2,5,No,Not Provided,05-04-2026,renee18@badami.com,2741665423,7
EMP00396,Ryan Venkataraman,23,Female,Finance,Financial Analyst,Bachelors,122753,0,Mumbai,15,No,5,4,2,4,44,4,17,12,21,2,5,No,Not Provided,23-08-2024,vardaniyarandhawa@sunder-chaudhari.org,7209333888,4
EMP00397,Nitya Uppal,25,Male,IT,Data Analyst,MBA,95639,5,Noida,7,No,5,3.039382866,1,4,69,5,17,10,2,5,3,No,Not Provided,01-11-2024,sairachakraborty@garde.com,7605965787,9
EMP00398,Not Available,32,Male,Customer Support,Support Executive,Diploma,58788,9,Noida,8,No,2,3,4,1,1,3,6,2,2,1,5,No,Not Provided,06-05-2017,samairadhingra@karan.com,4492834643,5
EMP00399,Jiya Sampath,35,Other,Sales,Sales Executive,Diploma,75418,15,Delhi,32,No,5,4,4,2,66,2,25,1,15,1,1,No,Not Provided,14-04-2020,taimurvarughese@gmail.com,9620449538,3
EMP00400,Ivan Deep,36,Male,Customer Support,Support Executive,Masters,155268,14,Delhi,11,No,2,2,5,5,18,1,10,6,21,1,1,No,Not Provided,11-05-2026,sahilsuri@deshmukh.com,6586378131,6
EMP00401,Dharmajan Madan,42,Male,HR,HR Executive,Diploma,103359,21,Hyderabad,21,No,5,5,1,4,70,3,24,11,17,1,3,No,Not Provided,04-01-2018,wallanayantara@kala.info,2532693554,4
EMP00402,Not Available,41,Female,Sales,Sales Manager,MBA,114391,15,Bangalore,27,Yes,3,5,3,3,76,8,7,6,0,5,2,No,Not Provided,19-07-2021,isur@hotmail.com,9253955428,8
EMP00403,Ehsaan Agrawal,59,Female,Marketing,Marketing Manager,Diploma,178304,39,Chennai,35,No,4,2,1,5,54,6,4,6,19,4,4,No,Not Provided,07-11-2022,basunirvaan@hotmail.com,8170208123,13
EMP00404,Vanya Bhalla,31,Male,Sales,Sales Executive,Diploma,27035,5,Hyderabad,21,Yes,5,4,1,3,47,8,0,4,18,3,1,No,Not Provided,27-03-2026,sachdevamahika@savant.com,7458664164,8
EMP00405,Akarsh Zachariah,54,Other,Marketing,Marketing Manager,MBA,141413,24,Noida,12,Yes,1,1,4,1,21,8,5,6,17,4,4,Yes,"Poor Work Life Balance, Overtime, Low Job Satisfaction",18-05-2020,keyakakar@sant-madan.org,5110248618,17
EMP00406,Yakshit Halder,48,Other,Operations,Supply Chain Analyst,MBA,117569,25,Hyderabad,17,Yes,4,1,2,1,30,3,11,6,3,5,2,No,Not Provided,17-11-2018,gokulbhasin@bhagat.com,4623610015,12
EMP00407,Anaya Mann,31,Other,HR,Recruiter,Bachelors,52589,6,Kolkata,28,No,4,4,4,1,2,9,12,5,19,5,1,No,Not Provided,07-03-2024,miraya69@hotmail.com,2429758118,8
EMP00408,Indrajit Hora,47,Other,HR,HR Manager,Diploma,108428,20,Delhi,32,Yes,3,3,3,4,24,10,17,10,0,1,2,No,Not Provided,01-07-2017,sacharmanjari@gmail.com,2712778356,7
EMP00409,Zaina Bail,36,Other,HR,HR Manager,Diploma,146326,13,Pune,17,Yes,1,4,4,2,49,3,24,7,8,2,2,No,Not Provided,07-09-2019,kairakeer@gaba-chawla.info,714929387,7
EMP00410,Sara Kari,36,Female,IT,BI Developer,Bachelors,77772,10,Delhi,36,Yes,1,4,4,3,29,7,2,12,18,5,2,Yes,"Poor Work Life Balance, Overtime, High Stress",25-08-2017,kairasankaran@chahal.com,2784403680,15
EMP00411,Manikya Deo,53,Female,Marketing,Content Strategist,Masters,99820.92,23,Pune,40,Yes,2,4,4,4,29,6,0,11,22,3,4,No,Not Provided,09-08-2019,lbansal@kadakia.com,3236163369,12
EMP00412,Alia Iyengar,46,Female,Marketing,Marketing Manager,Masters,52877,22,Pune,20,No,4,2,4,5,10,6,20,1,18,4,1,No,Not Provided,16-01-2022,jivika32@dhillon.com,8002073188,8
EMP00413,Badal Taneja,52,Female,Customer Support,Customer Success Manager,Diploma,159439,31,Delhi,35,Yes,4,3,4,5,54,4,6,4,18,5,2,No,Not Provided,08-12-2018,bijulall@gmail.com,768562929,6
EMP00414,Mishti Mannan,44,Male,Finance,Accountant,Masters,36631,23,Delhi,5,Yes,2,1,3,5,0,8,3,2,13,5,2,Yes,"Poor Work Life Balance, Overtime, Low Job Satisfaction",20-12-2024,qmallick@banik.com,7276946855,15
EMP00415,Umang Kurian,33,Female,Marketing,SEO Specialist,MBA,70075,5,Hyderabad,14,No,3,5,1,2,67,8,9,12,18,1,3,No,Not Provided,18-10-2025,hridaan72@gmail.com,5365288114,8
EMP00416,Taran Lata,38,Male,HR,HR Manager,MBA,156295,16,Hyderabad,12,Yes,4,3,5,1,56,4,1,1,14,4,1,No,Not Provided,07-07-2023,jhanvidugar@dubey.com,9751183222,9
EMP00417,Drishya Vora,22,Other,Customer Support,Support Executive,MBA,90452,1,Mumbai,8,No,4,3,1,4,14,1,7,4,5,2,2,No,Not Provided,27-09-2022,evatrivedi@yahoo.com,4691964120,2
EMP00418,Ojas Sarin,43,Other,HR,HR Executive,MBA,53633,23,Hyderabad,8,No,3,1,4,4,13,3,18,13,9,1,1,No,Not Provided,09-08-2021,shamik43@hotmail.com,9463832362,5
EMP00419,Bhamini Buch,52,Male,Customer Support,Customer Success Manager,Masters,128871,27,Bangalore,11,No,5,4,5,2,73,10,4,2,4,5,4,No,Not Provided,07-10-2016,gopalmanjari@gmail.com,3409812105,9
EMP00420,Piya Khurana,25,Other,HR,HR Executive,Masters,125783,0,Hyderabad,32,Yes,1,1,3,3,80,10,22,10,23,1,1,No,Not Provided,26-01-2020,vanyaagarwal@gmail.com,3006786676,13
EMP00421,Devansh Chauhan,25,Other,HR,Recruiter,Masters,45094,5,Delhi,15,No,5,4,4,5,36,10,11,15,0,5,5,No,Not Provided,09-07-2021,shaaniruddh@yahoo.com,9363479998,7
EMP00422,Abram Lad,58,Male,Marketing,Content Strategist,Bachelors,145561,37,Bangalore,2,No,5,3,5,3,58,5,20,13,19,1,2,No,Not Provided,19-06-2023,ryanbali@gmail.com,6283307084,4
EMP00423,Vidur Bose,53,Female,Customer Support,Customer Success Manager,Bachelors,73627,25,Mumbai,10,Yes,5,2,5,4,13,9,18,9,0,3,2,No,Not Provided,21-06-2023,sbhakta@hotmail.com,4469672175,7
EMP00424,Vidur Kuruvilla,30,Female,IT,Software Engineer,Bachelors,130681,9,Kolkata,29,Yes,4,5,4,4,27,9,4,10,1,1,5,No,Not Provided,17-01-2020,mannankashvi@hotmail.com,1683505380,9
EMP00425,Shaan Devan,28,Other,Operations,Supply Chain Analyst,Diploma,100196.4006,7,Kolkata,3,No,3,1,4,3,64,2,13,6,1,4,4,No,Not Provided,02-03-2022,kismat49@chawla.com,1892627634,6
EMP00426,Manikya Sant,50,Male,Finance,Finance Manager,Masters,166194,27,Noida,3,No,5,1,2,4,80,6,3,4,1,5,2,No,Not Provided,29-01-2017,zain25@hotmail.com,8325118486,12
EMP00427,Nitya Hari,43,Male,Finance,Operations Executive,Diploma,163767,18,Pune,17,No,5,4,2,3,51,0,24,11,18,4,5,No,Not Provided,27-03-2022,advik35@yahoo.com,9585058506,7
EMP00428,Chirag Kadakia,38,Male,Customer Support,Customer Success Manager,MBA,160148,12,Hyderabad,35,Yes,3,2,3,3,30,1,11,7,16,5,3,No,Not Provided,01-01-2024,zeeshanbajwa@gmail.com,1533557992,9
EMP00429,Navya Wagle,28,Male,IT,Software Engineer,Masters,32907,2,Hyderabad,9,No,4,1,4,2,53,10,10,5,17,4,5,No,Not Provided,23-02-2024,rasha40@hotmail.com,9749259084,10
EMP00430,Shlok Talwar,49,Female,Marketing,SEO Specialist,Diploma,101021,27,Chennai,7,No,3,5,2,5,7,4,9,3,22,1,1,No,Not Provided,17-07-2023,lkapadia@kurian.com,4852754923,2
EMP00431,Rasha Hora,48,Male,Finance,Financial Analyst,MBA,149472,26,Chennai,24,No,1,4,3,2,13,1,25,8,14,3,4,No,Not Provided,21-01-2021,bkhalsa@goswami.com,9654966191,5
EMP00432,Bhavin Bora,51,Other,Customer Support,Support Executive,Diploma,123550,21,Bangalore,36,No,4,4,3,3,77,8,10,2,9,2,2,No,Not Provided,21-08-2018,prishagandhi@gade.net,1563892009,3
EMP00433,Eshani Yohannan,39,Female,Customer Support,Support Executive,Masters,70955,11,Kolkata,33,No,5,4,4,2,75,3,18,2,9,4,4,No,Not Provided,07-04-2025,randhawanayantara@yahoo.com,4380138077,6
EMP00434,Tarini Dubey,39,Male,Finance,Finance Manager,Diploma,70579,10,Chennai,9,No,1,4,2,2,55,3,22,4,6,4,1,No,Not Provided,29-03-2023,sodhimishti@barad.org,2860186456,10
EMP00435,Divit Saran,35,Female,Sales,Sales Executive,Diploma,167190,13,Chennai,27,No,3,3,1,2,35,8,12,1,6,1,2,No,Not Provided,03-03-2017,sandhurhea@trivedi.com,6537386817,7
EMP00436,Tushar Bassi,42,Female,Marketing,Content Strategist,Bachelors,112926,15,Kolkata,25,No,5,3,5,1,49,0,6,12,23,2,3,No,Not Provided,17-03-2026,Not Generated,3944230756,5
EMP00437,Uthkarsh Shenoy,38,Female,HR,HR Manager,MBA,160871,18,Delhi,28,Yes,5,5,3,5,48,4,15,14,25,1,3,No,Not Provided,14-12-2021,ivandalia@gmail.com,7661630039,5
EMP00438,Kanav Ben,54,Female,Finance,Finance Manager,Diploma,66251,31,Mumbai,10,No,4,1,1,1,24,9,2,10,4,4,5,Yes,"Low Job Satisfaction, Manager Issues, High Stress",18-10-2017,fatehchacko@singh.com,2920322418,16
EMP00439,Veer Balakrishnan,25,Other,IT,Software Engineer,Diploma,82638,2,Noida,3,Yes,4,2,2,1,32,3,14,14,8,3,5,No,Not Provided,12-06-2016,nbansal@gulati.com,8819946720,11
EMP00440,Pranay Gopal,24,Other,HR,HR Executive,Diploma,102485,0,Kolkata,8,Yes,5,5,4,1,57,6,1,3,8,5,3,No,Not Provided,27-10-2025,jivin51@yahoo.com,9245132137,11
EMP00441,Mishti Vala,30,Female,Marketing,Marketing Manager,Masters,55645,0,Kolkata,1,No,1,2,3,4,63,9,0,10,24,2,4,No,Not Provided,07-12-2022,aaryahimalhotra@lad-ravel.net,5300886192,12
EMP00442,Kiaan Mangal,44,Male,Operations,Supply Chain Analyst,Masters,122146,19,Mumbai,25,Yes,5,3,5,2,68,8,25,11,11,3,3,No,Not Provided,21-09-2017,yashvi91@hotmail.com,6453767278,9
EMP00443,Oorja Grover,23,Female,Customer Support,Customer Success Manager,Bachelors,100707,0,Chennai,1,Yes,5,2,4,2,17,4,3,10,13,5,2,Yes,"Overtime, Low Job Satisfaction, Manager Issues",23-06-2017,aarushmaharaj@banik.com,668290190,14
EMP00444,Akarsh Bhatnagar,22,Other,IT,System Admin,Masters,28643,0,Noida,8,Yes,2,2,3,1,57,8,2,11,23,1,3,Yes,"Poor Work Life Balance, Overtime, Low Job Satisfaction",27-02-2026,baiju70@tandon.com,437951097,16
EMP00445,Vedika Saran,28,Female,HR,Recruiter,MBA,128319,2,Kolkata,35,No,1,3,4,1,8,0,16,2,24,4,2,No,Not Provided,03-03-2023,sarabiswas@vohra.com,8540366346,9
EMP00446,Dhruv Sheth,45,Male,Marketing,Marketing Manager,MBA,117765,23,Kolkata,39,Yes,5,4,1,3,58,2,2,7,9,2,5,No,Not Provided,16-11-2021,zshankar@bhardwaj.com,457867075,7
EMP00447,Navya Badami,45,Female,Customer Support,Customer Success Manager,Masters,148441,25,Mumbai,9,Yes,4,5,4,1,58,9,2,3,14,2,2,No,Not Provided,15-01-2019,onkarbanerjee@chaudhry.com,5827296438,8
EMP00448,Navya Halder,40,Male,Customer Support,Customer Success Manager,Masters,143705,10,Pune,1,No,3,2,2,3,35,3,17,15,4,4,4,No,Not Provided,12-01-2024,srana@hotmail.com,7677303828,10
EMP00449,Dharmajan Kannan,22,Other,Customer Support,Customer Success Manager,Masters,45268,1,Mumbai,38,No,4,4,1,4,7,4,18,12,16,4,4,No,Not Provided,05-02-2024,aarav33@hotmail.com,6848571467,8
EMP00450,Baiju Chawla,28,Male,IT,System Admin,Bachelors,170228,5,Bangalore,21,Yes,4,2,3,3,53,6,7,7,21,2,1,No,Not Provided,13-08-2021,tejas39@gmail.com,4909105063,7
EMP00451,Drishya Taneja,36,Other,IT,System Admin,Diploma,173612,9,Delhi,11,Yes,1,5,2,1,66,7,15,6,11,1,5,No,Not Provided,26-01-2023,zainasridhar@gmail.com,4856686734,11
EMP00452,Nitya Dhingra,58,Male,IT,Data Analyst,MBA,149029,33,Pune,36,No,1,3,3,4,72,0,2,15,11,2,5,No,Not Provided,08-01-2019,zsarna@varughese.com,7426426461,8
EMP00453,Anvi Thakkar,29,Other,Sales,Business Development Associate,Diploma,98919,4,Mumbai,40,No,3,1,3,1,33,5,20,2,2,3,1,No,Not Provided,30-10-2024,vcontractor@gmail.com,6950728344,8
EMP00454,Kiara Kothari,21,Female,Sales,Sales Executive,Diploma,141831,0,Pune,21,No,5,1,2,5,74,6,1,10,16,5,2,Yes,"Low Job Satisfaction, High Stress, No Promotion",22-12-2021,vyasnishith@hotmail.com,5598545973,14
EMP00455,Ishaan Chawla,48,Female,Operations,Operations Executive,Diploma,159764,24,Chennai,26,Yes,1,3,4,5,59,6,5,2,1,3,2,No,Not Provided,05-10-2018,prisha03@cherian.biz,8066045257,10
EMP00456,Kashvi Johal,48,Other,IT,System Admin,Bachelors,126060,28,Bangalore,21,Yes,4,1,4,4,16,6,13,7,12,2,2,No,Not Provided,26-04-2024,jiyawalla@shukla.info,650642981,7
EMP00457,Gatik Thakur,57,Male,Finance,Finance Manager,Bachelors,57728,31,Pune,38,Yes,1,1,4,5,20,5,5,12,17,5,4,Yes,"Poor Work Life Balance, Overtime, Low Job Satisfaction",17-03-2022,anahitagole@chawla-ratta.info,8921786942,18
EMP00458,Taimur Shankar,27,Female,Sales,Sales Executive,Masters,28075,6,Pune,18,Yes,2,2,2,4,60,9,19,15,16,1,1,Yes,"Poor Work Life Balance, Overtime, Low Job Satisfaction",01-03-2020,vaibhav90@gmail.com,1030127886,14
EMP00459,Saanvi Mannan,39,Male,HR,HR Executive,Masters,68041,14,Mumbai,38,Yes,5,2,3,1,2,1,3,1,20,3,4,No,Not Provided,21-10-2016,lakshaysibal@gmail.com,1136098965,10
EMP00460,Shayak Bal,24,Female,IT,System Admin,Bachelors,129841,0,Pune,28,Yes,5,5,3,1,48,5,18,1,5,1,4,No,Not Provided,19-08-2017,okar@rajan.info,5141637523,7
EMP00461,Myra Saran,28,Other,Marketing,Content Strategist,Masters,91108,0,Chennai,9,No,3,1,2,2,71,2,16,1,17,5,5,No,Not Provided,17-06-2025,varkeykimaya@chahal-gopal.biz,770279002,10
EMP00462,Dharmajan Mand,43,Female,Marketing,Marketing Manager,Masters,33131,21,Bangalore,36,No,2,2,1,3,18,8,10,15,22,1,4,Yes,"Poor Work Life Balance, Low Job Satisfaction, No Promotion",09-11-2016,trivedikaira@yahoo.com,4202039688,13
EMP00463,Ojas Bhalla,51,Male,Finance,Accountant,Masters,40663,22,Kolkata,21,Yes,5,2,2,3,63,2,15,9,11,1,5,No,Not Provided,13-11-2024,anahitabains@hotmail.com,7123558887,7
EMP00464,Yashvi Iyer,32,Other,Marketing,SEO Specialist,Diploma,110421,11,Pune,35,Yes,5,5,1,4,78,0,13,4,3,5,1,No,Not Provided,13-05-2025,pari43@gmail.com,6823583949,8
EMP00465,Anaya Konda,39,Female,Customer Support,Customer Success Manager,Bachelors,144411,10,Delhi,3,No,3,4,4,4,17,8,19,7,11,4,5,No,Not Provided,15-11-2022,fateh11@sawhney.com,5337457975,5
EMP00466,Lavanya Kapadia,17,Other,Operations,Operations Executive,Masters,157632,4,Pune,27,Yes,5,5,3,2,38,7,22,8,2,4,4,No,Not Provided,30-06-2022,xsastry@gmail.com,4037468257,10
EMP00467,Hiran Gole,45,Other,Customer Support,Customer Success Manager,Masters,168743,20,Chennai,37,No,5,4,5,1,16,4,24,14,19,5,3,No,Not Provided,22-06-2016,karanmanjari@gmail.com,3151939191,8
EMP00468,Inaaya  Chandra,56,Female,IT,BI Developer,Diploma,134778,33,Bangalore,19,Yes,4,5,1,4,30,9,0,4,17,1,2,No,Not Provided,25-06-2023,keya78@yahoo.com,2755803620,8
EMP00469,Hridaan Hegde,22,Male,HR,HR Manager,Bachelors,139840,2,Chennai,22,Yes,2,1,1,1,17,1,1,3,14,4,2,Yes,"Poor Work Life Balance, Overtime, Low Job Satisfaction",23-06-2019,indranilshroff@tella.info,5412571282,17
EMP00470,Shayak Chakraborty,36,Male,Finance,Financial Analyst,Masters,166199,8,Bangalore,2,No,2,5,1,4,23,10,7,14,7,2,4,No,Not Provided,07-03-2017,keya26@hotmail.com,5161193584,9
EMP00471,Kavya Lad,52,Other,HR,HR Manager,MBA,165629,27,Hyderabad,10,No,3,3.039382866,1,3,41,5,7,7,8,5,3,No,Not Provided,05-11-2019,cbajwa@yahoo.com,6969643497,7
EMP00472,Zara Manne,44,Female,Sales,Sales Manager,MBA,126347,24,Bangalore,18,No,3,4,3,5,3,1,5,11,19,5,2,No,Not Provided,31-07-2023,zarajaggi@hayre-batra.com,6727696761,7
EMP00473,Kashvi Tripathi,24,Male,Customer Support,Support Executive,MBA,123489,1,Mumbai,14,No,1,1,4,5,59,8,22,11,15,3,3,No,Not Provided,27-09-2024,anviyadav@bera.com,6095741313,10
EMP00474,Trisha Doshi,49,Female,Marketing,Marketing Manager,MBA,58290,23,Noida,25,No,5,1,1,2,41,1,7,6,7,3,1,No,Not Provided,10-09-2018,onkar53@gmail.com,2841167738,8
EMP00475,Indrans Dar,44,Female,Sales,Sales Manager,Bachelors,176618,20,Hyderabad,31,Yes,5,2,5,3,25,9,23,12,4,4,5,No,Not Provided,02-11-2019,yadavpurab@gmail.com,313567230,13
EMP00476,Lakshit Chatterjee,54,Other,Finance,Financial Analyst,Bachelors,138881,26,Pune,11,No,1,5,5,5,21,6,20,5,14,2,5,No,Not Provided,28-06-2022,piyakhurana@yahoo.com,4342792856,5
EMP00477,Mishti Goel,59,Female,HR,Recruiter,Bachelors,143373,38,Mumbai,30,No,2,2,3,2,5,2,13,13,6,5,5,Yes,"Poor Work Life Balance, Low Job Satisfaction, Manager Issues",21-11-2023,madhavmangat@gmail.com,3317147061,14
EMP00478,Amani Dyal,29,Other,Finance,Finance Manager,Masters,58606,0,Kolkata,25,No,2,5,3,2,24,8,5,3,25,2,4,No,Not Provided,03-12-2024,hrishitawarrior@chakrabarti.com,1808277318,10
EMP00479,Rania Rattan,33,Male,Customer Support,Support Executive,Bachelors,176928,10,Pune,18,No,1,5,4,2,78,5,22,9,1,2,5,No,Not Provided,01-06-2025,lakshay85@hotmail.com,5317812378,7
EMP00480,Vanya Venkataraman,26,Other,Finance,Financial Analyst,Masters,59171,0,Mumbai,27,No,3,1,5,1,48,9,2,1,13,4,5,Yes,"Low Job Satisfaction, Manager Issues, High Stress",18-08-2019,ymaharaj@hotmail.com,528737134,13
EMP00481,Nirvi Deshpande,25,Male,HR,HR Executive,MBA,97603.7265,5,Pune,40,Yes,1,1,4,4,45,5,21,12,12,3,4,Yes,"Poor Work Life Balance, Overtime, Low Job Satisfaction",03-03-2018,ravirhea@choudhry.com,1899577950,13
EMP00482,Saira Barad,48,Male,Customer Support,Customer Success Manager,Bachelors,71714,28,Pune,32,No,5,3,5,3,75,3,3,14,17,2,2,No,Not Provided,20-06-2021,bhasintanya@yahoo.com,1817833405,5
EMP00483,Priyansh Chana,29,Other,IT,System Admin,MBA,126805,2,Kolkata,1,Yes,5,4,1,2,67,2,7,5,19,1,2,No,Not Provided,16-08-2025,Not Generated,140372198,6
EMP00484,Hridaan Dua,39,Male,Customer Support,Support Executive,MBA,116125,17,Kolkata,28,No,1,1,2,1,20,2,14,12,8,5,3,Yes,"Poor Work Life Balance, Low Job Satisfaction, Manager Issues",07-06-2021,reyansh13@gmail.com,1554038855,16
EMP00485,Ritvik Sekhon,53,Female,Operations,Supply Chain Analyst,Bachelors,124370,29,Chennai,30,No,1,5,4,5,50,6,25,7,15,1,5,No,Not Provided,31-03-2020,lgoel@gmail.com,887127528,6
EMP00486,Vivaan Sura,35,Male,Customer Support,Customer Success Manager,Diploma,155760,8,Mumbai,24,Yes,5,4,2,4,46,3,6,11,6,1,4,No,Not Provided,06-07-2017,prerak99@batta.com,1255273688,6
EMP00487,Shanaya Goyal,48,Other,Finance,Finance Manager,Masters,71942,27,Mumbai,1,Yes,4,5,1,5,33,2,16,4,18,5,4,No,Not Provided,01-12-2023,ivala@hotmail.com,1081383343,7
EMP00488,Diya Barad,40,Male,Operations,Supply Chain Analyst,Masters,51477,15,Noida,35,No,1,1,4,4,11,5,3,5,18,3,1,No,Not Provided,13-09-2017,baijubobal@devan.com,4692952343,11
EMP00489,Prisha Aurora,38,Female,Not assigned,HR Executive,Masters,58823,16,Delhi,39,No,4,3.039382866,5,4,20,10,9,4,18,3,4,No,Not Provided,14-08-2018,Not Generated,6856842097,3
EMP00490,Shray Sule,48,Female,Customer Support,Support Executive,MBA,72441,28,Kolkata,9,No,4,3,5,5,40,8,23,14,3,3,5,No,Not Provided,27-05-2025,wiyer@yahoo.com,9164866263,4
EMP00491,Ranbir Varghese,57,Male,Marketing,Content Strategist,Bachelors,164542,34,Pune,35,Yes,3,4,1,1,50,3,17,4,11,1,5,No,Not Provided,19-05-2024,anahita72@hotmail.com,6385599205,7
EMP00492,Shalv Sandhu,32,Other,Finance,Accountant,Masters,48591,5,Kolkata,2,Yes,5,2,1,3,65,2,10,15,3,4,4,No,Not Provided,17-12-2025,darshit80@kunda.info,6441429436,12
EMP00493,Sahil Gole,57,Other,IT,Software Engineer,Masters,43745,28,Pune,12,No,3,2,2,1,45,6,14,5,4,1,1,No,Not Provided,07-07-2024,shettyadah@gmail.com,186689008,9
EMP00494,Samiha Tata,52,Other,HR,HR Executive,Bachelors,101386,29,Hyderabad,25,Yes,5,3,3,5,49,5,23,8,8,5,3,No,Not Provided,11-11-2025,biswasdrishya@yahoo.com,8744141136,8
EMP00495,Yakshit Rattan,22,Female,Operations,Operations Executive,MBA,98011,0,Kolkata,4,Yes,5,4,1,1,29,1,8,13,19,2,4,No,Not Provided,23-08-2016,arnavmann@kant-yohannan.info,3853812579,8
EMP00496,Veer Balasubramanian,58,Female,Marketing,Content Strategist,Bachelors,64594,38,Chennai,32,No,4,2,4,5,53,1,7,2,13,1,3,No,Not Provided,16-07-2020,trisha06@rajan.com,8084784511,4
EMP00497,Dhruv Upadhyay,48,Female,Customer Support,Customer Success Manager,MBA,173103,26,Pune,24,Yes,1,3,5,4,13,5,5,4,12,4,4,No,Not Provided,13-12-2019,zkara@gmail.com,5843520091,12
EMP00498,Dhanuk Atwal,35,Male,Finance,Financial Analyst,Masters,35584,13,Mumbai,1,Yes,1,1,4,1,34,6,11,11,2,3,3,Yes,"Poor Work Life Balance, Overtime, Low Job Satisfaction",30-04-2020,fsahni@gmail.com,4447645595,14
EMP00499,Kavya Kalla,36,Male,IT,Software Engineer,Diploma,88053,16,Mumbai,39,No,3,4,2,1,47,0,1,8,5,4,5,No,Not Provided,24-06-2022,zkar@karan.com,7281068523,10
EMP00500,Divij Raj,36,Female,Finance,Finance Manager,MBA,69868,7,Delhi,24,No,2,3,1,2,62,2,17,6,24,3,3,No,Not Provided,27-07-2025,vsani@bhatia.com,6056851780,7
EMP00501,Anya Gour,58,Male,Not assigned,Customer Success Manager,Bachelors,86958,36,Chennai,21,Yes,5,3,1,1,34,1,17,10,23,3,1,No,Not Provided,23-06-2023,divij16@kaul.net,5037190341,8
EMP00502,Yakshit Bhavsar,54,Male,Finance,Finance Manager,Masters,163996,26,Bangalore,26,No,2,5,5,5,48,0,18,7,20,1,5,No,Not Provided,14-03-2019,Not Generated,2093553268,4
EMP00503,Kavya Bhatia,25,Male,Not assigned,HR Executive,MBA,161338,0,Pune,15,No,3,5,4,4,17,3,3,3,11,2,2,No,Not Provided,24-10-2017,chowdhurycharvi@hotmail.com,9354014338,2
EMP00504,Zeeshan Guha,41,Male,Operations,Supply Chain Analyst,MBA,124463,12,Pune,29,No,4,3,2,2,73,9,12,11,9,3,2,No,Not Provided,09-09-2020,rsandhu@hotmail.com,2127754812,9
EMP00505,Rasha Chokshi,35,Male,Operations,Operations Executive,MBA,94644,15,Chennai,40,No,2,5,4,3,49,2,21,3,21,1,5,No,Not Provided,10-12-2019,shenoyparinaaz@hotmail.com,4240697208,4
EMP00506,Myra Borde,42,Male,Customer Support,Support Executive,Diploma,67615,12,Mumbai,21,Yes,2,4,1,5,6,8,11,13,24,2,3,No,Not Provided,07-07-2019,mangattrisha@bose.com,6473167902,11
EMP00507,Anaya Bhakta,57,Male,Finance,Finance Manager,Diploma,177986,37,Mumbai,9,Yes,3,3.039382866,4,1,2,4,5,2,17,2,2,No,Not Provided,23-06-2019,mohanlalkaur@vig.net,3803575086,6
EMP00508,Anvi Verma,51,Female,Operations,Operations Executive,Bachelors,138590,21,Delhi,10,Yes,3,3,2,3,79,8,20,8,12,3,3,No,Not Provided,14-06-2023,xsangha@uppal.com,6566371811,6
EMP00509,Suhana Johal,59,Male,Customer Support,Support Executive,Bachelors,118620,32,Hyderabad,1,No,1,3,2,4,70,8,12,1,4,3,1,No,Not Provided,28-04-2022,groversamar@banik.com,5169283257,7
EMP00510,Priyansh Buch,47,Male,Finance,Finance Manager,MBA,59474,22,Hyderabad,14,Yes,5,4,5,2,73,9,25,14,4,5,2,No,Not Provided,01-06-2024,fgandhi@reddy-krishnan.com,1799945254,11
EMP00511,Hiran Malhotra,58,Male,Marketing,SEO Specialist,MBA,124821,29,Mumbai,17,Yes,2,2,5,5,57,1,3,2,5,3,4,No,Not Provided,15-01-2018,zdoshi@gmail.com,4186493894,10
EMP00512,Ira Raman,53,Female,IT,Software Engineer,MBA,89219,33,Mumbai,26,No,2,4,5,3,46,3,18,10,20,4,4,No,Not Provided,13-10-2021,dugarmiraan@hotmail.com,2659540944,9
EMP00513,Raunak Walla,27,Other,HR,HR Executive,Diploma,80750,7,Bangalore,6,Yes,4,5,5,4,57,10,25,8,16,3,1,No,Not Provided,29-01-2018,kundareyansh@yahoo.com,9425312134,4
EMP00514,Anya Bose,51,Other,IT,System Admin,MBA,149767,23,Delhi,33,No,1,3,3,4,22,8,8,10,12,2,4,No,Not Provided,18-04-2026,kalitafateh@rana.com,2315802335,8
EMP00515,Jhanvi Sant,48,Female,Finance,Accountant,Masters,91532,18,Noida,23,No,1,3,2,4,28,3,14,11,2,2,5,No,Not Provided,20-10-2023,lakshitgera@banerjee.com,1764297639,7
EMP00516,Kashvi Ganesan,41,Female,IT,Software Engineer,Masters,156718,11,Bangalore,30,Yes,4,3,3,4,8,7,15,4,10,4,5,No,Not Provided,23-11-2019,ydutt@yahoo.com,7349810211,8
EMP00517,Hansh Sehgal,29,Other,IT,BI Developer,MBA,127481,0,Noida,1,No,5,1,1,4,23,4,2,10,5,5,4,No,Not Provided,07-04-2023,indransaggarwal@hotmail.com,8464056920,12
EMP00518,Raghav Biswas,54,Female,Customer Support,Customer Success Manager,Bachelors,132116,24,Hyderabad,8,No,1,2,4,3,75,3,19,8,10,1,4,No,Not Provided,25-12-2025,vihaanram@yahoo.com,6552837191,6
EMP00519,Ryan Chander,21,Male,HR,HR Executive,Bachelors,115144,1,Kolkata,27,Yes,1,3,1,3,67,1,8,8,19,3,2,No,Not Provided,22-02-2021,lsangha@khosla.info,592016556,8
EMP00520,Aayush Deshmukh,53,Female,Sales,Sales Manager,MBA,163540,29,Hyderabad,22,No,1,3,5,2,60,10,12,12,14,1,4,No,Not Provided,27-11-2023,xram@sha.com,8575506818,9
EMP00521,Saanvi Devi,60,Other,Operations,Supply Chain Analyst,Diploma,89641,30,Noida,23,Yes,1,3,5,2,4,9,2,1,22,3,1,No,Not Provided,17-06-2017,ubadal@yahoo.com,5497448558,11
EMP00522,Dharmajan Sanghvi,44,Female,Operations,Supply Chain Analyst,Diploma,31649,14,Hyderabad,1,No,4,3,2,2,27,3,22,4,4,3,5,No,Not Provided,08-01-2022,ritvikganguly@hotmail.com,2043311314,4
EMP00523,Renee Balay,24,Male,HR,Recruiter,MBA,158619,0,Kolkata,32,No,4,1,3,3,47,2,22,2,4,2,3,No,Not Provided,28-10-2023,ishita18@biswas.org,1061227605,4
EMP00524,Samiha Viswanathan,26,Female,Sales,Business Development Associate,MBA,101879,3,Bangalore,16,No,2,1,2,5,68,1,17,9,22,4,4,No,Not Provided,27-09-2025,rohanbandi@gopal-kara.com,7917838958,11
EMP00525,Dhanuk Deshpande,25,Female,Operations,Supply Chain Analyst,Bachelors,83109,2,Kolkata,39,No,2,5,5,1,57,5,22,1,13,2,1,No,Not Provided,07-08-2019,mandaladvik@yahoo.com,5035639482,8
EMP00526,Divit Sibal,60,Other,Sales,Business Development Associate,MBA,100832,30,Bangalore,33,No,4,4,1,1,34,9,8,2,25,2,5,No,Not Provided,07-02-2021,loyalshalv@yahoo.com,8273487211,7
EMP00527,Farhan Srinivasan,38,Other,Marketing,Content Strategist,Masters,109517,12,Mumbai,38,Yes,1,4,5,4,25,7,14,14,13,1,5,No,Not Provided,10-04-2023,tarini30@chaudhari.com,733134234,10
EMP00528,Drishya Rama,60,Male,Customer Support,Support Executive,Diploma,70532,35,Bangalore,15,Yes,5,5,2,4,71,9,11,9,22,3,4,No,Not Provided,31-05-2024,zaina79@mannan-borah.org,6358135016,6
EMP00529,Anahi Dhaliwal,44,Other,HR,HR Manager,MBA,39704,15,Noida,23,Yes,2,5,2,5,60,0,14,7,20,4,1,No,Not Provided,21-02-2025,karnikreyansh@varma.org,8410971655,10
EMP00530,Devansh Sankar,21,Female,Sales,Business Development Associate,Diploma,82559,0,Delhi,21,No,3,1,3,5,68,0,4,13,12,2,4,No,Not Provided,12-05-2026,jboase@yahoo.com,4160847713,7
EMP00531,Raghav Sangha,45,Male,Not assigned,Software Engineer,Masters,78119,17,Delhi,30,No,1,5,5,5,53,6,8,9,12,3,2,No,Not Provided,13-10-2019,vanyasoman@yahoo.com,1276063874,6
EMP00532,Himmat Kala,38,Female,HR,HR Manager,Diploma,70060,17,Bangalore,39,Yes,5,5,3,5,32,0,19,2,7,2,2,No,Not Provided,21-11-2018,vidur13@hotmail.com,3498478568,3
EMP00533,Elakshi Suresh,30,Female,HR,HR Executive,Masters,89379,5,Delhi,21,Yes,2,5,2,5,22,5,21,12,9,3,5,No,Not Provided,04-06-2023,mehulshan@thaman.biz,8043416983,11
EMP00534,Taimur Bumb,39,Male,Finance,Finance Manager,Masters,56845,10,Noida,8,Yes,2,1,3,3,53,3,20,3,20,4,3,No,Not Provided,14-10-2022,biswasranbir@bir.com,229066093,11
EMP00535,Kaira Korpal,54,Male,IT,Data Analyst,Diploma,118694,33,Noida,34,No,2,1,5,3,63,0,3,8,3,2,3,No,Not Provided,18-12-2020,srivastavabhavin@hotmail.com,1750657660,9
EMP00536,Kimaya Bandi,44,Female,Finance,Financial Analyst,Bachelors,80852,23,Bangalore,27,No,4,4,4,2,67,2,12,5,13,2,1,No,Not Provided,19-10-2021,lagan48@andra-master.com,2088143580,3
EMP00537,Samarth Bobal,28,Male,HR,Recruiter,Masters,109016.6964,0,Hyderabad,16,Yes,2,4,4,3,65,1,5,15,6,1,2,No,Not Provided,22-11-2018,yakshit71@agate.com,8055507247,9
EMP00538,Kismat Sem,75,Other,Operations,Supply Chain Analyst,Masters,147965,2,Mumbai,20,No,2,2,3,1,44,7,13,2,9,1,1,No,Not Provided,05-02-2017,madhav15@saran.org,6025688217,10
EMP00539,Jiya Ahluwalia,48,Male,Sales,Business Development Associate,Masters,152179,21,Pune,17,No,4,1,3,4,60,4,4,6,20,4,2,No,Not Provided,06-01-2017,osuri@bhatti-luthra.com,1043283436,8
EMP00540,Aarush Krishnan,36,Other,Customer Support,Customer Success Manager,Masters,77097,12,Pune,10,Yes,2,1,5,1,52,9,18,11,25,4,4,Yes,"Poor Work Life Balance, Overtime, Low Job Satisfaction",15-10-2023,mehul74@thakkar-bahri.com,5277530248,17
EMP00541,Divyansh Johal,44,Other,Marketing,SEO Specialist,MBA,138215,15,Hyderabad,22,No,1,1,5,1,37,5,0,3,21,1,5,No,Not Provided,06-01-2024,mannatdevi@kumer.org,1006150822,12
EMP00542,Shanaya Ram,35,Other,Finance,Recruiter,Bachelors,98072,14,Chennai,20,Yes,1,1,5,2,1,9,1,14,22,2,3,Yes,"Poor Work Life Balance, Overtime, Low Job Satisfaction",04-07-2019,lsood@yahoo.com,4642924786,16
EMP00543,Jayan Bhattacharyya,47,Female,Marketing,Marketing Manager,Diploma,99872,22,Delhi,15,No,3,1,4,1,44,7,0,6,10,2,1,No,Not Provided,08-03-2020,duttaadvika@bose.biz,555961061,9
EMP00544,Zain Handa,53,Male,Customer Support,Support Executive,Masters,125483,24,Delhi,33,Yes,2,1,1,1,23,4,5,13,24,2,4,Yes,"Poor Work Life Balance, Overtime, Low Job Satisfaction",28-03-2021,srivastavadivit@ghosh.info,4941714283,17
EMP00545,Suhana Lala,43,Male,Customer Support,Customer Success Manager,Masters,158418,17,Pune,18,No,5,3,1,3,1,4,22,3,8,3,3,No,Not Provided,15-05-2022,drishya45@hotmail.com,7756124889,2
EMP00546,Neelofar Varughese,24,Male,Finance,Financial Analyst,Bachelors,157962,0,Noida,18,Yes,2,3,3,2,5,2,8,3,22,1,4,No,Not Provided,03-10-2019,eben@hotmail.com,100926438,7
EMP00547,Pari Khalsa,36,Male,Marketing,Content Strategist,Masters,96254,10,Kolkata,23,No,1,5,2,5,26,8,20,11,16,5,5,No,Not Provided,02-08-2023,tiya35@devan.com,355841659,12
EMP00548,Anaya Sheth,26,Male,Customer Support,Support Executive,MBA,166928,4,Mumbai,30,No,1,4,3,1,76,5,0,6,22,4,3,Yes,"Poor Work Life Balance, Manager Issues, High Stress",16-09-2019,bhavinbuch@chad.biz,496040443,13
EMP00549,Veer Mandal,57,Male,HR,HR Manager,Diploma,94331,27,Hyderabad,30,Yes,2,2,4,4,24,7,7,7,1,4,2,Yes,"Poor Work Life Balance, Overtime, Low Job Satisfaction",05-03-2025,khalsaazad@dar-hegde.com,686834505,14
EMP00550,Madhup Krishnamurthy,48,Other,Finance,Financial Analyst,Diploma,27923,23,Chennai,34,Yes,1,3,5,2,25,10,25,13,4,3,5,No,Not Provided,10-06-2017,lalriaan@mahajan.biz,8143632576,12
EMP00551,Nitya Dhingra,21,Male,Operations,Supply Chain Analyst,Bachelors,93380,0,Chennai,14,Yes,3,4,4,1,77,4,15,4,16,1,2,No,Not Provided,11-04-2025,fsaxena@mangat.biz,6586332579,4
EMP00552,Vedika Seshadri,33,Other,Sales,Business Development Associate,Masters,132333,10,Kolkata,31,No,4,2,2,4,74,6,18,13,20,2,5,No,Not Provided,17-11-2018,goelrasha@kohli-sahota.com,990903609,10
EMP00553,Rohan Kata,38,Male,Marketing,Content Strategist,MBA,130835,12,Hyderabad,18,Yes,4,4,5,3,80,5,17,10,8,5,3,No,Not Provided,25-08-2019,sidhumishti@chandra.com,5641185637,9
EMP00554,Kartik Kadakia,27,Other,HR,HR Manager,Diploma,156831,3,Noida,13,No,3,4,3,4,72,3,3,12,9,5,3,No,Not Provided,24-03-2022,arnavjani@hotmail.com,6861623722,7
EMP00555,Kimaya Verma,24,Male,Marketing,Content Strategist,Bachelors,64086,0,Pune,39,Yes,4,1,3,1,29,0,0,1,25,5,2,Yes,"Overtime, Low Job Satisfaction, Manager Issues",31-03-2020,kavya38@gmail.com,2179564669,13
EMP00556,Kashvi Sethi,35,Female,HR,HR Executive,Diploma,96636,10,Mumbai,18,No,1,3,3,4,71,3,9,7,4,2,4,No,Not Provided,23-01-2018,krishshenoy@yahoo.com,9555141122,3
EMP00557,Zara Korpal,28,Other,Marketing,Marketing Manager,Diploma,84968,0,Delhi,11,Yes,2,5,1,2,80,9,24,15,9,5,1,Yes,"Poor Work Life Balance, Overtime, Manager Issues",20-02-2018,stuvansant@gmail.com,9824160328,16
EMP00558,Samar Setty,22,Male,IT,Software Engineer,Bachelors,133679,0,Hyderabad,7,Yes,5,4,1,3,44,7,23,7,25,1,1,No,Not Provided,27-11-2023,jsabharwal@saxena-biswas.info,2694819413,6
EMP00559,Mishti Raman,22,Female,Marketing,Content Strategist,Masters,141543,0,Bangalore,13,Yes,2,4,5,4,40,7,17,6,13,1,1,No,Not Provided,13-09-2025,gerarhea@mahajan-kurian.com,7674306063,7
EMP00560,Keya Shetty,26,Male,Customer Support,Customer Success Manager,MBA,78024,3,Bangalore,31,No,2,3,1,4,9,4,22,10,5,5,3,No,Not Provided,30-12-2016,advikaray@yahoo.com,3026422093,11
EMP00561,Indranil Salvi,45,Male,Sales,Sales Manager,Diploma,137692,25,Chennai,38,No,5,4,5,5,74,3,15,2,10,4,4,No,Not Provided,03-05-2024,vritika30@gmail.com,8906242024,4
EMP00562,Rasha Kaur,26,Male,IT,BI Developer,MBA,49015,3,Bangalore,3,Yes,2,5,5,1,40,5,17,13,13,5,5,Yes,"Poor Work Life Balance, Overtime, Manager Issues",24-02-2017,amani44@yahoo.com,5911517356,14
EMP00563,Uthkarsh Devi,46,Male,Finance,Accountant,Bachelors,29979,26,Bangalore,21,Yes,1,4,2,2,45,8,19,6,17,2,3,No,Not Provided,08-09-2017,banikvardaniya@dhingra-kar.com,5384364664,11
EMP00564,Aarush Bose,58,Other,Finance,Accountant,Diploma,171168,36,Mumbai,34,No,3,1,2,3,71,9,4,3,5,3,2,No,Not Provided,16-03-2024,onkar97@grewal-saran.com,3774254249,10
EMP00565,Parinaaz Dugal,35,Other,IT,Software Engineer,Diploma,110106,11,Noida,11,No,1,3,1,4,67,3,7,10,19,2,4,No,Not Provided,03-10-2024,rdube@dugar.org,5308653479,7
EMP00566,Not Available,59,Male,IT,Software Engineer,Bachelors,30906,33,Hyderabad,3,Yes,5,5,4,2,79,8,17,1,3,1,5,No,Not Provided,21-07-2020,ydhillon@swaminathan.info,2572919818,6
EMP00567,Romil Ratti,52,Other,Finance,Finance Manager,Diploma,157063,22,Mumbai,4,No,1,1,2,2,32,4,18,5,23,5,4,No,Not Provided,07-02-2023,advikkorpal@varkey-kanda.com,4797942539,13
EMP00568,Lakshit Garg,58,Female,Marketing,Marketing Manager,Masters,134922,33,Bangalore,8,No,1,4,2,5,31,9,4,14,21,3,5,No,Not Provided,18-12-2023,ivanamane@hotmail.com,9653812880,11
EMP00569,Kartik Sachar,27,Female,HR,HR Executive,Masters,29164,0,Pune,12,No,3,2,4,4,51,6,5,12,11,5,2,No,Not Provided,01-09-2019,kbhakta@bedi.com,4453740212,12
EMP00570,Bhavin Chaudry,21,Male,IT,System Admin,Bachelors,52563,0,Kolkata,16,Yes,1,4,5,3,71,9,19,12,24,5,1,No,Not Provided,07-11-2021,ybhat@gmail.com,2287571064,12
EMP00571,Farhan Buch,57,Male,HR,Recruiter,Diploma,134932,30,Chennai,13,No,4,2,1,2,30,7,8,9,8,5,1,No,Not Provided,09-11-2016,sanghvitarini@kakar-gaba.net,1302740473,12
EMP00572,Taimur Lad,29,Female,Sales,Sales Manager,MBA,83818,0,Hyderabad,5,No,4,4,2,5,40,7,4,11,20,2,3,No,Not Provided,15-05-2023,rtata@mall.biz,6646651403,8
EMP00573,Ivana Chadha,29,Female,IT,BI Developer,MBA,63781,8,Hyderabad,24,Yes,5,5,4,5,32,2,12,14,14,5,2,No,Not Provided,01-06-2022,diya35@yahoo.com,7236843987,7
EMP00574,Neysa Arya,25,Male,Operations,Operations Executive,MBA,171905,1,Mumbai,2,Yes,2,3,3,3,7,8,20,14,24,4,2,No,Not Provided,22-02-2018,madananya@vohra.com,2679161491,12
EMP00575,Kartik Ratta,42,Male,Operations,Supply Chain Analyst,MBA,113308,18,Bangalore,23,No,5,1,1,3,58,6,14,5,6,3,5,No,Not Provided,28-07-2018,anikachanda@rao.com,9470688540,7
EMP00576,Abram Sama,25,Male,HR,Recruiter,MBA,100019,0,Hyderabad,13,No,4,2,3,5,19,5,22,12,18,1,3,No,Not Provided,25-11-2019,ebarad@brahmbhatt-manne.biz,5191672246,7
EMP00577,Heer Cherian,50,Other,Operations,Supply Chain Analyst,Bachelors,178700,21,Bangalore,21,No,1,2,3,1,69,5,7,15,8,4,4,Yes,"Poor Work Life Balance, Low Job Satisfaction, Manager Issues",13-04-2021,bumbyasmin@gmail.com,8273133627,15
EMP00578,Siya Swamy,41,Female,Sales,Business Development Associate,Diploma,122775,14,Delhi,16,No,1,4,2,4,76,0,17,4,14,2,3,No,Not Provided,25-09-2024,aniruddhdixit@basu.com,1611951295,5
EMP00579,Samiha Vig,30,Female,Finance,Finance Manager,MBA,144628,1,Bangalore,13,Yes,2,5,4,3,40,7,21,13,8,2,1,No,Not Provided,01-01-2024,vanyasant@talwar.biz,9495421455,9
EMP00580,Aniruddh Jaggi,42,Female,Sales,Business Development Associate,Bachelors,134216,17,Bangalore,8,Yes,1,2,3,3,24,3,12,13,10,1,2,No,Not Provided,20-12-2021,tkota@luthra.info,4736198115,10
EMP00581,Ela Rajan,44,Male,Sales,Sales Executive,Bachelors,96371,24,Pune,36,Yes,3,4,3,1,59,2,6,3,15,5,2,No,Not Provided,18-04-2024,nirvaandeshpande@yahoo.com,8849969028,8
EMP00582,Aarav Das,26,Other,Finance,Finance Manager,Diploma,167262,0,Bangalore,24,Yes,5,2,2,3,25,1,10,15,7,5,3,No,Not Provided,13-02-2025,rohan74@hotmail.com,4631218171,12
EMP00583,Drishya Toor,75,Other,Finance,Accountant,Masters,141255,20,Mumbai,6,Yes,3,3,1,1,4,7,1,12,15,1,4,No,Not Provided,24-10-2024,piya94@kalita.com,3958909430,12
EMP00584,Manjari Yadav,34,Male,Finance,Finance Manager,MBA,134095,7,Delhi,36,Yes,1,5,4,2,24,7,4,13,18,4,2,Yes,"Poor Work Life Balance, Overtime, Manager Issues",28-03-2023,sairasubramanian@dewan-dugar.com,4082841049,17
EMP00585,Indrans Ram,49,Other,Marketing,Content Strategist,Bachelors,125579,24,Hyderabad,21,No,3,5,5,3,78,3,3,6,7,5,1,No,Not Provided,02-04-2021,ltaneja@hotmail.com,4083572358,5
EMP00586,Vihaan Keer,60,Other,IT,Software Engineer,MBA,160523,31,Pune,37,Yes,1,3,2,4,55,6,18,10,14,3,5,No,Not Provided,04-12-2024,priyansh02@maharaj.info,2919160452,12
EMP00587,Nehmat Ahluwalia,59,Other,Finance,Financial Analyst,Diploma,116479,30,Mumbai,12,No,2,2,3,3,47,1,1,12,13,1,1,No,Not Provided,27-06-2018,gulatijhanvi@butala.com,315636437,10
EMP00588,Prerak Chad,52,Other,Sales,Sales Executive,Masters,146354,30,Kolkata,8,Yes,2,5,2,5,48,2,19,13,25,1,3,No,Not Provided,07-12-2020,karamadhav@rajagopalan.biz,9516096598,9
EMP00589,Shanaya Seshadri,22,Female,Finance,Financial Analyst,Masters,120628,0,Noida,40,No,1,5,4,2,14,0,21,6,16,3,4,No,Not Provided,01-04-2025,garariya@guha.com,7137723957,6
EMP00590,Renee Sahni,22,Female,HR,HR Executive,Bachelors,98665,2,Hyderabad,3,Yes,3,4,5,3,69,3,11,4,16,1,1,No,Not Provided,08-12-2022,rashamallick@hotmail.com,5896322769,2
EMP00591,Nirvaan Hari,53,Male,HR,HR Executive,Masters,62289,33,Pune,33,Yes,2,1,1,5,51,9,18,1,3,4,3,Yes,"Poor Work Life Balance, Overtime, Low Job Satisfaction",24-08-2021,aaravcontractor@yahoo.com,2054798700,16
EMP00592,Hridaan Sekhon,51,Other,Finance,Accountant,Diploma,113559,26,Hyderabad,18,Yes,1,5,5,4,21,7,7,9,9,5,5,No,Not Provided,23-04-2019,ahayer@yahoo.com,843312243,10
EMP00593,Zoya Madan,28,Female,HR,HR Manager,Masters,28806,0,Kolkata,30,No,5,4,4,3,66,1,23,9,22,4,5,No,Not Provided,05-12-2022,tsagar@hotmail.com,3488570822,4
EMP00594,Trisha Ahluwalia,44,Other,HR,HR Executive,Diploma,48621,19,Delhi,19,No,1,4,5,3,20,10,9,10,18,3,2,No,Not Provided,01-06-2025,zainauppal@hotmail.com,4194120161,7
EMP00595,Onkar Shanker,38,Male,Finance,Financial Analyst,MBA,120315,13,Hyderabad,20,No,5,2,2,2,24,3,0,5,20,1,4,No,Not Provided,13-01-2026,romilkaran@gmail.com,2588928908,9
EMP00596,Shayak Dar,32,Other,IT,Software Engineer,Masters,81228,7,Bangalore,28,No,2,3,3,2,29,5,11,12,0,5,5,Yes,"Poor Work Life Balance, Manager Issues, High Stress",01-05-2025,sarachoudhary@dua-bakshi.biz,153995728,13
EMP00597,Raunak Sule,56,Male,Finance,Accountant,Diploma,102195.4237,30,Pune,27,No,5,1,5,1,49,2,18,1,21,2,1,No,Not Provided,09-04-2017,cgoyal@shere.com,9027782081,6
EMP00598,Myra Char,50,Female,Marketing,Content Strategist,Masters,116512,25,Chennai,25,No,1,3,4,4,40,4,25,7,15,4,3,No,Not Provided,25-12-2023,kimayasachar@hotmail.com,1499343874,7
EMP00599,Vivaan Verma,46,Male,IT,System Admin,MBA,58662,22,Mumbai,12,Yes,5,4,3,1,9,2,24,4,3,5,2,No,Not Provided,16-09-2016,indrajitjayaraman@brar.com,8957368846,7
EMP00600,Tiya Arora,46,Male,Operations,Supply Chain Analyst,Bachelors,156704,26,Bangalore,38,Yes,1,4,4,2,46,7,7,10,16,5,3,Yes,"Poor Work Life Balance, Overtime, Manager Issues",08-01-2019,anahi19@gmail.com,6967156647,15
EMP00601,Akarsh Dey,30,Other,HR,HR Executive,Bachelors,76754,8,Kolkata,15,Yes,5,5,3,2,18,3,4,9,18,3,5,No,Not Provided,10-03-2026,psabharwal@gmail.com,1037991618,6
EMP00602,Yasmin Sheth,31,Female,Finance,Financial Analyst,Masters,131954,6,Mumbai,11,No,4,1,2,1,42,10,25,7,1,2,4,No,Not Provided,26-03-2020,kiara33@golla-baral.com,2479181392,9
EMP00603,Kiaan Chand,24,Other,Sales,Sales Executive,MBA,107401.1714,0,Mumbai,6,Yes,5,5,4,1,35,1,14,11,12,5,2,No,Not Provided,24-06-2019,vermaakarsh@gmail.com,3117732670,9
EMP00604,Anika Sani,53,Other,Finance,Finance Manager,Diploma,67547,30,Kolkata,40,Yes,1,4,4,1,80,3,25,13,25,3,4,No,Not Provided,06-05-2022,shamikbir@yahoo.com,9167012944,10
EMP00605,Armaan Bhat,57,Female,Customer Support,Customer Success Manager,Bachelors,149509,30,Noida,7,Yes,5,5,1,5,41,10,23,5,22,2,4,No,Not Provided,28-03-2020,keya74@goda.org,8611396392,6
EMP00606,Myra Brar,60,Male,IT,Software Engineer,Bachelors,70817,31,Bangalore,11,Yes,5,5,3,4,60,3,24,9,1,4,1,No,Not Provided,23-07-2024,yyadav@gmail.com,9381346602,5
EMP00607,Khushi Viswanathan,24,Female,Customer Support,Support Executive,MBA,109354,0,Kolkata,27,No,2,1,2,4,57,3,19,10,4,3,2,No,Not Provided,05-04-2025,suhanamalhotra@saran.info,3226955254,11
EMP00608,Dhanuk Shroff,33,Female,Marketing,Content Strategist,Bachelors,145432,9,Mumbai,16,Yes,2,2,4,5,76,0,6,4,0,4,2,No,Not Provided,16-04-2021,tbasak@chakraborty-rastogi.biz,3509676477,11
EMP00609,Neelofar Jaggi,32,Female,Customer Support,Customer Success Manager,Diploma,144366,7,Hyderabad,38,No,3,4,5,4,4,10,6,1,22,5,4,No,Not Provided,10-11-2022,parinaaz14@hotmail.com,7310583002,6
EMP00610,Alia Tiwari,28,Female,Marketing,Marketing Manager,Masters,42183,3,Delhi,33,Yes,3,1,1,5,12,3,2,2,7,5,2,No,Not Provided,12-07-2025,barmankabir@mand.net,9960084478,13
EMP00611,Advika Badami,51,Other,IT,System Admin,Diploma,156844,21,Mumbai,4,No,2,4,3,2,53,3,4,7,23,1,3,No,Not Provided,20-05-2018,mannanmamooty@bahl.biz,2149957776,7
EMP00612,Khushi Dugal,25,Other,IT,Data Analyst,MBA,166312,0,Hyderabad,28,No,2,5,2,5,76,7,20,10,4,1,1,No,Not Provided,25-11-2016,mishazacharia@gmail.com,1478566805,10
EMP00613,Alisha Chakraborty,29,Male,Operations,Operations Executive,Bachelors,109011,9,Chennai,25,Yes,4,1,2,5,48,8,4,13,17,1,4,Yes,"Overtime, Low Job Satisfaction, No Promotion",11-02-2024,keyasaraf@hotmail.com,7905753320,14
EMP00614,Mohanlal Sant,38,Female,Finance,Financial Analyst,Masters,162326,9,Kolkata,1,Yes,5,2,3,2,14,8,2,13,20,3,4,No,Not Provided,01-08-2018,misha55@johal-hans.com,8958965647,13
EMP00615,Raunak Loyal,41,Female,IT,Software Engineer,MBA,62496,11,Chennai,3,Yes,5,2,3,2,8,6,17,15,25,5,5,Yes,"Overtime, Low Job Satisfaction, Manager Issues",29-09-2017,pranayrau@yahoo.com,9194400521,14
EMP00616,Mishti Edwin,49,Other,HR,HR Executive,MBA,82441,26,Chennai,8,No,5,2,5,3,42,1,2,9,17,1,1,No,Not Provided,21-11-2022,basakyuvraj@yahoo.com,9569718138,5
EMP00617,Madhav Baria,45,Other,Operations,Supply Chain Analyst,MBA,168935,23,Hyderabad,1,Yes,3,2,5,3,40,0,21,10,9,4,2,No,Not Provided,16-03-2023,hanshkari@hotmail.com,5330151849,10
EMP00618,Damini Bakshi,53,Male,Operations,Supply Chain Analyst,Diploma,39912,25,Chennai,9,No,5,5,5,2,70,10,24,15,15,1,5,No,Not Provided,11-10-2022,skala@hotmail.com,432515204,6
EMP00619,Pihu Kaul,28,Female,Sales,Sales Executive,MBA,107401.1714,3,Mumbai,6,No,1,1,2,1,5,9,6,5,2,1,1,No,Not Provided,22-08-2022,jvarty@dara.com,5632226999,12
EMP00620,Saksham Gokhale,60,Male,Operations,Supply Chain Analyst,Bachelors,132336,40,Kolkata,23,Yes,5,5,3,2,57,7,24,7,6,2,4,No,Not Provided,01-11-2020,edua@gmail.com,7780171777,6
EMP00621,Raghav Goel,56,Other,Marketing,Marketing Manager,Bachelors,112369,30,Delhi,29,No,4,4,4,2,55,6,19,1,17,5,3,No,Not Provided,18-06-2019,choprashamik@yahoo.com,9733775636,8
EMP00622,Lakshit Keer,29,Other,Marketing,Content Strategist,MBA,81830,0,Bangalore,17,Yes,5,5,4,1,74,2,8,14,24,2,4,No,Not Provided,01-05-2021,kalahrishita@vaidya-batta.com,8187752408,6
EMP00623,Anahita Viswanathan,56,Other,Customer Support,Support Executive,Diploma,124223,28,Delhi,18,Yes,5,1,2,1,23,8,23,15,17,5,3,Yes,"Overtime, Low Job Satisfaction, Manager Issues",28-05-2019,hkohli@bhardwaj-agrawal.com,902519957,16
EMP00624,Raghav Choudhry,46,Other,Sales,Sales Manager,MBA,90414,25,Chennai,34,No,4,3,1,3,54,7,21,1,5,1,2,No,Not Provided,03-01-2017,thakkardamini@tandon.com,4790351268,5
EMP00625,Damini Verma,29,Other,Operations,Supply Chain Analyst,Diploma,52156,2,Bangalore,26,No,2,3,3,4,10,8,13,7,3,3,3,No,Not Provided,17-09-2017,groverindrajit@shere.com,4218921946,6
EMP00626,Saksham Yadav,49,Female,IT,System Admin,Diploma,145079,23,Delhi,19,No,2,5,4,2,29,3,22,11,8,2,2,No,Not Provided,31-10-2022,hiran00@date-sodhi.com,6310419398,7
EMP00627,Dhanuk Bhatti,29,Other,Finance,Finance Manager,Diploma,174790,5,Delhi,16,No,5,1,1,4,41,9,25,13,9,2,4,No,Not Provided,08-12-2018,reddyemir@contractor-malhotra.info,3983762563,9
EMP00628,Abram Sankar,75,Female,Sales,Sales Executive,Masters,153890,9,Delhi,24,Yes,1,5,3,3,55,3,4,11,2,3,5,No,Not Provided,22-11-2021,luthraayesha@agarwal.com,5460251388,9
EMP00629,Gokul Lata,56,Male,Customer Support,Customer Success Manager,Masters,168100,29,Kolkata,18,Yes,2,5,1,5,55,7,25,6,22,4,1,No,Not Provided,09-09-2022,lgala@yahoo.com,2568873320,12
EMP00630,Pihu Ray,56,Male,HR,HR Manager,Diploma,135732,36,Delhi,13,Yes,4,4,2,1,49,0,0,15,14,5,1,Yes,"Overtime, Manager Issues, High Stress",03-01-2026,sehgalshlok@bhakta-lad.net,5175579371,13
EMP00631,Nakul Bhalla,49,Male,Operations,Operations Executive,Diploma,122475,23,Kolkata,7,No,4,3,1,1,19,3,23,5,11,4,1,No,Not Provided,13-03-2024,nshah@master.biz,8738882119,7
EMP00632,Pihu Chahal,36,Other,Sales,Business Development Associate,Diploma,34129,8,Delhi,32,Yes,5,4,3,4,39,0,11,4,25,5,4,No,Not Provided,02-12-2017,amani39@yahoo.com,2143032125,6
EMP00633,Heer Manne,32,Female,HR,HR Manager,MBA,168383,4,Pune,37,No,5,4,1,1,16,10,12,8,0,3,3,No,Not Provided,14-10-2022,veermand@raju-mandal.net,353077327,7
EMP00634,Tarini Dugar,58,Male,IT,Data Analyst,Diploma,108678,28,Delhi,14,Yes,1,3,1,4,75,5,11,10,15,4,3,Yes,"Poor Work Life Balance, Overtime, High Stress",19-05-2023,ramaswamyehsaan@sankaran-mangat.info,5369519682,14
EMP00635,Jivika Chaudhuri,52,Female,Finance,Accountant,Masters,172016,23,Mumbai,19,No,1,3,1,5,26,3,2,5,1,3,4,No,Not Provided,07-06-2020,sunderamira@yahoo.com,7589139496,7
EMP00636,Krish Sant,49,Other,Marketing,Marketing Manager,Diploma,132982,21,Bangalore,24,Yes,3,5,4,2,15,8,12,3,22,4,1,No,Not Provided,02-04-2017,cgara@yahoo.com,9988728793,9
EMP00637,Ela Mahal,51,Other,Customer Support,Support Executive,MBA,173894,23,Hyderabad,29,Yes,1,3,2,3,11,6,8,8,25,1,4,No,Not Provided,23-08-2023,bsarma@yahoo.com,751909894,10
EMP00638,Fateh Bhatt,54,Other,Customer Support,Customer Success Manager,Bachelors,48299,31,Kolkata,14,No,5,2,5,3,20,8,16,9,10,4,3,No,Not Provided,05-10-2025,sethistuvan@dass.net,1061488256,8
EMP00639,Raunak Konda,33,Other,Sales,Business Development Associate,Bachelors,130113,10,Pune,15,No,4,1,1,5,78,4,2,10,2,5,2,No,Not Provided,13-11-2024,lsane@saini.org,4847038791,12
EMP00640,Shanaya Swaminathan,47,Male,Sales,Sales Executive,MBA,53523,23,Kolkata,7,No,2,1,4,3,72,3,7,9,15,5,1,No,Not Provided,30-01-2023,fthaker@lanka.com,201890581,9
EMP00641,Alisha Bala,26,Male,Operations,Operations Executive,MBA,133130,0,Hyderabad,24,Yes,3,4,2,1,29,10,9,6,3,2,1,No,Not Provided,07-09-2021,dsankaran@gmail.com,5182139114,8
EMP00642,Zoya Gopal,29,Other,Finance,Finance Manager,Masters,147164,2,Hyderabad,36,No,4,2,5,1,58,2,19,12,16,2,1,No,Not Provided,19-04-2026,nityamagar@randhawa.com,7429722308,8
EMP00643,Piya Jha,59,Female,Customer Support,Support Executive,Diploma,176894,29,Kolkata,14,No,3,4,4,2,24,10,24,6,25,3,5,No,Not Provided,06-09-2021,jsharaf@bhargava.com,1145389478,4
EMP00644,Shalv Sathe,58,Female,Operations,Supply Chain Analyst,Masters,134765,31,Pune,7,No,5,1,5,1,4,4,17,2,6,2,4,No,Not Provided,13-12-2016,emagar@kar.com,9902800389,5
EMP00645,Heer Dixit,56,Female,Operations,Operations Executive,Bachelors,79710,26,Chennai,40,No,3,5,1,3,37,1,24,6,13,2,3,No,Not Provided,30-10-2016,tmangal@hotmail.com,9728622776,3
EMP00646,Madhav Maharaj,51,Male,Finance,Accountant,Bachelors,37547,25,Hyderabad,13,No,5,3,5,4,14,0,13,3,4,4,4,No,Not Provided,15-10-2021,lchawla@gmail.com,39621482,3
EMP00647,Shray Dugal,45,Female,Marketing,Marketing Manager,Diploma,145977,15,Mumbai,3,No,2,3,5,2,70,4,12,6,10,5,4,No,Not Provided,15-11-2019,hhari@dash.com,874687329,8
EMP00648,Ivan Sekhon,38,Female,Sales,Sales Executive,MBA,108944,12,Bangalore,1,Yes,5,4,1,4,69,4,5,6,18,5,1,No,Not Provided,23-02-2020,bhattshaan@lal.info,6888991208,9
EMP00649,Tiya Baral,44,Female,Customer Support,Customer Success Manager,Bachelors,44580,15,Bangalore,12,No,2,4,2,3,67,10,24,8,0,2,5,No,Not Provided,03-10-2016,aradhyacheema@mahajan-chahal.com,8160238197,7
EMP00650,Indrajit Vyas,17,Other,Operations,Supply Chain Analyst,Bachelors,84873,25,Noida,38,Yes,3,2,4,5,57,7,8,1,10,1,3,No,Not Provided,23-03-2024,indrans17@gade.com,3342810062,8
EMP00651,Uthkarsh Swamy,60,Female,HR,HR Manager,Diploma,80700,40,Hyderabad,1,Yes,1,1,4,3,16,5,12,3,21,1,3,No,Not Provided,24-05-2022,alisha40@gmail.com,8566744029,10
EMP00652,Anahita Viswanathan,54,Other,Finance,Accountant,Diploma,103010,34,Kolkata,30,Yes,3,1,5,2,71,1,16,12,6,5,2,Yes,"Overtime, Low Job Satisfaction, Manager Issues",04-09-2018,rchaudhuri@hotmail.com,9873832073,13
EMP00653,Tara Shetty,47,Female,IT,Data Analyst,Masters,161941,20,Kolkata,31,Yes,4,1,5,2,28,0,5,1,17,4,5,No,Not Provided,16-10-2018,sahamiraan@verma.com,8840936719,13
EMP00654,Ehsaan Krish,40,Male,Marketing,Marketing Manager,Masters,179649,20,Chennai,39,Yes,3,5,5,4,41,8,3,11,0,1,5,No,Not Provided,04-10-2024,brarfarhan@hotmail.com,5991925376,9
EMP00655,Miraan Butala,43,Male,Marketing,Marketing Manager,Bachelors,33976,16,Hyderabad,5,Yes,4,1,5,4,16,9,17,4,24,4,5,No,Not Provided,29-04-2023,isarkar@sodhi.com,8553276865,10
EMP00656,Shalv Jani,49,Other,Customer Support,Support Executive,Diploma,91794,26,Noida,27,No,1,2,5,4,74,0,18,9,0,2,3,No,Not Provided,01-05-2026,ghosemadhup@raman.net,6557934727,7
EMP00657,Anika Bal,36,Male,Finance,Supply Chain Analyst,Diploma,149766,7,Bangalore,35,Yes,5,4,2,4,44,10,14,6,7,5,4,No,Not Provided,04-04-2019,mishtichar@hotmail.com,1804018618,10
EMP00658,Jayant Kalla,51,Male,Finance,Financial Analyst,MBA,179450,21,Pune,17,Yes,3,5,5,5,23,10,6,4,13,2,4,No,Not Provided,26-08-2019,shray78@gmail.com,5347997755,4
EMP00659,Azad Manne,50,Female,IT,Software Engineer,Masters,86199,24,Bangalore,18,No,2,4,3,4,25,8,6,7,10,1,5,No,Not Provided,19-10-2022,zoya81@chaudhary-kala.net,4828411152,5
EMP00660,Adira Ramakrishnan,60,Male,Customer Support,Customer Success Manager,Diploma,93893,34,Hyderabad,25,No,4,5,4,5,8,6,6,12,13,5,1,No,Not Provided,16-03-2020,shalv93@yahoo.com,3218872827,8
EMP00661,Badal Shanker,53,Other,IT,System Admin,Masters,53162,25,Mumbai,31,No,2,2,5,2,3,3,3,10,24,2,5,Yes,"Poor Work Life Balance, Low Job Satisfaction, Manager Issues",02-06-2025,dchada@sarma.com,9661631375,13
EMP00662,Abram Vasa,43,Female,Sales,Sales Executive,Diploma,127971,22,Mumbai,7,Yes,5,3,5,1,4,9,12,13,11,2,2,No,Not Provided,21-03-2023,akamdar@gmail.com,9540903149,8
EMP00663,Not Available,23,Male,Customer Support,Support Executive,Diploma,92650,1,Bangalore,39,No,5,5,3,2,9,7,21,14,14,1,3,No,Not Provided,12-03-2021,aainavarma@hotmail.com,4200102749,7
EMP00664,Vidur Wali,35,Female,Operations,Operations Executive,Bachelors,131852,7,Hyderabad,29,No,1,1,5,1,68,8,20,4,15,5,5,Yes,"Poor Work Life Balance, Low Job Satisfaction, Manager Issues",23-06-2021,nityasekhon@singh-chaudhry.com,4584869529,14
EMP00665,Nitara Dhawan,26,Female,Operations,Operations Executive,Masters,115235,6,Mumbai,29,No,4,1,2,3,7,4,24,15,23,2,1,No,Not Provided,20-05-2023,kashvivirk@hotmail.com,3842414561,8
EMP00666,Zoya Arora,60,Male,Sales,Sales Executive,MBA,43686,39,Hyderabad,15,No,3,1,1,3,40,0,15,3,11,3,2,No,Not Provided,11-01-2017,Not Generated,702595750,5
EMP00667,Yuvaan Saha,27,Male,IT,BI Developer,Masters,32808,0,Hyderabad,13,No,3,4,3,3,66,9,22,12,3,4,4,No,Not Provided,13-11-2016,ritvik13@hotmail.com,4059859772,7
EMP00668,Pranay Bajaj,41,Other,IT,BI Developer,Diploma,146374,11,Bangalore,12,Yes,5,3,2,2,77,6,22,11,21,5,2,No,Not Provided,01-03-2021,sumer99@gmail.com,9844139387,13
EMP00669,Shalv Badal,58,Female,Sales,Sales Manager,Bachelors,160952,33,Noida,37,Yes,2,4,4,4,14,7,13,5,13,4,5,No,Not Provided,02-09-2017,qbassi@borra.com,2982574040,11
EMP00670,Ishita Kalita,35,Male,HR,Recruiter,Masters,142687,10,Kolkata,16,No,3,1,3,3,13,8,1,8,13,1,2,No,Not Provided,05-01-2025,mirayaratti@gmail.com,1926494954,7
EMP00671,Hunar Hans,52,Other,HR,Recruiter,Masters,32348,24,Chennai,12,Yes,2,5,5,4,14,9,5,5,14,2,2,No,Not Provided,20-12-2018,rsetty@gmail.com,5055463643,9
EMP00672,Aradhya Dara,51,Female,HR,Recruiter,Masters,140090,29,Chennai,14,Yes,5,4,4,5,48,3,17,7,7,4,1,No,Not Provided,15-12-2016,fbhagat@gmail.com,3408606397,5
EMP00673,Aarush Soni,32,Male,HR,HR Manager,Masters,50046,2,Mumbai,24,No,2,1,3,1,68,1,13,11,16,2,3,No,Not Provided,09-06-2016,diya21@dayal-samra.com,5949421606,10
EMP00674,Chirag Bala,50,Male,HR,HR Manager,Diploma,167130,30,Pune,15,Yes,5,1,1,1,56,0,10,11,11,2,1,No,Not Provided,18-03-2021,ibumb@gmail.com,2017751807,11
EMP00675,Gatik Bedi,55,Other,Marketing,SEO Specialist,MBA,45818,30,Delhi,23,No,2,1,1,2,54,4,2,12,0,1,5,Yes,"Poor Work Life Balance, Low Job Satisfaction, Manager Issues",04-06-2020,arnavatwal@yahoo.com,3841409183,14
EMP00676,Gatik Mannan,21,Other,Finance,Finance Manager,Diploma,64729,0,Noida,27,Yes,3,4,2,3,31,6,23,12,19,4,5,No,Not Provided,09-09-2022,ygoda@gmail.com,5346261759,12
EMP00677,Seher Handa,32,Male,IT,BI Developer,Bachelors,93146,9,Delhi,10,No,3,4,3,5,52,4,4,11,19,4,3,No,Not Provided,07-12-2016,mandaurvi@yahoo.com,7534074241,7
EMP00678,Manjari Sen,58,Male,Finance,Accountant,MBA,159482,32,Bangalore,5,No,5,1,3,4,15,4,24,13,9,2,1,No,Not Provided,14-04-2018,dinpranay@jhaveri.com,8742697246,5
EMP00679,Ivan Tripathi,25,Male,IT,BI Developer,Diploma,70713,4,Chennai,6,No,5,1,3,3,10,8,22,4,15,1,2,No,Not Provided,04-01-2026,anaydhawan@hotmail.com,2505832000,5
EMP00680,Armaan Taneja,29,Other,HR,HR Manager,Masters,131742,8,Pune,27,No,2,3,3,2,58,2,20,13,17,4,5,No,Not Provided,11-10-2017,sainielakshi@gmail.com,1084771016,11
EMP00681,Himmat Srinivasan,36,Other,Customer Support,Customer Success Manager,Masters,75208,13,Chennai,28,Yes,1,5,1,4,18,6,0,7,3,2,1,No,Not Provided,19-03-2023,kabirsarraf@yahoo.com,2420559328,12
EMP00682,Kartik Kohli,22,Male,Finance,Financial Analyst,Masters,121282,0,Hyderabad,3,No,2,3,1,5,59,10,3,8,16,1,2,No,Not Provided,18-09-2022,eshani08@hotmail.com,3499298032,9
EMP00683,Shayak Khare,28,Male,Sales,Sales Executive,MBA,104506,0,Pune,30,No,1,3,2,1,74,4,5,14,17,2,3,No,Not Provided,07-11-2024,ehsaan06@hotmail.com,6025993530,12
EMP00684,Nitya Sengupta,31,Other,Operations,Supply Chain Analyst,Bachelors,35217,6,Mumbai,7,No,2,3.039382866,2,2,50,3,1,8,11,1,5,No,Not Provided,12-06-2024,sana45@yahoo.com,9034536445,9
EMP00685,Zaina Banik,59,Male,Sales,Sales Manager,MBA,134406,37,Mumbai,29,No,5,2,3,3,60,10,2,5,10,5,2,No,Not Provided,21-02-2022,thakurtanya@karpe-gill.net,5643044411,11
EMP00686,Kiara Kale,44,Male,Finance,Supply Chain Analyst,Masters,47429,19,Pune,37,No,7,4,1,2,1,10,19,4,25,5,1,No,Not Provided,23-09-2020,ndixit@keer.info,7806816978,10
EMP00687,Aayush Kale,46,Male,Finance,Finance Manager,Diploma,122165,18,Mumbai,35,Yes,4,5,1,2,77,0,21,10,16,1,2,No,Not Provided,09-11-2024,deyamani@gmail.com,1223261101,9
EMP00688,Hridaan Buch,51,Other,Finance,Financial Analyst,Masters,129273,25,Kolkata,40,No,4,5,1,4,4,9,16,10,25,5,3,No,Not Provided,20-05-2017,bkothari@yohannan.net,373525077,10
EMP00689,Arhaan Tak,29,Male,IT,System Admin,Masters,78384,9,Bangalore,34,No,4,2,5,3,48,1,8,7,11,4,1,No,Not Provided,10-10-2021,udhillon@gmail.com,1502199462,7
EMP00690,Nishith Bassi,56,Male,Customer Support,Customer Success Manager,Diploma,150852,27,Pune,23,Yes,4,5,5,3,37,1,18,1,23,1,1,No,Not Provided,08-02-2023,chaudhuriakarsh@yahoo.com,9593332165,2
EMP00691,Kashvi Din,37,Male,Customer Support,Support Executive,Masters,79135,17,Noida,28,Yes,2,3,1,1,79,10,23,4,5,5,1,Yes,"Poor Work Life Balance, Overtime, Manager Issues",07-01-2022,goswaminitara@borde-devi.biz,374412137,15
EMP00692,Himmat Varty,59,Female,Customer Support,Support Executive,Bachelors,142460,33,Kolkata,32,No,5,5,3,3,13,6,19,4,25,3,5,No,Not Provided,26-07-2025,toorzoya@tata-chada.info,4453356317,3
EMP00693,Jayesh Tak,24,Male,Operations,Operations Executive,Diploma,139760,0,Pune,34,No,2,1,1,4,33,5,9,11,17,4,2,Yes,"Poor Work Life Balance, Low Job Satisfaction, High Stress",08-04-2020,Not Generated,3091394895,16
EMP00694,Aniruddh Ramaswamy,31,Female,Finance,Accountant,Masters,152782,9,Chennai,14,No,1,5,5,3,47,5,18,7,0,2,5,No,Not Provided,14-05-2019,saxenachirag@lall.com,7976926281,5
EMP00695,Not Available,31,Female,Finance,Support Executive,Bachelors,129841,2,Mumbai,13,No,2,4,5,3,5,7,4,15,13,1,4,No,Not Provided,17-02-2021,shayak03@lala.com,6263639315,9
EMP00696,Arnav Borde,45,Male,Finance,Accountant,Diploma,89604,23,Chennai,8,No,5,1,2,1,32,9,11,9,24,5,5,No,Not Provided,12-09-2016,stuvanchokshi@chand.net,5935809848,12
EMP00697,Aaina Goda,39,Male,Customer Support,Support Executive,Bachelors,28563,19,Noida,35,Yes,1,5,4,3,54,10,12,13,7,1,1,No,Not Provided,06-10-2022,mallickelakshi@chandran.com,1423818317,10
EMP00698,Aarna Chakraborty,50,Other,Sales,Business Development Associate,Diploma,38073,23,Pune,2,No,2,3,3,1,17,9,4,4,2,4,1,No,Not Provided,20-01-2019,rtrivedi@hotmail.com,4397819537,12
EMP00699,Nakul Sood,41,Male,Sales,Business Development Associate,Bachelors,157965,13,Chennai,17,Yes,1,5,2,4,61,4,6,5,7,3,4,No,Not Provided,09-03-2023,taran49@hotmail.com,7788867361,7
EMP00700,Jayan Bal,40,Male,Operations,Operations Executive,MBA,164077,18,Pune,31,No,2,2,5,1,80,2,16,8,25,5,4,No,Not Provided,21-05-2020,lakshit46@loke.com,5194638130,12
EMP00701,Advika Sandal,34,Other,Finance,Accountant,Bachelors,166865,5,Hyderabad,7,Yes,3,2,2,2,66,3,10,3,9,2,4,No,Not Provided,25-09-2021,xdasgupta@gmail.com,9063459558,9
EMP00702,Divij Mannan,35,Female,IT,BI Developer,Masters,162540,11,Kolkata,26,No,2,3,4,1,70,2,3,8,7,1,2,No,Not Provided,13-10-2017,kbarad@hotmail.com,3354857462,8
EMP00703,Anaya Madan,30,Male,Customer Support,Customer Success Manager,Diploma,33679,8,Noida,32,Yes,1,1,3,5,28,9,8,15,25,3,2,No,Not Provided,23-10-2021,ramaswamyaniruddh@yahoo.com,7496033547,13
EMP00704,Stuvan Wason,51,Other,Operations,Supply Chain Analyst,Diploma,156207,23,Noida,4,Yes,3,5,1,3,58,0,10,12,16,4,1,No,Not Provided,22-07-2020,halderamira@gmail.com,1944962216,9
EMP00705,Hazel Sehgal,25,Male,Sales,Sales Manager,Bachelors,135165,0,Noida,1,Yes,5,3,4,4,32,7,2,13,10,3,2,No,Not Provided,24-05-2020,siya34@gmail.com,8736295447,8
EMP00706,Trisha Chokshi,32,Male,Customer Support,Support Executive,Bachelors,144249,3,Chennai,27,Yes,5,4,4,3,76,7,22,12,11,5,2,No,Not Provided,15-07-2019,khalsaprisha@walla.info,1465605313,10
EMP00707,Taran Issac,17,Female,IT,Data Analyst,Diploma,86929,27,Noida,22,Yes,2,4,3,2,7,8,21,15,1,5,2,Yes,"Poor Work Life Balance, Overtime, Manager Issues",27-01-2018,Not Generated,1511305101,14
EMP00708,Piya Seshadri,28,Other,Sales,Sales Manager,Diploma,35070,5,Bangalore,35,No,2,5,1,1,30,5,18,10,5,1,1,No,Not Provided,20-09-2023,tvirk@comar-balay.info,8057852256,12
EMP00709,Indrans Lad,58,Male,Operations,Supply Chain Analyst,Diploma,73764,32,Pune,38,No,4,2,5,2,28,3,6,5,14,2,2,No,Not Provided,13-10-2019,amanichandran@hotmail.com,6239435978,6
EMP00710,Shayak Rajagopal,22,Female,Customer Support,Support Executive,MBA,50557,1,Pune,2,Yes,3,3,3,5,65,0,23,12,7,3,2,No,Not Provided,17-11-2017,groveryasmin@basak.com,3732263013,4
EMP00711,Divyansh Kala,29,Other,Marketing,Content Strategist,Bachelors,99647,5,Chennai,33,No,4,4,5,5,31,7,8,5,16,5,1,No,Not Provided,19-06-2022,vdey@madan.net,7301250932,6
EMP00712,Hridaan Wason,59,Male,Finance,Accountant,MBA,177227,34,Noida,23,Yes,4,4,1,5,74,1,17,12,23,1,4,No,Not Provided,28-04-2022,ugade@gmail.com,3556617191,6
EMP00713,Manjari Golla,53,Female,Operations,Supply Chain Analyst,Masters,99342,29,Chennai,33,Yes,5,4,2,1,16,7,7,10,20,1,2,No,Not Provided,30-12-2025,sana59@joshi.com,1219426910,11
EMP00714,Zain Tailor,51,Other,Customer Support,Support Executive,Bachelors,76825,31,Delhi,36,Yes,5,1,3,1,38,1,17,13,1,3,1,No,Not Provided,26-04-2023,seher17@issac.com,8184467478,10
EMP00715,Elakshi Din,39,Female,Marketing,Content Strategist,MBA,25341,14,Noida,12,No,5,5,1,3,76,5,8,6,19,1,1,No,Not Provided,17-03-2024,xbora@yahoo.com,6011863728,4
EMP00716,Zeeshan Sagar,41,Female,Finance,Financial Analyst,MBA,51404,17,Bangalore,20,No,4,5,4,1,30,9,6,4,23,4,5,No,Not Provided,22-09-2019,priyanshkeer@bora-sarma.com,9376568431,7
EMP00717,Manikya Biswas,26,Other,HR,HR Executive,Masters,54751,0,Mumbai,35,Yes,2,4,5,3,26,8,11,3,2,2,5,No,Not Provided,06-06-2018,issacseher@hotmail.com,7815532627,8
EMP00718,Mahika Agarwal,55,Male,Marketing,SEO Specialist,Diploma,81767,35,Hyderabad,32,No,5,4,5,5,11,1,7,5,18,1,2,No,Not Provided,14-09-2020,nirvi93@hotmail.com,2359903058,1
EMP00719,Vardaniya Ramaswamy,49,Other,Marketing,SEO Specialist,MBA,61628,26,Bangalore,38,No,5,5,2,4,6,2,25,15,23,2,1,No,Not Provided,30-06-2023,baiju94@sarna.com,8964320970,5
EMP00720,Yakshit Sastry,50,Female,Sales,Sales Manager,MBA,95514,24,Delhi,13,No,2,5,3,3,23,5,4,7,24,2,5,No,Not Provided,10-04-2023,taimurmandal@lad.org,5226558148,7
EMP00721,Vihaan Kashyap,45,Female,IT,Data Analyst,Diploma,155115,15,Pune,29,No,2,4,4,1,6,8,22,1,0,2,3,No,Not Provided,25-06-2018,dubeyraghav@hotmail.com,8706402663,8
EMP00722,Samarth Sarkar,49,Other,Finance,Finance Manager,Masters,39808,29,Bangalore,13,Yes,5,1,2,3,52,10,23,13,11,2,4,No,Not Provided,28-02-2023,rvenkatesh@soni.org,534662153,11
EMP00723,Tarini Bains,17,Female,Sales,Business Development Associate,Bachelors,60671,12,Chennai,15,Yes,4,4,2,1,35,8,3,10,12,4,4,Yes,"Overtime, Manager Issues, High Stress",31-03-2024,indrajit28@gmail.com,7185546318,15
EMP00724,Purab Yohannan,42,Male,HR,HR Manager,Diploma,76814,19,Bangalore,28,Yes,2,5,2,3,66,2,23,14,10,2,4,No,Not Provided,19-08-2016,riya09@hotmail.com,8666519130,10
EMP00725,Badal Contractor,41,Male,Customer Support,Customer Success Manager,Diploma,155932,19,Chennai,38,Yes,1,5,1,2,29,10,16,9,19,5,1,Yes,"Poor Work Life Balance, Overtime, Manager Issues",05-06-2019,dugaleva@chaudhary.com,4451301246,15
EMP00726,Jhanvi Kapur,25,Other,Sales,Sales Executive,Bachelors,96719,0,Noida,4,No,4,5,3,3,71,5,24,3,12,4,1,No,Not Provided,13-06-2025,tarini48@wason.com,6269451074,5
EMP00727,Yuvraj  Lall,44,Male,Customer Support,Customer Success Manager,Bachelors,30829,24,Hyderabad,30,No,2,3,2,1,50,1,8,2,1,1,1,No,Not Provided,02-12-2025,faiyaz28@gmail.com,9440709081,8
EMP00728,Vritika Chaudry,35,Male,Finance,Accountant,Diploma,55057,8,Delhi,8,No,4,2,1,3,66,0,11,5,11,2,1,No,Not Provided,15-02-2024,ramakrishnanmanikya@ghosh-mangat.com,1872114197,5
EMP00729,Urvi Barad,52,Male,Marketing,Marketing Manager,Diploma,64548,29,Hyderabad,1,Yes,1,1,3,3,23,2,2,7,1,5,5,Yes,"Poor Work Life Balance, Overtime, Low Job Satisfaction",06-01-2019,elachaudhry@wable.biz,437499050,13
EMP00730,Jivika Gara,53,Male,Customer Support,Customer Success Manager,Masters,107008,32,Chennai,12,Yes,4,3,5,2,44,4,22,13,21,4,1,No,Not Provided,04-01-2023,mandalmisha@subramanian.com,5840293196,9
EMP00731,Taran Dua,33,Other,IT,System Admin,Bachelors,160040,13,Kolkata,8,No,1,5,2,3,75,7,23,7,17,3,1,No,Not Provided,06-01-2020,cbarman@hotmail.com,8888387624,7
EMP00732,Fateh Master,43,Female,Sales,Sales Executive,Bachelors,69965,18,Noida,10,Yes,4,5,5,1,27,3,0,1,19,5,2,No,Not Provided,01-01-2017,divij02@gill.com,6256839528,9
EMP00733,Zoya Soman,26,Male,Marketing,SEO Specialist,Diploma,68432,0,Kolkata,14,Yes,4,5,4,2,24,5,24,14,10,3,3,No,Not Provided,14-08-2025,purab71@mane.net,2021849423,8
EMP00734,Ahana  Bhakta,35,Other,Operations,Supply Chain Analyst,Bachelors,62382,8,Pune,15,No,1,5,3,5,2,4,5,11,17,5,1,No,Not Provided,30-11-2016,darshittak@hotmail.com,1860622788,10
EMP00735,Dhruv Sathe,42,Male,Sales,Business Development Associate,Diploma,134865,19,Bangalore,36,Yes,1,4,4,5,3,3,17,6,11,1,4,No,Not Provided,01-01-2024,zaraloyal@hotmail.com,2730761581,6
EMP00736,Pihu Sane,33,Male,HR,HR Executive,Bachelors,122530,13,Delhi,33,No,1,2,1,1,10,7,0,4,11,4,1,Yes,"Poor Work Life Balance, Low Job Satisfaction, Manager Issues",03-05-2017,skumar@gmail.com,395309681,18
EMP00737,Ishita Barad,49,Other,Finance,Financial Analyst,Bachelors,84126,23,Kolkata,24,Yes,2,2,3,4,20,10,10,5,11,5,5,Yes,"Poor Work Life Balance, Overtime, Low Job Satisfaction",16-10-2017,lankastuvan@yahoo.com,5408893525,13
EMP00738,Yashvi Chanda,27,Male,HR,HR Executive,MBA,57155,4,Mumbai,14,No,2,5,2,1,7,7,10,14,1,2,5,No,Not Provided,10-01-2019,vidurreddy@kannan.com,2543754374,11
EMP00739,Lakshay Hayre,40,Male,HR,Recruiter,MBA,122047,13,Chennai,31,No,3,3,3,5,29,10,2,12,17,5,1,No,Not Provided,04-09-2017,aarushkumer@gmail.com,446764340,10
EMP00740,Sumer Vohra,54,Other,IT,BI Developer,Diploma,65901,28,Noida,30,No,2,4,2,1,33,8,23,11,10,2,2,No,Not Provided,02-07-2024,gbala@sharaf.biz,8634459466,12
EMP00741,Shalv Dixit,57,Other,HR,HR Executive,MBA,31205,36,Hyderabad,4,Yes,4,1,5,2,51,8,24,4,20,4,5,No,Not Provided,12-01-2022,shamik72@yahoo.com,4327866427,12
EMP00742,Ishita Chauhan,31,Female,Customer Support,Customer Success Manager,MBA,36311,9,Bangalore,23,Yes,2,2,2,3,47,6,20,12,8,1,2,Yes,"Poor Work Life Balance, Overtime, Low Job Satisfaction",09-02-2026,Not Generated,3703075328,14
EMP00743,Hunar Wason,27,Male,Operations,Supply Chain Analyst,Bachelors,30297,0,Hyderabad,26,No,4,5,1,1,74,3,6,7,24,2,5,No,Not Provided,05-12-2025,jayantkhosla@yadav-raj.info,1431859076,5
EMP00744,Rohan Raman,47,Male,IT,Data Analyst,Bachelors,147351,18,Mumbai,12,No,3,4,5,4,23,8,9,6,25,3,5,No,Not Provided,21-07-2024,vivaanchaudhuri@gmail.com,8922005610,2
EMP00745,Arnav Ratta,58,Other,HR,HR Executive,MBA,117972,34,Hyderabad,39,No,1,3,1,2,9,2,13,15,3,4,1,Yes,"Poor Work Life Balance, Manager Issues, High Stress",05-07-2023,agateranbir@chadha-sankar.com,5098305167,13
EMP00746,Yuvraj  Gera,32,Other,Marketing,Content Strategist,Masters,178267,2,Mumbai,16,No,4,3,2,4,56,1,19,15,11,1,2,No,Not Provided,23-04-2023,sundaramchirag@hotmail.com,2846601821,4
EMP00747,Parinaaz Jani,24,Male,Sales,Sales Manager,Masters,66130,0,Kolkata,25,No,5,4,2,4,80,7,5,12,7,5,2,No,Not Provided,08-07-2018,luthrashalv@yahoo.com,8350081826,12
EMP00748,Vanya Hayer,49,Male,Finance,Accountant,Diploma,65821,29,Pune,2,Yes,2,4,3,1,40,0,9,14,4,3,5,No,Not Provided,13-12-2024,akarshsankar@hotmail.com,3758602283,9
EMP00749,Yakshit Dora,42,Male,Operations,Operations Executive,MBA,170154,21,Bangalore,9,No,3,3.039382866,3,4,26,1,17,4,5,2,4,No,Not Provided,12-01-2021,batratejas@hotmail.com,2957444335,0
EMP00750,Indrajit Shenoy,56,Male,Finance,Financial Analyst,Diploma,88191,31,Hyderabad,28,Yes,5,1,5,4,79,3,21,6,13,3,3,No,Not Provided,10-05-2020,ojas74@hayer.info,5757348693,6
EMP00751,Kismat Goswami,33,Other,IT,System Admin,Bachelors,172050,4,Noida,6,Yes,1,3,3,5,39,3,12,10,8,5,5,No,Not Provided,11-03-2019,pkrishnan@yahoo.com,7769031590,10
EMP00752,Darshit Bala,30,Other,HR,HR Executive,Masters,62331,8,Hyderabad,20,Yes,2,2,5,3,6,4,7,10,6,4,4,Yes,"Poor Work Life Balance, Overtime, Low Job Satisfaction",17-08-2019,sumersharma@chatterjee-varma.info,7003912273,13
EMP00753,Saanvi Gara,35,Male,IT,Software Engineer,Bachelors,56369,5,Chennai,6,Yes,1,1,3,1,65,7,12,13,3,3,5,Yes,"Poor Work Life Balance, Overtime, Low Job Satisfaction",14-12-2023,sumer86@mani-kulkarni.com,7652885353,14
EMP00754,Rati Bains,44,Male,Sales,Business Development Associate,Diploma,130833,21,Mumbai,31,No,5,4,5,2,41,6,22,11,23,5,5,No,Not Provided,06-10-2024,acharyasaira@yahoo.com,999552940,10
EMP00755,Adira Butala,21,Female,Marketing,SEO Specialist,Masters,113717,1,Delhi,34,Yes,5,3,5,4,75,7,3,5,21,3,3,No,Not Provided,12-05-2022,dbalan@hotmail.com,2068358917,7
EMP00756,Kartik Bains,52,Female,Sales,Sales Manager,Masters,42320,23,Hyderabad,26,No,2,2,1,1,1,7,9,11,5,4,1,Yes,"Poor Work Life Balance, Low Job Satisfaction, Manager Issues",11-07-2021,grovervihaan@gmail.com,1248687636,18
EMP00757,Purab Manda,75,Female,Sales,Sales Manager,MBA,37650,1,Chennai,21,Yes,3,5,2,1,42,5,10,5,15,4,5,No,Not Provided,16-02-2024,psahota@dutta.info,5029317326,11
EMP00758,Tarini Randhawa,52,Female,Sales,Sales Manager,MBA,100838,24,Hyderabad,33,Yes,3,2,3,4,16,2,23,9,23,1,4,No,Not Provided,28-09-2024,baiju30@acharya.com,344785685,6
EMP00759,Rohan Sandhu,45,Other,Finance,Finance Manager,Diploma,179019,24,Delhi,15,Yes,5,5,1,4,42,3,12,2,6,1,2,No,Not Provided,30-07-2021,onkargole@hotmail.com,5409836004,4
EMP00760,Ayesha Saraf,45,Other,Customer Support,Customer Success Manager,Diploma,97699,18,Hyderabad,31,Yes,2,3,3,5,15,4,4,13,8,2,4,No,Not Provided,28-05-2016,veer20@anand-kamdar.com,3095840999,10
EMP00761,Raghav Sane,28,Female,Customer Support,Support Executive,MBA,152675,4,Bangalore,5,Yes,1,1,4,2,14,4,15,3,11,2,3,No,Not Provided,13-07-2017,Not Generated,514487076,10
EMP00762,Vihaan Bahri,35,Male,IT,System Admin,Masters,156521,12,Bangalore,31,No,2,1,5,4,58,9,24,9,0,2,5,No,Not Provided,20-01-2024,rahluwalia@hotmail.com,5703463990,9
EMP00763,Piya Reddy,42,Female,Not assigned,SEO Specialist,Bachelors,156945,22,Pune,35,Yes,1,1,5,2,39,8,20,6,0,3,5,Yes,"Poor Work Life Balance, Overtime, Low Job Satisfaction",27-06-2023,takdrishya@sood-lad.com,329774514,13
EMP00764,Alia Bains,28,Male,Sales,Business Development Associate,Masters,169633,4,Delhi,11,No,2,2,3,1,0,0,3,7,20,3,4,No,Not Provided,17-06-2025,kismat32@gmail.com,4733242515,10
EMP00765,Alia Lad,35,Other,Marketing,SEO Specialist,Masters,83605,10,Pune,22,No,2,2,2,2,20,8,7,6,0,5,1,Yes,"Poor Work Life Balance, Low Job Satisfaction, Manager Issues",16-07-2016,prerakraval@kala.com,4101091457,15
EMP00766,Lakshay Sundaram,34,Female,IT,BI Developer,Bachelors,114037,5,Delhi,14,No,2,5,3,4,39,7,0,11,21,3,5,No,Not Provided,20-10-2020,agrawalneelofar@ghose.com,3962832725,9
EMP00767,Anya Rama,56,Male,IT,BI Developer,MBA,73261,29,Bangalore,29,Yes,5,4,5,4,63,10,3,14,6,3,3,No,Not Provided,28-03-2023,hazel40@thaman.biz,3906414269,9
EMP00768,Lavanya Bal,39,Female,Marketing,Content Strategist,Diploma,119831,10,Bangalore,17,No,5,1,1,2,17,2,23,14,23,1,5,No,Not Provided,05-07-2017,wableindrajit@gmail.com,1210022354,9
EMP00769,Samarth Bora,38,Male,IT,Software Engineer,MBA,134491,15,Bangalore,12,No,5,1,3,4,30,7,15,8,21,2,5,No,Not Provided,15-10-2023,raunakganesh@hotmail.com,2243852729,5
EMP00770,Misha Bala,23,Other,Customer Support,Customer Success Manager,Bachelors,31973,0,Pune,33,Yes,5,2,2,4,4,6,15,8,24,3,4,No,Not Provided,24-08-2020,nrama@dey-kaul.com,9066576346,10
EMP00771,Rhea Malhotra,17,Other,Sales,Sales Manager,Diploma,172356,5,Bangalore,2,Yes,3,1,2,5,45,7,22,8,4,1,4,No,Not Provided,01-08-2016,chaudharikiaan@bora.biz,4992205762,9
EMP00772,Rohan Jha,27,Other,IT,BI Developer,MBA,29889,3,Delhi,12,Yes,4,1,4,5,37,7,17,12,20,1,5,No,Not Provided,12-02-2018,cjoshi@hayre.com,518413587,9
EMP00773,Uthkarsh Deshmukh,42,Other,IT,BI Developer,Bachelors,154449,15,Chennai,23,Yes,4,3,4,5,78,7,17,7,19,1,5,No,Not Provided,16-03-2022,tusharapte@kamdar.com,3349412778,4
EMP00774,Umang Jha,36,Other,IT,System Admin,Masters,50684,16,Bangalore,38,Yes,2,5,1,5,52,1,25,6,19,3,4,No,Not Provided,11-03-2026,reneebasu@gmail.com,4203940474,8
EMP00775,Damini Dhawan,55,Other,HR,HR Executive,Masters,156563,28,Chennai,36,Yes,1,4,5,3,65,5,4,14,14,5,3,Yes,"Poor Work Life Balance, Overtime, High Stress",12-05-2022,divit22@soni.com,6745722896,15
EMP00776,Rati Dube,56,Female,IT,System Admin,Bachelors,134354,28,Pune,35,Yes,5,3,4,1,7,8,6,8,14,4,5,No,Not Provided,11-07-2018,swamyritvik@setty-karpe.net,2133825480,10
EMP00777,Emir Raju,46,Other,Not assigned,Operations Executive,Bachelors,154593,23,Bangalore,16,Yes,3,4,2,5,33,9,14,8,18,1,1,No,Not Provided,20-12-2023,ryan01@gmail.com,5857770531,6
EMP00778,Vaibhav Choudhury,29,Other,HR,HR Executive,Bachelors,117981,0,Noida,3,Yes,5,3,2,1,9,6,6,6,5,5,2,No,Not Provided,01-06-2018,sandhuvritika@sengupta.com,359211262,11
EMP00779,Kiaan Saxena,34,Other,HR,HR Manager,Diploma,52742,14,Delhi,24,Yes,3,5,1,4,14,5,9,2,23,2,1,No,Not Provided,27-02-2023,shamikkakar@gmail.com,6346824429,6
EMP00780,Tarini Kata,41,Female,Sales,Sales Executive,Masters,92175,15,Chennai,36,No,5,5,3,5,21,6,15,3,4,2,1,No,Not Provided,17-12-2022,veer02@gmail.com,1305628262,3
EMP00781,Tushar Gokhale,49,Other,Marketing,Marketing Manager,Diploma,93061,26,Delhi,34,No,1,1,5,4,13,0,20,14,1,3,1,No,Not Provided,14-10-2021,trivedikismat@gmail.com,4204667021,9
EMP00782,Stuvan Chandra,43,Other,Sales,Sales Manager,MBA,46799,17,Kolkata,12,No,5,5,1,5,66,2,12,11,24,4,1,No,Not Provided,02-06-2023,srinivassamiha@zachariah-varkey.com,4619915455,7
EMP00783,Not Available,31,Male,Operations,Supply Chain Analyst,Bachelors,49861,10,Mumbai,20,Yes,3,4,2,3,63,5,20,12,16,5,3,No,Not Provided,25-05-2020,bhasinrati@gmail.com,9697824239,11
EMP00784,Jayant Gala,42,Male,Customer Support,Support Executive,Masters,161022,21,Bangalore,9,Yes,2,3,5,2,60,10,24,14,13,5,2,Yes,"Poor Work Life Balance, Overtime, Manager Issues",03-06-2024,banerjeeshanaya@gmail.com,9222493193,14
EMP00785,Sara Boase,24,Female,Customer Support,Customer Success Manager,MBA,61539,0,Mumbai,11,Yes,4,4,4,4,37,3,1,3,19,5,5,No,Not Provided,14-07-2017,sachdevayesha@sunder-lad.biz,1622807737,7
EMP00786,Zara Guha,33,Male,HR,HR Manager,Masters,53609,6,Chennai,4,No,5,5,4,1,57,6,7,2,9,3,3,No,Not Provided,18-10-2021,yzacharia@hari-sur.net,8434381399,4
EMP00787,Madhav Bhavsar,42,Female,IT,BI Developer,Diploma,119998,20,Delhi,18,Yes,2,5,5,4,78,10,18,14,7,2,2,No,Not Provided,11-09-2019,prerak93@srinivasan.info,464104581,9
EMP00788,Samaira Karan,40,Female,Marketing,Marketing Manager,MBA,172870,10,Delhi,13,Yes,2,1,1,5,52,6,1,10,24,4,4,Yes,"Poor Work Life Balance, Overtime, Low Job Satisfaction",19-06-2023,qsalvi@gala-gupta.biz,5499045866,19
EMP00789,Yakshit Chad,21,Female,Operations,Supply Chain Analyst,Bachelors,72368,0,Hyderabad,2,Yes,3,3,4,5,39,7,21,8,13,5,5,No,Not Provided,07-06-2022,lvenkataraman@yahoo.com,4037348897,7
EMP00790,Zeeshan Manda,21,Male,Sales,Sales Executive,Masters,160270,0,Delhi,25,Yes,5,3,3,4,78,1,13,2,13,5,3,No,Not Provided,20-05-2022,jsaraf@mahajan.biz,6314736970,6
EMP00791,Sara Mangal,30,Female,Customer Support,Customer Success Manager,Bachelors,175545,7,Kolkata,36,Yes,3,2,2,3,39,1,17,15,19,4,5,Yes,"Overtime, Low Job Satisfaction, High Stress",02-01-2020,jayeshbahri@ahluwalia.com,6768705713,13
EMP00792,Lavanya Kohli,39,Other,Customer Support,Support Executive,Masters,46881,18,Hyderabad,13,Yes,3,5,1,4,39,7,1,11,1,1,5,No,Not Provided,29-01-2021,wwason@wason.biz,9209855430,10
EMP00793,Vaibhav Sanghvi,47,Female,Operations,Operations Executive,MBA,179768,22,Delhi,6,Yes,2,4,4,5,26,1,0,14,25,3,3,No,Not Provided,22-04-2020,laddiya@hotmail.com,3400672833,9
EMP00794,Rhea Dubey,28,Male,IT,Software Engineer,Masters,135099,0,Noida,34,No,5,4,5,2,13,5,0,10,7,1,3,No,Not Provided,25-07-2017,samaira76@hotmail.com,6156582066,9
EMP00795,Emir Varkey,55,Male,Operations,Operations Executive,Diploma,116626,29,Delhi,10,Yes,2,3,4,3,34,5,20,6,9,5,1,No,Not Provided,04-07-2025,ysule@sunder.org,3828188600,10
EMP00796,Trisha Aggarwal,23,Other,HR,Recruiter,Diploma,177189,0,Pune,19,No,4,1,1,1,64,2,10,14,25,3,2,No,Not Provided,24-12-2018,farhankapur@varkey-hora.com,6159822479,9
EMP00797,Navya Venkatesh,34,Male,IT,System Admin,Bachelors,138789,7,Hyderabad,21,Yes,3,3,3,1,64,10,11,14,24,1,1,No,Not Provided,25-05-2024,jivinbhatnagar@hotmail.com,9540628012,8
EMP00798,Sahil Tak,52,Male,Sales,Business Development Associate,Masters,133494,27,Bangalore,31,Yes,1,2,2,1,63,7,22,4,17,2,2,Yes,"Poor Work Life Balance, Overtime, Low Job Satisfaction",25-02-2025,aniruddhdara@hotmail.com,550610964,15
EMP00799,Tushar Ghose,35,Other,IT,Data Analyst,Masters,145417,8,Delhi,3,No,2,3,4,1,29,1,19,13,2,2,3,No,Not Provided,08-11-2024,myra95@yahoo.com,9745562803,7
EMP00800,Seher Grewal,48,Other,HR,Recruiter,Masters,171917,24,Bangalore,30,No,5,3,3,4,52,10,7,11,16,1,1,No,Not Provided,26-01-2026,gatikshah@yahoo.com,9218196814,5
EMP00801,Ritvik Bahl,41,Female,Sales,Sales Executive,MBA,93106,13,Chennai,26,Yes,2,3,2,4,59,1,14,8,2,4,2,No,Not Provided,11-02-2021,ghoshbhavin@grover.biz,3149486934,11
EMP00802,Amira Salvi,53,Male,Customer Support,Support Executive,Masters,68139,32,Delhi,39,Yes,5,2,4,1,57,1,10,13,5,5,2,Yes,"Overtime, Low Job Satisfaction, Manager Issues",30-01-2018,zaina22@yahoo.com,4220024295,13
EMP00803,Ishita Sant,49,Male,Sales,Business Development Associate,Bachelors,150109,27,Delhi,17,Yes,1,2,2,5,67,10,21,11,24,5,2,Yes,"Poor Work Life Balance, Overtime, Low Job Satisfaction",27-09-2025,nakulchakraborty@bhandari-khalsa.com,4278517478,17
EMP00804,Rasha Dara,40,Female,Customer Support,Customer Success Manager,Masters,83383,10,Bangalore,10,No,2,4,3,5,72,4,13,14,5,3,4,No,Not Provided,17-05-2017,cjohal@yahoo.com,2255506361,5
EMP00805,Ranbir Shetty,25,Other,Sales,Business Development Associate,Masters,85561,3,Noida,39,Yes,5,2,5,4,59,2,10,12,4,5,5,No,Not Provided,08-03-2024,qacharya@wagle.com,5508403652,11
EMP00806,Kabir Badami,26,Other,HR,Recruiter,MBA,51732,0,Delhi,9,Yes,3,3,4,5,65,5,11,2,11,5,4,No,Not Provided,03-11-2023,dasonkar@grewal-dasgupta.com,6544638555,7
EMP00807,Shlok Ramaswamy,28,Female,Marketing,Marketing Manager,Masters,70278,7,Delhi,39,Yes,2,5,1,1,49,9,9,2,24,4,5,Yes,"Poor Work Life Balance, Overtime, Manager Issues",13-10-2019,uroy@hotmail.com,4122536827,15
EMP00808,Lavanya Suri,23,Male,Sales,Sales Executive,Bachelors,36779,0,Noida,8,No,2,2,2,1,62,4,19,9,17,4,4,Yes,"Poor Work Life Balance, Low Job Satisfaction, Manager Issues",21-01-2025,ramaswamysiya@sharaf.com,2662844845,13
EMP00809,Aaina Anne,26,Female,Marketing,Marketing Manager,MBA,109175,0,Bangalore,11,Yes,4,5,4,3,51,3,21,8,15,1,5,No,Not Provided,30-06-2025,vaibhav42@shroff.biz,6199348454,2
EMP00810,Zoya Gole,60,Male,Marketing,Content Strategist,Masters,55091,32,Delhi,1,Yes,4,4,4,3,74,6,14,5,8,5,1,No,Not Provided,28-12-2020,dsandhu@yahoo.com,6760852745,7
EMP00811,Dharmajan Bhavsar,54,Female,Finance,HR Executive,MBA,120217,29,Delhi,22,Yes,3,2,1,1,25,0,1,7,22,5,3,Yes,"Overtime, Low Job Satisfaction, Manager Issues",28-04-2022,mallanya@gmail.com,167320931,14
EMP00812,Keya Sachar,37,Other,Operations,Supply Chain Analyst,Bachelors,107496,9,Chennai,25,Yes,1,3,2,1,44,7,25,15,1,3,5,Yes,"Poor Work Life Balance, Overtime, Manager Issues",10-04-2017,iupadhyay@shukla.org,7937192249,14
EMP00813,Damini Varghese,34,Other,HR,Recruiter,Bachelors,110515,8,Mumbai,39,Yes,2,5,3,4,41,6,9,12,15,5,5,Yes,"Poor Work Life Balance, Overtime, High Stress",07-04-2024,gabamisha@yahoo.com,6709485719,13
EMP00814,Ryan Thaman,52,Female,IT,Software Engineer,Bachelors,120465,22,Pune,11,No,2,1,4,3,38,4,2,6,16,2,1,No,Not Provided,07-12-2020,surkaira@gmail.com,3146136935,8
EMP00815,Prerak Dhawan,57,Female,Sales,Business Development Associate,Diploma,154100,27,Chennai,17,No,1,2,2,3,47,3,7,14,13,1,4,No,Not Provided,25-07-2025,gargdivyansh@konda-aggarwal.com,2218196649,10
EMP00816,Jayesh Dhaliwal,26,Female,Operations,Operations Executive,MBA,60622,2,Hyderabad,13,Yes,2,1,5,5,61,1,16,1,25,1,5,No,Not Provided,04-04-2020,myra34@gmail.com,2947703823,8
EMP00817,Aarna Sibal,41,Female,HR,HR Executive,Diploma,98268,18,Bangalore,16,Yes,4,5,1,3,76,5,10,9,20,3,1,No,Not Provided,29-12-2023,fsubramaniam@bava-sinha.biz,2531983359,6
EMP00818,Ojas Batta,24,Female,HR,HR Manager,Masters,100244,3,Pune,22,Yes,4,4,1,3,4,1,18,13,1,4,1,No,Not Provided,24-03-2020,shaan82@khanna.net,334723533,9
EMP00819,Vivaan Dhingra,39,Male,Marketing,Marketing Manager,MBA,47396,19,Mumbai,37,Yes,5,2,1,5,30,1,16,10,9,3,5,No,Not Provided,01-01-2021,pranaydani@hotmail.com,1289390238,10
EMP00820,Tiya Ramesh,25,Male,Customer Support,Support Executive,Bachelors,175475,4,Hyderabad,13,No,2,4,4,4,5,10,11,2,23,3,1,No,Not Provided,19-08-2019,nishith73@gmail.com,3452171509,5
EMP00821,Aradhya Dass,42,Male,Marketing,Content Strategist,MBA,90012,19,Kolkata,38,No,2,1,5,2,40,8,17,11,24,4,3,Yes,"Poor Work Life Balance, Low Job Satisfaction, Manager Issues",16-12-2017,damini65@karnik-batra.com,2667957811,16
EMP00822,Anvi Kaul,38,Male,Marketing,Content Strategist,Bachelors,73744,15,Mumbai,17,Yes,3,5,5,5,14,8,2,9,25,4,2,No,Not Provided,08-09-2018,vaibhavvig@yahoo.com,594926832,9
EMP00823,Saksham Bajwa,39,Male,Operations,Supply Chain Analyst,Bachelors,80968,16,Mumbai,19,Yes,1,3,4,5,13,5,8,6,6,2,1,No,Not Provided,18-05-2021,indrajit33@gmail.com,9036492695,7
EMP00824,Not Available,56,Male,IT,Support Executive,Diploma,177985,30,Noida,30,Yes,3,3,1,5,67,3,4,12,14,5,5,No,Not Provided,18-06-2023,anahitarastogi@venkataraman.com,7821221271,12
EMP00825,Riya Gill,47,Other,Customer Support,Support Executive,Bachelors,63714,24,Mumbai,38,Yes,4,4,3,1,13,8,19,15,14,2,2,No,Not Provided,09-07-2025,diyakorpal@sen.com,7610336494,9
EMP00826,Jayan Sarna,46,Male,Marketing,Content Strategist,MBA,49611,19,Pune,6,No,1,3,4,5,69,10,25,15,3,1,2,No,Not Provided,01-03-2021,rohansharaf@luthra.com,3035135667,7
EMP00827,Madhup Ganesh,56,Male,Sales,Sales Executive,MBA,101155,34,Delhi,19,Yes,4,3,5,3,37,3,12,10,5,2,5,No,Not Provided,15-01-2026,divitagarwal@lall.com,2421710125,4
EMP00828,Divit Dara,53,Male,Marketing,Marketing Manager,Masters,56150,26,Mumbai,4,Yes,4,5,3,4,9,9,8,7,14,1,4,No,Not Provided,29-03-2023,indrajitagate@ramachandran.com,628350176,4
EMP00829,Raghav Kibe,60,Male,HR,Recruiter,MBA,89818,39,Hyderabad,2,No,1,1,2,3,78,6,5,9,3,3,4,No,Not Provided,09-09-2021,ramakrishnangatik@magar.com,8515153038,12
EMP00830,Riya Dubey,44,Female,Operations,Supply Chain Analyst,MBA,142271,20,Kolkata,17,Yes,4,1,1,3,70,0,0,10,2,1,5,No,Not Provided,25-06-2024,kalagokul@sarraf.org,2399572280,11
EMP00831,Charvi Dhar,24,Male,Marketing,Marketing Manager,Bachelors,27825,0,Noida,7,Yes,4,2,4,3,27,8,6,6,0,5,5,No,Not Provided,14-10-2024,fkota@dhingra.com,4940466008,10
EMP00832,Nitya Sagar,27,Male,Customer Support,Customer Success Manager,Bachelors,52427,4,Kolkata,8,Yes,1,1,1,4,16,8,19,4,21,5,5,Yes,"Poor Work Life Balance, Overtime, Low Job Satisfaction",30-07-2017,chaudharitushar@tak.com,6420530194,15
EMP00833,Adira Dash,22,Male,Customer Support,Support Executive,MBA,42618,0,Hyderabad,30,No,5,4,3,4,29,6,1,4,0,2,5,No,Not Provided,06-05-2019,isankaran@yahoo.com,7725270131,5
EMP00834,Hunar Wagle,33,Male,IT,Software Engineer,MBA,163970,12,Noida,20,Yes,2,2,1,2,48,10,16,6,15,5,5,Yes,"Poor Work Life Balance, Overtime, Low Job Satisfaction",16-09-2023,tarakaul@chad.net,3397273761,17
EMP00835,Indranil Chhabra,22,Male,Operations,Supply Chain Analyst,Bachelors,100196.4006,2,Chennai,15,Yes,5,1,1,5,68,0,14,3,14,3,4,No,Not Provided,15-04-2018,gollamishti@subramaniam.com,2812862452,7
EMP00836,Bhamini Bhatti,21,Female,IT,Data Analyst,Masters,148582,0,Kolkata,35,No,5,4,4,3,11,10,16,14,0,3,2,No,Not Provided,30-06-2018,qsama@hotmail.com,4516179665,5
EMP00837,Tara Sethi,42,Male,Not assigned,Customer Success Manager,Masters,51974,13,Pune,24,Yes,2,2,2,3,2,0,19,5,25,2,1,No,Not Provided,13-08-2020,ehsaan73@johal-hans.com,1693392784,10
EMP00838,Faiyaz De,36,Female,Marketing,Content Strategist,Bachelors,107334,14,Chennai,6,No,1,2,1,1,29,8,10,13,13,3,4,Yes,"Poor Work Life Balance, Low Job Satisfaction, Manager Issues",14-05-2025,zkalita@rege.com,6561216007,14
EMP00839,Aayush Saxena,35,Female,Sales,Business Development Associate,Masters,138463,10,Chennai,38,Yes,4,2,3,2,31,7,13,13,22,3,3,No,Not Provided,29-08-2022,sarkarpihu@sengupta.net,3150284061,12
EMP00840,Chirag Sawhney,22,Other,Sales,Sales Executive,Diploma,172220,0,Chennai,4,No,4,3,4,3,2,1,11,5,9,5,1,No,Not Provided,21-07-2020,kotharibadal@rastogi-soni.com,7084900808,3
EMP00841,Stuvan Kaul,31,Other,HR,HR Manager,Bachelors,56173,9,Mumbai,10,Yes,5,3,3,1,8,9,22,4,3,3,5,No,Not Provided,23-09-2020,csura@gmail.com,3421401877,6
EMP00842,Ela Bakshi,24,Other,Sales,Sales Executive,Bachelors,55124,0,Mumbai,4,Yes,4,1,1,3,62,2,18,3,11,5,1,No,Not Provided,17-02-2024,farhan12@gmail.com,1715723980,10
EMP00843,Kashvi Balasubramanian,56,Other,IT,BI Developer,Diploma,173286,34,Chennai,16,No,3,5,2,1,17,1,17,8,15,4,3,No,Not Provided,23-02-2023,harimohanlal@yogi.com,8562927616,7
EMP00844,Kiara Golla,32,Male,Customer Support,Customer Success Manager,MBA,120412,6,Delhi,32,Yes,3,3,5,3,32,7,5,11,23,4,1,No,Not Provided,10-06-2021,tarinisachdev@hotmail.com,5532416524,12
EMP00845,Bhavin Sama,55,Female,HR,HR Executive,MBA,145170,25,Pune,29,No,4,1,1,5,13,3,7,15,1,4,3,No,Not Provided,06-03-2022,saranaarav@sur.com,3670426845,11
EMP00846,Shlok Raman,56,Male,Marketing,SEO Specialist,Masters,147848,34,Kolkata,36,Yes,1,2,2,5,32,7,10,13,2,2,3,Yes,"Poor Work Life Balance, Overtime, Low Job Satisfaction",19-01-2023,bhamini68@barad-edwin.com,3524018138,15
EMP00847,Ojas Chadha,22,Other,Finance,Finance Manager,Diploma,45648,0,Kolkata,31,Yes,2,3,5,2,72,4,6,4,2,2,5,No,Not Provided,12-01-2018,vlanka@boase.com,5712886861,8
EMP00848,Divij Goswami,39,Female,Marketing,SEO Specialist,Masters,73412,19,Mumbai,22,Yes,2,3,4,4,74,2,22,14,13,1,1,No,Not Provided,13-09-2025,cbhatia@walla-sachdev.com,5436441711,7
EMP00849,Shalv Bahl,31,Female,Operations,Supply Chain Analyst,Diploma,72497,5,Kolkata,26,Yes,1,5,4,2,33,8,1,6,13,4,1,Yes,"Poor Work Life Balance, Overtime, Manager Issues",02-12-2018,wadhwalakshit@madan.com,6396947551,15
EMP00850,Zeeshan Hans,22,Female,IT,BI Developer,Masters,45277,0,Bangalore,9,Yes,1,2,4,5,41,6,5,11,14,3,5,Yes,"Poor Work Life Balance, Overtime, Low Job Satisfaction",17-10-2018,zvaidya@shroff.info,6204185610,14
EMP00851,Anika Malhotra,50,Male,HR,HR Executive,Masters,30337,21,Hyderabad,4,No,1,3,4,3,21,9,23,12,17,3,4,No,Not Provided,09-12-2023,sahilbassi@hotmail.com,8175217091,7
EMP00852,Onkar Ravel,36,Other,Operations,Supply Chain Analyst,MBA,167259,12,Pune,20,No,4,3,5,1,40,8,4,10,11,2,1,No,Not Provided,06-01-2018,zoya75@salvi-gole.info,8405049768,8
EMP00853,Advika Khosla,38,Male,HR,Recruiter,Masters,169101,13,Noida,13,Yes,3,3.039382866,5,4,19,5,8,5,12,5,3,No,Not Provided,10-05-2019,gandhibaiju@yahoo.com,6028637262,7
EMP00854,Oorja Goyal,57,Female,HR,HR Manager,Masters,138179,31,Kolkata,4,Yes,3,4,2,1,80,6,15,5,0,2,1,No,Not Provided,28-04-2020,halderuthkarsh@savant.info,5306083042,8
EMP00855,Bhamini Sehgal,54,Other,Finance,Finance Manager,Bachelors,177216,25,Delhi,11,Yes,2,2,5,4,68,4,20,4,20,3,1,No,Not Provided,10-01-2022,sehertara@gmail.com,9882002501,8
EMP00856,Kartik Tella,35,Male,HR,Recruiter,Diploma,85338,11,Pune,5,Yes,3,2,3,1,80,5,19,15,24,5,4,Yes,"Overtime, Low Job Satisfaction, Manager Issues",07-09-2023,rohanbehl@sha-dugal.biz,9725766124,14
EMP00857,Tarini Comar,29,Female,Operations,Operations Executive,Diploma,150321,8,Pune,24,Yes,1,5,1,2,0,9,23,2,9,4,2,Yes,"Poor Work Life Balance, Overtime, Manager Issues",12-10-2022,kalahimmat@bhavsar-varghese.com,7105320254,14
EMP00858,Eshani Bassi,21,Other,Finance,Accountant,Masters,27194,0,Bangalore,11,Yes,4,3,3,3,9,2,10,1,20,2,5,No,Not Provided,05-03-2020,lkhatri@hotmail.com,2301254416,2
EMP00859,Anay Jha,60,Male,Customer Support,Customer Success Manager,Diploma,62442,32,Chennai,23,Yes,3,2,5,3,63,3,22,10,10,2,4,No,Not Provided,11-08-2024,varughesenitara@chaudhary.info,3835181335,7
EMP00860,Lakshit Gokhale,55,Other,Sales,Sales Manager,Bachelors,123500,25,Mumbai,39,Yes,2,4,2,4,25,3,15,13,4,1,2,No,Not Provided,21-08-2016,kabirmadan@gmail.com,6072928012,10
EMP00861,Rasha Ram,48,Male,HR,HR Manager,Bachelors,37579,23,Pune,13,No,5,4,1,3,79,4,21,5,8,1,4,No,Not Provided,07-09-2016,nakulvarghese@mangal-kale.net,6418658433,2
EMP00862,Drishya Kaul,59,Other,Finance,Accountant,Diploma,111131,30,Mumbai,39,No,5,5,5,4,39,10,24,6,7,5,3,No,Not Provided,24-07-2025,lagantella@yahoo.com,4116245879,6
EMP00863,Shanaya Badal,48,Other,HR,Recruiter,MBA,94785,24,Hyderabad,19,No,4,4,5,3,8,4,1,15,5,5,3,No,Not Provided,19-02-2020,abram48@yahoo.com,7624972218,7
EMP00864,Ayesha Joshi,24,Female,Operations,Supply Chain Analyst,MBA,46966,3,Bangalore,40,No,2,3,2,2,70,6,0,13,24,3,1,Yes,"Poor Work Life Balance, Manager Issues, No Promotion",16-01-2017,chakrabortyaaina@tank-upadhyay.com,3771646906,14
EMP00865,Misha Joshi,57,Male,Sales,Sales Executive,Masters,135852,27,Noida,27,No,2,3,4,5,17,10,10,15,4,3,3,No,Not Provided,05-02-2019,nitya39@yahoo.com,2840175792,8
EMP00866,Ritvik Singh,42,Male,Sales,Business Development Associate,Diploma,112725,18,Noida,23,No,3,3,2,3,58,3,21,5,17,4,3,No,Not Provided,18-01-2024,duttbaiju@yahoo.com,9016866202,5
EMP00867,Urvi Shukla,33,Male,Customer Support,Support Executive,Diploma,132114,5,Hyderabad,27,No,5,5,1,4,7,4,21,15,19,4,1,No,Not Provided,31-08-2016,aarnasinghal@gmail.com,1384392655,8
EMP00868,Kismat Kothari,42,Female,Sales,Business Development Associate,Bachelors,152451,18,Hyderabad,16,Yes,2,4,2,4,79,1,4,4,18,4,5,No,Not Provided,06-11-2024,yashvi98@hotmail.com,8018647421,12
EMP00869,Lavanya Singh,27,Female,HR,HR Executive,Diploma,123630,0,Chennai,40,No,2,4,3,2,24,4,5,13,21,1,3,No,Not Provided,26-04-2023,jharasha@gmail.com,8043380724,10
EMP00870,Indrajit Khanna,30,Female,Finance,Accountant,Masters,154432,0,Pune,38,Yes,4,1,2,4,5,7,15,15,0,1,3,No,Not Provided,30-07-2023,karpehiran@hotmail.com,6092254502,12
EMP00871,Stuvan Kata,25,Female,Operations,Supply Chain Analyst,Diploma,160993,3,Hyderabad,8,No,4,1,4,2,73,5,1,5,5,3,4,No,Not Provided,13-11-2018,royehsaan@yahoo.com,8521789851,9
EMP00872,Kiara Khurana,51,Other,Customer Support,Customer Success Manager,MBA,64758,29,Kolkata,15,No,1,1,3,3,22,5,14,15,24,4,3,Yes,"Poor Work Life Balance, Low Job Satisfaction, High Stress",26-05-2016,vaidyayashvi@hotmail.com,6474918752,13
EMP00873,Arnav Dhillon,60,Female,Finance,Financial Analyst,Diploma,114478,37,Mumbai,13,Yes,3,1,2,4,41,9,10,14,11,3,4,No,Not Provided,19-09-2023,bagrawal@keer-sankaran.net,3297657175,11
EMP00874,Aarna Bhargava,56,Other,Finance,Financial Analyst,MBA,63998,35,Bangalore,28,No,3,4,4,2,48,5,19,14,9,2,2,No,Not Provided,16-02-2024,dhanushdeep@rout.biz,1985955881,7
EMP00875,Abram Bedi,25,Other,HR,Recruiter,MBA,58962,4,Noida,3,No,2,1,2,2,48,6,24,3,22,3,1,No,Not Provided,31-03-2023,zyohannan@sunder-bhargava.biz,1193592732,12
EMP00876,Rohan Soni,58,Male,Operations,Supply Chain Analyst,Masters,134087,37,Bangalore,39,Yes,2,1,4,3,1,4,10,7,19,2,4,No,Not Provided,10-01-2024,sacharsaksham@yahoo.com,215960323,9
EMP00877,Hridaan Deshpande,58,Other,Operations,Operations Executive,MBA,31482,35,Noida,31,No,4,5,3,1,15,7,13,8,13,3,4,No,Not Provided,07-10-2023,amiragour@gmail.com,1549221843,5
EMP00878,Lagan Kohli,42,Other,Finance,Accountant,Masters,133377,20,Pune,35,Yes,1,3,3,3,79,0,18,5,24,3,3,No,Not Provided,04-09-2023,somindranil@thakur-barad.info,8560821693,6
EMP00879,Jayan Sahota,21,Other,Operations,Operations Executive,Bachelors,42629,0,Pune,23,No,1,4,5,4,31,8,18,7,6,5,4,No,Not Provided,03-10-2024,sgala@bhatt.com,428963332,8
EMP00880,Vaibhav Bahl,37,Male,Marketing,Content Strategist,Masters,119377,8,Noida,40,No,3,2,2,5,28,9,8,2,18,2,4,No,Not Provided,27-01-2017,jayeshbhandari@swaminathan.com,8145789530,8
EMP00881,Manjari Magar,29,Female,Marketing,Content Strategist,Bachelors,127531,4,Kolkata,27,No,5,1,3,2,55,3,0,7,14,4,4,No,Not Provided,10-01-2024,nirvi16@hotmail.com,5035792966,11
EMP00882,Nehmat Dhaliwal,60,Female,Operations,Operations Executive,Bachelors,162908,33,Mumbai,34,No,4,2,1,2,45,10,19,12,14,5,2,Yes,"Low Job Satisfaction, Manager Issues, High Stress",28-06-2023,darshitbobal@gmail.com,8419011858,15
EMP00883,Nayantara Kant,44,Female,Marketing,Marketing Manager,Diploma,52879,14,Mumbai,40,No,5,4,1,1,39,9,12,13,2,1,4,No,Not Provided,14-08-2025,chowdhurymehul@yahoo.com,4318651853,9
EMP00884,Rohan Virk,56,Female,IT,System Admin,MBA,70102,36,Kolkata,24,No,5,4,3,2,79,5,16,15,21,3,3,No,Not Provided,24-10-2022,vardaniya44@hotmail.com,9478271904,6
EMP00885,Rasha Hora,46,Male,HR,Recruiter,MBA,94995,23,Hyderabad,15,No,2,1,2,3,43,9,25,9,18,3,3,No,Not Provided,24-12-2020,sairaganesh@bumb.com,5996174464,10
EMP00886,Bhamini Sunder,58,Male,Finance,Accountant,Bachelors,83187,28,Pune,2,Yes,3,4,1,3,26,7,12,15,15,1,2,No,Not Provided,24-12-2019,wbadal@gmail.com,5145699179,8
EMP00887,Nitara Lad,45,Female,Marketing,Marketing Manager,Bachelors,123147,16,Hyderabad,19,No,3,3,4,5,67,8,14,13,13,3,1,No,Not Provided,23-03-2022,hvig@raja.com,8360030502,4
EMP00888,Alisha Ramachandran,36,Male,Marketing,SEO Specialist,Masters,111030,13,Noida,31,No,2,5,3,1,33,9,21,12,12,2,2,No,Not Provided,20-06-2019,nbehl@yahoo.com,1611397708,10
EMP00889,Lavanya Jain,31,Other,IT,BI Developer,Diploma,104851,10,Noida,38,Yes,2,5,4,1,14,0,19,13,18,3,3,No,Not Provided,02-06-2023,sachdevpranay@zachariah-randhawa.com,871744100,10
EMP00890,Kanav Madan,35,Female,Sales,Business Development Associate,Masters,129254,14,Mumbai,12,No,2,1,5,3,33,5,4,2,17,1,4,No,Not Provided,05-08-2025,abram35@swamy.org,806905335,10
EMP00891,Hansh Bhat,45,Other,Finance,Financial Analyst,Masters,40888,20,Chennai,40,Yes,3,5,1,3,69,9,20,3,1,1,4,No,Not Provided,14-11-2019,annesuhana@bajaj.com,8601507386,7
EMP00892,Sara Ramesh,34,Male,HR,Recruiter,Masters,109016.6964,9,Kolkata,35,No,2,2,2,2,17,10,0,12,16,2,2,Yes,"Poor Work Life Balance, Low Job Satisfaction, Manager Issues",11-08-2025,goyalindrans@yahoo.com,6765183553,17
EMP00893,Madhav Jayaraman,36,Male,Finance,Finance Manager,MBA,28499,14,Pune,36,Yes,1,5,4,2,8,9,8,12,1,3,4,No,Not Provided,09-07-2020,tarini86@gmail.com,5177322635,12
EMP00894,Not Available,41,Other,Finance,Finance Manager,Masters,153781,18,Bangalore,28,Yes,3,1,3,5,41,3,21,13,7,5,1,No,Not Provided,24-07-2021,fboase@yahoo.com,301465865,11
EMP00895,Kimaya Ghosh,39,Other,Sales,Business Development Associate,Masters,115853,9,Pune,2,No,1,3,5,2,71,10,25,13,22,2,2,No,Not Provided,15-05-2020,traju@yahoo.com,5268667934,9
EMP00896,Onkar Karpe,42,Other,Finance,Accountant,Bachelors,38109,13,Noida,13,No,4,4,5,4,4,9,20,7,17,4,4,No,Not Provided,30-03-2018,samarlad@gmail.com,7539521908,5
EMP00897,Aarav Chand,55,Female,Customer Support,Customer Success Manager,Diploma,82571,30,Mumbai,39,No,1,3,1,3,23,6,22,3,21,1,3,No,Not Provided,16-07-2022,mannat95@gmail.com,2659285627,8
EMP00898,Romil Zachariah,44,Other,HR,HR Executive,Bachelors,163770,14,Hyderabad,23,Yes,4,5,4,2,12,6,19,4,8,1,2,No,Not Provided,20-08-2017,sureshnehmat@gmail.com,2249812235,6
EMP00899,Hrishita Biswas,57,Other,HR,HR Executive,MBA,118165,32,Mumbai,39,No,4,1,3,4,16,2,25,11,3,3,5,No,Not Provided,25-05-2017,sanghasahil@saini.biz,147256011,6
EMP00900,Aarush Luthra,38,Male,Sales,Business Development Associate,MBA,31839,8,Chennai,35,Yes,3,3,5,3,60,6,13,5,0,2,1,No,Not Provided,31-01-2023,rsankar@roy-cheema.com,1095775574,5
EMP00901,Yasmin Sankar,30,Male,Sales,Business Development Associate,Masters,156050,4,Mumbai,19,Yes,4,5,2,4,64,1,11,8,2,3,4,No,Not Provided,23-09-2021,mishadoctor@gmail.com,7496700235,4
EMP00902,Emir Hayer,53,Female,Marketing,Marketing Manager,Bachelors,118956,33,Kolkata,7,Yes,4,5,3,4,79,2,25,1,7,3,3,No,Not Provided,24-10-2022,fsandal@gmail.com,1795066535,2
EMP00903,Saanvi Char,24,Female,Sales,Business Development Associate,MBA,46651,0,Pune,40,Yes,5,3,3,4,7,6,25,13,18,5,3,No,Not Provided,05-09-2021,hridaanvarty@hotmail.com,2644618927,10
EMP00904,Mehul Korpal,25,Female,IT,System Admin,MBA,76772,0,Delhi,10,No,4,4,4,4,67,2,3,14,18,5,1,No,Not Provided,19-11-2025,yohannannitara@vala.com,2715984765,7
EMP00905,Mamooty Chand,53,Male,Finance,Accountant,Masters,121881,25,Kolkata,19,No,5,2,5,4,44,2,14,7,8,4,5,No,Not Provided,02-03-2018,kimaya42@raman.biz,6174426301,6
EMP00906,Mehul Shankar,49,Other,Customer Support,Customer Success Manager,Diploma,45726,24,Delhi,7,No,4,4,5,4,51,2,3,5,12,3,2,No,Not Provided,24-05-2020,trishakunda@goda-chanda.com,6960243254,2
EMP00907,Charvi Tak,41,Female,Marketing,Marketing Manager,MBA,140944,12,Delhi,16,Yes,3,3,1,3,29,7,24,6,25,4,3,No,Not Provided,15-08-2016,nirvaan62@gmail.com,430780791,9
EMP00908,Taimur Gera,36,Other,Finance,Finance Manager,Bachelors,138561,8,Delhi,3,Yes,1,4,3,1,47,1,5,15,21,5,2,Yes,"Poor Work Life Balance, Overtime, Manager Issues",17-12-2017,indrajit73@ahuja.com,3469126932,14
EMP00909,Oorja Walla,27,Male,Customer Support,Customer Success Manager,Bachelors,148191,6,Pune,23,Yes,4,3,3,4,34,1,10,12,6,5,1,No,Not Provided,04-06-2017,ishitagarg@chowdhury.info,1789327150,7
EMP00910,Lagan Gandhi,28,Male,Finance,Accountant,Masters,102195.4237,0,Delhi,9,No,5,2,3,2,12,2,19,15,10,3,5,No,Not Provided,17-03-2019,whegde@bhasin.com,9960864906,7
EMP00911,Kiara Hayre,54,Other,HR,Recruiter,Bachelors,56200,34,Pune,38,Yes,2,5,5,1,36,10,11,2,20,5,1,Yes,"Poor Work Life Balance, Overtime, Manager Issues",17-11-2024,vritika14@gmail.com,7759736496,13
EMP00912,Zeeshan Saxena,40,Other,HR,HR Manager,MBA,111189,17,Delhi,11,No,3,4,1,2,72,1,24,10,22,4,1,No,Not Provided,07-07-2017,golaalisha@yahoo.com,9457449848,9
EMP00913,Miraya Sheth,46,Male,Operations,Supply Chain Analyst,Masters,98320,17,Pune,2,No,4,5,3,1,60,8,6,4,11,4,4,No,Not Provided,27-01-2021,shlokvenkataraman@deol-wali.com,7058560491,7
EMP00914,Zaina Rajagopal,26,Female,Customer Support,Customer Success Manager,Diploma,44892,0,Hyderabad,1,No,4,3,5,4,27,9,0,14,13,3,4,No,Not Provided,14-08-2024,uthkarsh86@gmail.com,8638900082,6
EMP00915,Kiaan Sharma,33,Other,Finance,Accountant,Masters,155322,4,Pune,26,Yes,4,2,2,3,76,8,17,3,12,3,3,No,Not Provided,23-08-2019,azaddubey@yahoo.com,5488892518,10
EMP00916,Chirag Dubey,44,Other,Marketing,Marketing Manager,Diploma,40124,17,Kolkata,31,No,1,3.039382866,3,1,34,8,14,8,22,1,2,No,Not Provided,10-10-2025,tejasvora@bir-srinivas.org,4013880516,8
EMP00917,Badal Mahal,42,Other,IT,System Admin,Diploma,177492,17,Hyderabad,31,No,1,2,4,5,23,3,8,5,19,3,4,No,Not Provided,09-10-2018,borahkhushi@yahoo.com,6538800878,7
EMP00918,Manjari Saha,33,Female,Operations,Operations Executive,Diploma,36526,12,Noida,17,Yes,3,5,5,5,63,1,22,12,15,3,4,No,Not Provided,09-04-2018,tsagar@goda.com,2797367653,4
EMP00919,Charvi Dora,59,Male,Marketing,Content Strategist,Diploma,126030,34,Hyderabad,22,No,4,1,1,3,6,10,21,6,24,5,1,No,Not Provided,11-03-2024,usharma@hotmail.com,6169036494,10
EMP00920,Rohan Kibe,34,Male,Operations,Supply Chain Analyst,Masters,32772,4,Mumbai,20,Yes,5,2,2,2,61,5,19,7,24,3,5,No,Not Provided,18-10-2017,gulatijiya@yahoo.com,2919742289,11
EMP00921,Urvi Tailor,40,Male,Operations,Supply Chain Analyst,MBA,167141,19,Noida,4,Yes,1,3,1,2,19,4,10,4,20,5,2,No,Not Provided,01-10-2025,reyanshbhatti@goel.net,473404010,12
EMP00922,Zain Warrior,27,Male,Operations,Operations Executive,MBA,54346,5,Delhi,14,Yes,2,2,2,4,79,4,1,3,10,3,1,No,Not Provided,09-05-2017,kataelakshi@yahoo.com,6786299509,12
EMP00923,Not Available,52,Female,Customer Support,Support Executive,MBA,95798,23,Mumbai,15,No,2,1,1,3,17,7,18,5,19,1,1,No,Not Provided,28-04-2023,ganesanmishti@yahoo.com,1172078914,10
EMP00924,Onkar Dass,52,Other,Operations,Operations Executive,Masters,27080,30,Noida,24,No,4,2,2,3,13,1,20,12,0,2,2,No,Not Provided,04-08-2023,manndishani@sarna.com,4474723350,7
EMP00925,Dhanush Trivedi,41,Male,Operations,Supply Chain Analyst,Bachelors,85115,14,Bangalore,7,No,4,3,5,2,27,3,19,9,12,3,4,No,Not Provided,05-01-2019,shayak46@konda.com,5268488984,2
EMP00926,Tanya Batta,27,Female,HR,HR Manager,Masters,63665,5,Hyderabad,32,No,3,4,4,1,70,2,9,15,2,3,2,No,Not Provided,22-03-2019,babuadah@hotmail.com,1856387055,5
EMP00927,Nitya Lad,44,Female,Finance,Finance Manager,MBA,37317,14,Chennai,18,No,4,1,4,1,61,10,3,9,8,4,1,No,Not Provided,12-11-2018,parinaazgarg@barad-sundaram.com,8168117215,12
EMP00928,Adira Kalla,43,Female,IT,BI Developer,Masters,104216,17,Kolkata,23,No,5,4,4,5,43,8,21,4,9,4,1,No,Not Provided,09-03-2023,bkarnik@barad.net,7895876991,5
EMP00929,Tejas Sagar,55,Female,Finance,Financial Analyst,Masters,67473,33,Chennai,5,No,4,5,5,1,1,10,11,8,15,4,1,No,Not Provided,23-05-2018,urviguha@gmail.com,7002689183,7
EMP00930,Neysa Sani,26,Male,Finance,SEO Specialist,Bachelors,141703,6,Chennai,7,No,3,4,1,1,26,2,16,2,10,4,4,No,Not Provided,31-01-2019,emir94@bose.com,9880414204,7
EMP00931,Nakul Dutt,37,Male,Marketing,Content Strategist,Diploma,133907,9,Mumbai,30,Yes,1,4,5,1,26,0,0,14,23,3,1,No,Not Provided,04-07-2021,avarghese@kumar.com,7176126953,12
EMP00932,Anay Koshy,42,Male,Customer Support,Customer Success Manager,Bachelors,58740,14,Delhi,36,Yes,1,2,1,5,53,4,16,14,4,5,1,Yes,"Poor Work Life Balance, Overtime, Low Job Satisfaction",21-07-2023,rbhatt@chawla-doctor.info,2819035570,16
EMP00933,Ivana Chaudry,52,Female,HR,Recruiter,Diploma,36959,22,Chennai,26,Yes,2,2,3,1,15,3,3,11,23,1,3,Yes,"Poor Work Life Balance, Overtime, Low Job Satisfaction",18-04-2018,lkhanna@gmail.com,8521045081,15
EMP00934,Rohan Andra,46,Other,Finance,Finance Manager,Bachelors,64654,21,Pune,30,No,4,5,5,1,45,4,20,3,3,1,3,No,Not Provided,17-02-2025,nirvi53@choudhry.com,5934630014,3
EMP00935,Piya Hayer,28,Male,Operations,Operations Executive,MBA,130685,2,Pune,9,Yes,3,4,3,3,35,6,8,12,17,3,4,No,Not Provided,18-07-2023,bawaanika@keer.com,2357760260,6
EMP00936,Zara Kant,52,Male,Customer Support,Customer Success Manager,Bachelors,108249,23,Kolkata,34,No,1,1,4,1,40,1,25,11,1,1,1,No,Not Provided,03-09-2016,tvala@yahoo.com,1889060607,11
EMP00937,Indranil Dasgupta,29,Other,Marketing,Content Strategist,MBA,93893,5,Noida,19,Yes,3,4,3,4,15,6,20,12,12,3,5,No,Not Provided,28-04-2017,gjhaveri@vyas-zachariah.info,5449723411,6
EMP00938,Reyansh Gala,32,Female,Customer Support,Customer Success Manager,MBA,114965,6,Hyderabad,11,No,3,2,3,5,19,2,22,2,24,4,1,No,Not Provided,27-06-2017,taimur81@hotmail.com,6837531591,6
EMP00939,Anika Ramaswamy,57,Female,Marketing,Marketing Manager,MBA,58247,30,Chennai,30,No,1,5,1,2,3,10,16,8,25,1,1,No,Not Provided,09-02-2025,veer86@venkatesh.com,8802973565,10
EMP00940,Rasha Karpe,49,Male,IT,BI Developer,MBA,70488,24,Noida,37,Yes,2,2,2,4,69,3,21,5,16,2,5,No,Not Provided,15-12-2024,harikeya@gmail.com,9814416176,11
EMP00941,Urvi Badal,31,Other,Finance,Financial Analyst,Bachelors,102665,1,Noida,5,Yes,4,2,1,1,16,0,20,14,3,2,1,No,Not Provided,14-12-2019,ravelvivaan@edwin-yohannan.biz,3886870159,11
EMP00942,Nakul Garg,39,Female,Operations,Supply Chain Analyst,Bachelors,161079,10,Delhi,30,No,5,5,3,1,66,0,24,9,13,4,3,No,Not Provided,14-07-2018,anaymannan@khalsa.com,3305527896,6
EMP00943,Amira Seshadri,37,Male,Marketing,Marketing Manager,MBA,112154,8,Bangalore,22,No,4,5,1,5,24,7,3,8,12,2,3,No,Not Provided,08-09-2021,tandonkaira@yahoo.com,3732382629,6
EMP00944,Ayesha Comar,47,Female,Sales,Sales Manager,MBA,110805,24,Bangalore,14,No,3,1,2,4,29,10,0,3,22,4,3,No,Not Provided,02-09-2025,kashvisem@sastry.biz,2055608421,12
EMP00945,Abram Chaudhry,23,Other,Operations,Supply Chain Analyst,MBA,47201,0,Pune,14,Yes,4,3,5,4,49,0,14,7,14,1,3,No,Not Provided,01-02-2025,vritika17@gmail.com,2743675645,2
EMP00946,Yasmin Balakrishnan,48,Other,Sales,Sales Manager,Diploma,107984,25,Kolkata,39,Yes,1,1,1,3,15,0,7,1,11,4,2,Yes,"Poor Work Life Balance, Overtime, Low Job Satisfaction",05-09-2016,aaryahi66@hayre-sama.com,7369119160,14
EMP00947,Jayan Malhotra,32,Female,Finance,Accountant,Masters,31007,6,Hyderabad,12,Yes,2,3,5,4,68,8,22,11,12,2,1,No,Not Provided,17-04-2024,trishabhardwaj@hotmail.com,9205392070,9
EMP00948,Elakshi Chanda,24,Other,Operations,Operations Executive,Bachelors,163193,3,Kolkata,16,Yes,5,1,5,4,50,4,1,4,1,1,5,No,Not Provided,02-05-2017,chirag85@sethi.com,9689640394,7
EMP00949,Riya Dhawan,49,Other,Marketing,Content Strategist,Diploma,45099,27,Chennai,28,No,3,5,3,1,32,9,7,2,15,2,3,No,Not Provided,26-03-2023,shayakmagar@hotmail.com,3346369338,5
EMP00950,Devansh Salvi,50,Female,Finance,Financial Analyst,Masters,46297,24,Chennai,37,Yes,2,2,3,3,36,0,10,4,10,3,4,No,Not Provided,15-08-2024,rchadha@yahoo.com,4925350311,9
EMP00951,Piya Sem,57,Male,IT,Software Engineer,Diploma,143535,27,Chennai,3,No,2,5,1,3,60,5,19,12,18,1,4,No,Not Provided,18-08-2019,veer70@yadav-subramaniam.net,5958116696,9
EMP00952,Jayesh Choudhary,43,Male,Finance,Finance Manager,Masters,169585,13,Delhi,30,No,3,3,5,2,8,9,22,13,10,1,4,No,Not Provided,06-04-2018,chandranmadhup@khosla.com,344785675,7
EMP00953,Jayant Jaggi,22,Other,Marketing,Content Strategist,MBA,84655,2,Kolkata,37,Yes,4,3,5,4,33,2,7,15,22,4,2,No,Not Provided,17-06-2025,chandamamooty@ravel.com,77341252,8
EMP00954,Ehsaan Singh,32,Male,Sales,Sales Manager,Masters,82490,7,Pune,21,No,2,3,1,4,56,3,10,9,7,4,2,No,Not Provided,22-08-2019,cbhagat@balay-sawhney.org,9696970595,8
EMP00955,Indranil Mallick,32,Male,IT,System Admin,Diploma,55147,6,Noida,37,Yes,4,2,2,4,80,6,10,1,20,1,2,No,Not Provided,02-02-2017,tatwal@basak-sura.net,4702516311,10
EMP00956,Fateh Kurian,34,Female,Operations,Operations Executive,MBA,58549,8,Pune,2,Yes,2,3,4,3,49,10,8,4,16,3,1,No,Not Provided,08-02-2018,dbal@hotmail.com,2624047075,7
EMP00957,Nitya Behl,32,Other,Operations,Operations Executive,MBA,117564,2,Chennai,36,Yes,3,3,1,1,72,4,6,2,19,2,1,No,Not Provided,22-05-2016,ranbirsem@gmail.com,1413822643,7
EMP00958,Kartik Dutt,56,Female,Customer Support,Support Executive,Masters,122308,28,Kolkata,2,No,2,2,3,5,75,6,19,5,0,4,2,No,Not Provided,21-07-2018,samaira39@hotmail.com,7826266363,11
EMP00959,Vidur Kara,39,Male,Marketing,SEO Specialist,Diploma,55232,11,Hyderabad,33,No,3,3,3,3,48,10,3,4,17,5,1,No,Not Provided,10-04-2026,nehmat82@ravel.org,7641974417,8
EMP00960,Emir Tella,54,Female,Finance,Financial Analyst,Diploma,52509,26,Delhi,33,Yes,5,2,2,2,58,9,24,13,2,3,2,Yes,"Overtime, Low Job Satisfaction, Manager Issues",15-01-2021,Not Generated,5882087140,14
EMP00961,Amani Sachdeva,49,Other,Finance,Finance Manager,Diploma,73077,19,Noida,27,No,1,1,3,1,27,10,8,8,11,1,4,No,Not Provided,04-07-2021,dchopra@yahoo.com,6088692134,11
EMP00962,Divyansh Dey,37,Male,Customer Support,Support Executive,MBA,116864,7,Noida,16,Yes,2,4,3,1,43,3,23,5,11,5,1,No,Not Provided,13-05-2024,bboase@acharya.net,7244321660,10
EMP00963,Aarush Dugar,39,Female,Sales,Sales Executive,Bachelors,146836,12,Mumbai,21,No,4,1,3,3,10,3,11,13,12,3,3,No,Not Provided,02-12-2018,thakershray@yahoo.com,9757302980,5
EMP00964,Miraya Kohli,21,Other,Sales,Business Development Associate,Bachelors,52839,0,Kolkata,2,No,4,1,4,5,54,5,22,3,3,1,4,No,Not Provided,19-08-2025,chowdhuryanaya@yahoo.com,8634914949,5
EMP00965,Anaya Grover,48,Female,Marketing,SEO Specialist,Masters,166015,20,Noida,8,Yes,1,1,5,1,57,7,20,11,4,2,1,Yes,"Poor Work Life Balance, Overtime, Low Job Satisfaction",31-07-2025,kharedhanush@gole.com,6382190836,14
EMP00966,Eshani Jhaveri,26,Other,Operations,Operations Executive,Bachelors,157074,0,Hyderabad,1,Yes,3,1,1,4,70,0,12,11,0,1,2,No,Not Provided,18-06-2018,sarnashalv@yahoo.com,1138566790,9
EMP00967,Divyansh Banik,54,Male,Customer Support,Customer Success Manager,Diploma,43979,24,Chennai,22,No,5,1,4,3,10,0,24,10,25,1,4,No,Not Provided,12-04-2022,tdhar@bumb.com,7560754957,5
EMP00968,Hunar Solanki,40,Male,Finance,Accountant,Masters,57288,12,Chennai,6,Yes,3,4,4,2,80,6,14,2,5,4,5,No,Not Provided,15-07-2023,jjhaveri@hotmail.com,6019604026,9
EMP00969,Adah Sekhon,57,Male,Marketing,Marketing Manager,Diploma,52325,27,Hyderabad,29,No,5,4,4,2,8,6,22,2,1,1,3,No,Not Provided,19-12-2022,ishitadutt@gmail.com,970605427,5
EMP00970,Jivika Shah,38,Female,Sales,Business Development Associate,Masters,162002,12,Pune,24,Yes,3,4,4,1,35,7,23,15,1,1,2,No,Not Provided,12-11-2021,onkarbanik@basak.com,1162825403,8
EMP00971,Indrans Batta,41,Other,Operations,Operations Executive,Bachelors,123819,21,Noida,29,Yes,1,5,5,2,27,6,10,5,5,2,2,No,Not Provided,27-03-2023,oorja74@tata-kamdar.com,6580923002,10
EMP00972,Anaya Bhat,33,Male,HR,HR Executive,Diploma,49084,10,Delhi,13,No,3,2,1,4,26,4,2,15,1,3,1,No,Not Provided,05-06-2020,varughesearmaan@lalla.com,8595233902,9
EMP00973,Yasmin Balakrishnan,28,Female,HR,HR Manager,Bachelors,97977,5,Chennai,19,Yes,2,3,1,1,65,10,13,9,20,3,2,No,Not Provided,30-10-2022,zara00@mangat-sani.net,6038761649,11
EMP00974,Riya Ghosh,49,Other,Finance,Accountant,MBA,169783,23,Noida,40,No,5,5,1,1,36,7,9,15,6,3,4,No,Not Provided,27-07-2017,mandalkismat@agate-raval.com,9903261966,9
EMP00975,Ishita Batra,58,Female,Finance,Accountant,Bachelors,30370,30,Noida,18,Yes,2,1,4,5,69,0,17,12,4,5,3,Yes,"Poor Work Life Balance, Overtime, Low Job Satisfaction",05-04-2022,dray@majumdar-chacko.com,3541811521,13
EMP00976,Aaryahi Sane,54,Other,Marketing,Content Strategist,Bachelors,44099,29,Kolkata,35,Yes,4,4,4,3,53,6,12,12,8,5,4,No,Not Provided,08-06-2023,llall@sehgal.com,7314761716,10
EMP00977,Dhanush Chopra,27,Female,Finance,Finance Manager,Bachelors,32649,0,Noida,13,Yes,3,4,5,5,42,6,7,8,4,4,2,No,Not Provided,02-07-2024,keyabhakta@yahoo.com,4190129727,7
EMP00978,Samar Soni,44,Female,HR,HR Manager,Diploma,115269,22,Mumbai,34,No,2,4,3,3,18,6,7,12,3,2,3,No,Not Provided,17-12-2020,akeer@deo-sha.com,301209421,8
EMP00979,Anya Som,29,Other,HR,Recruiter,Masters,59363,5,Pune,1,No,5,3,1,2,59,9,21,12,13,1,4,No,Not Provided,25-01-2026,raghavjaggi@baria.com,5962671239,8
EMP00980,Eva Yadav,33,Female,HR,HR Manager,Bachelors,63353,13,Noida,17,Yes,4,1,4,5,66,2,6,7,1,5,4,No,Not Provided,28-08-2020,stuvan58@hotmail.com,31109807,8
EMP00981,Khushi Singhal,54,Female,Sales,Sales Manager,Bachelors,30775,28,Kolkata,7,No,2,4,4,4,69,2,13,15,14,4,1,No,Not Provided,01-09-2021,xmannan@sridhar-rajagopal.com,9255540017,8
EMP00982,Mamooty Choudhary,37,Other,IT,BI Developer,MBA,28147,9,Delhi,14,No,5,2,2,2,43,1,1,6,7,1,2,No,Not Provided,18-11-2022,azadsarraf@hotmail.com,1572397077,9
EMP00983,Yuvaan Tata,32,Male,IT,System Admin,Masters,52601,3,Chennai,33,Yes,3,4,4,4,34,4,14,3,8,4,4,No,Not Provided,30-10-2025,banditanya@yahoo.com,4780124793,6
EMP00984,Taran Jhaveri,41,Male,Finance,Accountant,Masters,120117,18,Noida,28,Yes,3,3,3,3,47,6,23,6,21,1,2,No,Not Provided,16-01-2023,vsane@yahoo.com,7228450942,5
EMP00985,Tiya Kapoor,45,Male,Sales,Sales Manager,MBA,77849,21,Mumbai,9,Yes,2,3,3,3,69,4,15,11,2,4,5,No,Not Provided,04-03-2021,nakul08@hotmail.com,5909458169,10
EMP00986,Sumer Ghosh,37,Female,Sales,Sales Executive,Masters,141320,12,Chennai,27,No,4,5,5,2,47,7,22,5,20,1,2,No,Not Provided,18-12-2025,ranbirmannan@yahoo.com,6106484911,5
EMP00987,Vivaan Dara,22,Female,Sales,Sales Manager,Diploma,167070,1,Delhi,10,No,4,3.039382866,4,3,71,9,10,10,17,1,3,No,Not Provided,11-04-2018,yshroff@tara.com,360079442,4
EMP00988,Uthkarsh Subramanian,55,Male,Sales,Sales Manager,MBA,79363,26,Mumbai,14,No,3,2,5,3,13,4,1,15,9,1,1,No,Not Provided,24-11-2020,veerbhatnagar@hotmail.com,1298181288,7
EMP00989,Badal Samra,27,Female,Marketing,Content Strategist,Diploma,123898,0,Kolkata,26,No,1,5,4,4,80,4,12,13,25,2,5,No,Not Provided,17-08-2023,soodlagan@gmail.com,2182382142,6
EMP00990,Samiha Solanki,36,Male,Operations,Operations Executive,Masters,147896,7,Kolkata,21,No,3,4,3,3,76,6,23,3,7,5,1,No,Not Provided,06-02-2024,vkothari@chopra-walia.org,4052455173,5
EMP00991,Urvi Suresh,35,Male,Customer Support,Customer Success Manager,Masters,54574,11,Noida,24,Yes,2,1,3,1,45,10,12,3,24,4,1,Yes,"Poor Work Life Balance, Overtime, Low Job Satisfaction",12-11-2019,ivana93@saha.com,6909124321,15
EMP00992,Dharmajan Saini,48,Female,Finance,Accountant,MBA,99017,23,Noida,10,No,4,1,3,3,63,7,10,13,23,1,2,No,Not Provided,28-10-2018,dugalkiaan@bali.com,726196041,7
EMP00993,Ehsaan Comar,34,Other,Marketing,Marketing Manager,Bachelors,173832,12,Pune,27,Yes,2,5,2,5,66,10,12,13,19,3,2,No,Not Provided,06-09-2025,vray@gmail.com,7436593481,12
EMP00994,Raunak Tella,57,Other,Sales,Business Development Associate,Masters,153985,35,Bangalore,7,Yes,3,4,4,2,4,10,14,9,20,5,2,No,Not Provided,02-05-2026,sana29@subramanian-mandal.org,5567303410,9
EMP00995,Alisha Lal,22,Male,Finance,Accountant,Bachelors,107552,2,Mumbai,30,No,5,2,4,3,40,0,8,1,8,2,5,No,Not Provided,21-07-2017,jhegde@kohli-kata.com,5202338802,4
EMP00996,Darshit Dutt,27,Male,Customer Support,Customer Success Manager,MBA,31058,0,Pune,5,Yes,4,4,2,3,60,2,9,4,9,3,1,No,Not Provided,17-03-2021,ssandal@ahuja.biz,4526768913,4
EMP00997,Sumer Raj,75,Other,Sales,Sales Executive,MBA,171908,26,Delhi,3,Yes,3,1,4,4,76,3,15,3,20,4,3,No,Not Provided,25-01-2023,shankerzoya@issac.org,5517871647,8
EMP00998,Zoya Dada,33,Male,Operations,Operations Executive,Bachelors,158279,9,Mumbai,4,No,3,4,5,1,80,3,2,11,18,1,2,No,Not Provided,07-02-2018,tiwarisara@gmail.com,1913051842,6
EMP00999,Krish Ratti,52,Male,Marketing,Content Strategist,Diploma,35123,30,Mumbai,38,No,3,1,3,5,60,3,21,13,14,3,3,No,Not Provided,24-12-2023,tusharbose@raj.com,9962139079,6
EMP01000,Samiha Kala,31,Male,Marketing,SEO Specialist,Diploma,88038,10,Pune,30,No,2,4,3,2,68,7,5,8,18,5,1,Yes,"Poor Work Life Balance, Manager Issues, High Stress",08-10-2025,rseshadri@yahoo.com,7221700077,13
EMP01001,Aniruddh Bassi,43,Other,Marketing,Marketing Manager,MBA,119922,16,Pune,33,Yes,1,1,5,1,9,6,25,1,18,3,2,Yes,"Poor Work Life Balance, Overtime, Low Job Satisfaction",20-11-2025,mahikadalal@hotmail.com,7641857883,13
EMP01002,Shamik Chander,43,Male,Marketing,Marketing Manager,Masters,49759,23,Mumbai,35,No,1,3,3,2,79,8,19,14,21,2,4,No,Not Provided,01-05-2020,ychaudhary@hotmail.com,2695232842,10
EMP01003,Nehmat Sani,29,Other,Customer Support,Support Executive,MBA,102966,6,Kolkata,15,No,3,3,5,5,26,2,1,14,25,4,5,No,Not Provided,27-07-2020,kamdaraniruddh@gmail.com,4984373525,7
EMP01004,Purab Ramakrishnan,43,Male,Not assigned,Customer Success Manager,Diploma,140457,16,Kolkata,29,Yes,1,4,2,5,12,6,21,2,10,3,4,No,Not Provided,29-07-2024,amanibhatt@gmail.com,6581543448,10
EMP01005,Keya Randhawa,27,Other,IT,System Admin,Masters,100444,6,Chennai,7,Yes,3,3,1,2,66,10,16,7,12,3,2,No,Not Provided,08-07-2023,mahajantejas@bhavsar.com,7582538101,8
EMP01006,Purab Dani,33,Female,HR,HR Executive,Diploma,130199,13,Mumbai,32,No,5,4,3,3,50,5,10,7,7,2,5,No,Not Provided,07-04-2022,mannat08@ben.com,8745726978,3
EMP01007,Indrans Khurana,42,Other,Operations,Operations Executive,Masters,161228,20,Kolkata,24,No,4,5,3,4,1,9,18,10,20,3,3,No,Not Provided,03-11-2024,diya06@yahoo.com,5402378733,4
EMP01008,Jayesh Jaggi,28,Male,Customer Support,Support Executive,MBA,138796,7,Kolkata,30,Yes,4,4,2,5,44,3,9,2,0,3,1,No,Not Provided,06-01-2020,kvohra@gmail.com,2329116571,5
EMP01009,Nitara Dube,24,Male,HR,Recruiter,Diploma,80245,1,Delhi,34,No,5,3,4,5,26,3,1,5,24,5,2,No,Not Provided,28-08-2023,ranaranbir@rau-barad.com,1149647782,6
EMP01010,Devansh Magar,44,Male,Finance,Finance Manager,Masters,25610,21,Mumbai,34,No,2,4,3,4,18,4,8,2,0,1,5,No,Not Provided,04-02-2017,bawaumang@yahoo.com,7222122107,4
EMP01011,Dhanush Kari,27,Male,HR,Recruiter,Masters,78799,0,Delhi,5,Yes,3,3,2,5,73,2,19,3,11,1,3,No,Not Provided,17-07-2024,pvala@rao-vohra.com,9316209394,4
EMP01012,Kiara Ramaswamy,29,Male,HR,Recruiter,Masters,129692,1,Noida,4,No,4,1,1,5,59,6,24,11,22,1,1,No,Not Provided,11-01-2026,idash@singh-bhattacharyya.info,8176373406,9
EMP01013,Jayesh Aggarwal,32,Other,Not assigned,Support Executive,Bachelors,149948,4,Delhi,34,Yes,2,5,4,1,38,7,9,1,3,2,5,No,Not Provided,09-12-2016,davecharvi@shere.com,7489427405,10
EMP01014,Ehsaan Chakraborty,32,Male,Marketing,SEO Specialist,Diploma,166927,6,Chennai,32,No,2,2,2,4,5,1,2,11,25,1,2,Yes,"Poor Work Life Balance, Low Job Satisfaction, Low Salary Hike",29-01-2017,Not Generated,4596577278,13
EMP01015,Anay Sathe,58,Male,Marketing,Content Strategist,MBA,102807,33,Pune,11,Yes,4,3,2,5,66,8,13,6,21,5,3,No,Not Provided,17-05-2025,nishith93@yahoo.com,869139800,9
EMP01016,Bhavin Kannan,59,Female,Operations,Supply Chain Analyst,Diploma,75680,30,Pune,16,Yes,5,3,2,3,8,4,20,8,25,3,5,No,Not Provided,30-07-2016,emirsankar@ramaswamy.com,9304708470,4
EMP01017,Miraya Wagle,43,Female,Customer Support,Support Executive,Masters,57052,20,Bangalore,39,Yes,3,5,4,1,18,9,23,10,7,5,1,No,Not Provided,19-07-2023,kavyabumb@shukla.net,8048652902,12
EMP01018,Akarsh Mall,58,Female,Finance,Financial Analyst,Bachelors,40168,32,Chennai,18,Yes,4,4,1,1,0,10,2,15,2,2,4,No,Not Provided,12-08-2021,shuklajayant@gmail.com,4090740363,12
EMP01019,Riaan Chandran,45,Female,IT,System Admin,Diploma,150832,15,Hyderabad,25,No,5,5,4,3,6,3,21,13,13,4,4,No,Not Provided,18-01-2026,hansjhanvi@manne.net,85667781,6
EMP01020,Biju Ram,52,Female,HR,HR Manager,Bachelors,93885,22,Mumbai,4,Yes,1,4,4,1,72,6,9,1,18,1,1,No,Not Provided,28-10-2022,omangal@gmail.com,2543450483,9
EMP01021,Advika Saxena,40,Female,Marketing,Marketing Manager,MBA,111286,20,Delhi,35,Yes,4,2,5,4,18,1,10,13,6,2,2,No,Not Provided,22-07-2018,advikabajwa@deshpande.org,7386806487,8
EMP01022,Jayan Hayer,25,Female,Finance,Finance Manager,Masters,159119,5,Delhi,18,No,2,4,1,3,18,8,0,9,25,2,5,No,Not Provided,01-12-2017,sharmajivika@gupta.org,334858022,9
EMP01023,Jayesh Lad,42,Male,IT,Data Analyst,MBA,162435,20,Delhi,4,Yes,1,4,5,2,3,9,10,1,19,4,2,No,Not Provided,06-01-2018,yuvaanramachandran@gmail.com,3380468782,12
EMP01024,Khushi Bhavsar,54,Other,Finance,Accountant,Diploma,145378,31,Mumbai,33,No,4,5,3,1,76,0,5,6,2,4,4,No,Not Provided,14-04-2025,senaniruddh@gmail.com,1153140810,8
EMP01025,Akarsh Sem,42,Male,IT,System Admin,MBA,155662,13,Bangalore,16,Yes,4,4,4,4,31,1,16,2,1,2,2,No,Not Provided,22-02-2025,neelofarmangat@halder-ghosh.com,5242998230,2
EMP01026,Gatik Gandhi,51,Female,Operations,Operations Executive,Masters,54370,23,Pune,33,No,3,2,4,2,63,6,18,5,14,3,3,No,Not Provided,27-11-2020,smajumdar@yahoo.com,5945338971,8
EMP01027,Vaibhav Anne,29,Other,IT,System Admin,Bachelors,134400,1,Kolkata,7,No,4,2,4,4,52,5,13,10,14,5,2,No,Not Provided,06-07-2016,skrishna@gokhale.org,1057279797,10
EMP01028,Zara Doshi,44,Other,Marketing,Marketing Manager,MBA,82287,15,Noida,23,Yes,5,4,5,1,53,6,0,9,2,4,3,No,Not Provided,20-12-2021,zbobal@yahoo.com,5829469218,11
EMP01029,Keya Gill,60,Female,HR,HR Executive,MBA,65220,34,Pune,17,No,1,4,5,3,66,1,6,4,17,1,4,No,Not Provided,15-11-2020,shaandeshmukh@comar.com,5582234634,3
EMP01030,Tushar Arya,27,Other,IT,Data Analyst,Masters,29758,0,Pune,9,No,5,2,3,1,34,7,22,9,23,2,3,No,Not Provided,30-06-2023,shlokkala@kashyap.net,9686268607,7
EMP01031,Sana Talwar,49,Other,Customer Support,Support Executive,Bachelors,73890,24,Chennai,15,Yes,4,3,3,5,13,4,21,10,14,4,4,No,Not Provided,28-07-2020,tthakur@butala.com,3969951899,7
EMP01032,Shlok Bhat,51,Male,Marketing,Content Strategist,Diploma,162523,29,Pune,36,No,1,2,4,5,77,10,0,5,0,2,4,No,Not Provided,25-01-2018,reddynehmat@hotmail.com,3061100281,11
EMP01033,Ahana  Dhawan,25,Male,Finance,Finance Manager,MBA,140386,0,Noida,15,No,5,4,4,3,21,3,2,5,10,5,5,No,Not Provided,03-12-2020,usampath@gmail.com,406080517,5
EMP01034,Rhea Lad,31,Male,IT,Data Analyst,Diploma,135218,8,Noida,1,Yes,5,3,1,3,18,1,1,2,10,2,5,No,Not Provided,21-05-2019,bansalseher@jayaraman-choudhury.biz,6422555720,6
EMP01035,Faiyaz Dey,53,Male,Marketing,SEO Specialist,Masters,59361,32,Noida,25,No,3,2,3,5,51,5,15,9,24,5,3,No,Not Provided,23-06-2023,Not Generated,9599938216,9
EMP01036,Mohanlal Kar,28,Other,Sales,Sales Executive,Diploma,109084,0,Noida,7,Yes,3,2,2,5,61,1,14,10,16,1,4,No,Not Provided,29-11-2017,sandhuamani@gmail.com,7509026036,9
EMP01037,Aniruddh Kara,42,Other,IT,Software Engineer,Diploma,177986,17,Mumbai,17,No,4,2,1,5,25,8,23,6,16,4,5,No,Not Provided,29-09-2019,qmajumdar@dara.biz,1199093816,10
EMP01038,Badal Mane,37,Female,Sales,Business Development Associate,Bachelors,87797,17,Pune,11,No,2,3,4,2,41,2,23,2,2,2,5,No,Not Provided,13-03-2024,manjarichoudhury@rastogi.com,810271655,5
EMP01039,Vardaniya Edwin,60,Female,Operations,Supply Chain Analyst,Masters,67329,31,Bangalore,21,No,5,2,3,3,11,1,18,4,8,1,1,No,Not Provided,06-07-2017,somanindrajit@dash.com,7838882601,3
EMP01040,Onkar Chadha,24,Male,Operations,Operations Executive,Masters,120446,1,Mumbai,33,Yes,2,5,4,3,9,9,8,15,1,2,4,No,Not Provided,18-06-2018,indraniljohal@yahoo.com,8124658668,10
EMP01041,Suhana Brahmbhatt,48,Female,Marketing,Marketing Manager,Diploma,159995,24,Pune,5,Yes,1,2,1,4,11,7,25,7,13,1,1,No,Not Provided,31-08-2016,choprabaiju@dhillon-sarin.com,3634074449,12
EMP01042,Tushar Uppal,30,Other,IT,Software Engineer,Masters,163499,1,Chennai,38,Yes,4,5,2,5,22,8,24,13,23,1,2,No,Not Provided,06-03-2025,vaibhavdara@yahoo.com,4825231669,9
EMP01043,Kismat Gaba,53,Other,Finance,Finance Manager,Bachelors,174224,24,Delhi,2,Yes,3,3,2,2,65,6,4,7,22,3,1,No,Not Provided,14-08-2016,bhavinbrahmbhatt@hotmail.com,1456475166,10
EMP01044,Hansh Korpal,32,Female,HR,HR Executive,Diploma,102795,11,Hyderabad,40,Yes,4,4,2,4,8,3,10,8,4,3,2,No,Not Provided,24-12-2024,anayadhar@kant.biz,908912424,5
EMP01045,Anika Dugar,34,Male,Finance,Financial Analyst,MBA,127549,13,Bangalore,39,No,1,1,5,4,48,3,12,5,21,4,1,No,Not Provided,25-09-2025,varora@yadav.com,3173549598,10
EMP01046,Oorja Chakraborty,22,Other,HR,HR Executive,Masters,178278,0,Kolkata,1,Yes,2,1,5,1,50,2,14,11,23,3,4,No,Not Provided,06-06-2024,sarmamiraan@divan-aurora.com,8636529450,12
EMP01047,Uthkarsh Yadav,28,Female,Customer Support,Customer Success Manager,Bachelors,70363,1,Pune,40,Yes,4,3,1,1,39,10,3,2,22,2,2,No,Not Provided,25-12-2020,raghavkata@venkataraman-kulkarni.com,3045847301,11
EMP01048,Kanav Venkatesh,26,Other,IT,BI Developer,Diploma,104927,4,Noida,36,No,4,2,4,4,45,4,11,4,3,2,1,No,Not Provided,22-02-2019,pgoel@sarna.com,3019032667,4
EMP01049,Eshani Kuruvilla,43,Female,HR,HR Executive,Diploma,89253,14,Hyderabad,2,Yes,3,2,4,3,69,6,24,11,9,4,5,No,Not Provided,05-04-2019,gdeol@rajagopal.com,4397525272,12
EMP01050,Umang Sama,47,Male,Finance,Finance Manager,Masters,76000,20,Noida,1,No,2,4,2,2,39,2,13,4,21,5,3,No,Not Provided,12-02-2017,uthkarsharora@raja.org,8184190415,10
EMP01051,Anvi Arya,48,Male,IT,Data Analyst,MBA,27054,28,Chennai,37,No,3,1,3,4,56,4,19,12,24,1,3,No,Not Provided,18-03-2023,zsridhar@hotmail.com,3807440827,6
EMP01052,Ahana  Ben,51,Other,Finance,Financial Analyst,Masters,123989,23,Delhi,11,No,3,2,3,4,75,4,15,3,11,1,1,No,Not Provided,19-12-2016,gkadakia@hotmail.com,4296824886,3
EMP01053,Tarini Kumer,22,Male,Sales,Sales Manager,Diploma,166214,0,Noida,39,No,2,1,5,3,63,9,2,13,19,5,2,Yes,"Poor Work Life Balance, Low Job Satisfaction, High Stress",29-02-2024,bassinehmat@yahoo.com,4038566467,16
EMP01054,Damini Chakrabarti,55,Other,Operations,Supply Chain Analyst,Bachelors,60403,31,Pune,30,No,2,5,3,1,52,8,11,4,10,1,3,No,Not Provided,01-07-2024,deyemir@yahoo.com,1581194132,8
EMP01055,Hiran Gola,46,Female,IT,BI Developer,Masters,162534,21,Delhi,21,No,4,2,2,5,61,4,6,7,18,2,5,No,Not Provided,19-04-2023,obhakta@gmail.com,2517499833,5
EMP01056,Jiya Bumb,39,Female,Marketing,Marketing Manager,Masters,34598,14,Mumbai,14,No,2,1,5,5,13,2,5,6,10,1,2,No,Not Provided,11-06-2017,yashvishenoy@shroff.info,1570702372,8
EMP01057,Anay Wable,56,Female,Operations,Supply Chain Analyst,MBA,45729,26,Noida,11,No,3,2,5,4,2,3,7,7,2,4,1,No,Not Provided,05-05-2020,bumbishita@kadakia.org,1744289381,6
EMP01058,Darshit Handa,27,Other,IT,BI Developer,MBA,129759,5,Kolkata,23,No,3,4,2,4,10,9,0,11,24,1,5,No,Not Provided,17-11-2022,lavanyajani@iyer.com,7449573249,8
EMP01059,Reyansh Hans,30,Other,Operations,Supply Chain Analyst,Diploma,103477,10,Delhi,30,No,3,3,5,4,16,2,5,4,10,2,5,No,Not Provided,07-06-2025,wbuch@swamy.org,1078972653,3
EMP01060,Shanaya Bajwa,24,Female,IT,Software Engineer,Masters,92322,0,Chennai,4,Yes,3,1,1,4,27,6,14,13,8,5,4,Yes,"Overtime, Low Job Satisfaction, High Stress",18-08-2024,breddy@gmail.com,8561951363,14
EMP01061,Sara Manda,46,Male,IT,Content Strategist,Bachelors,159120,24,Kolkata,4,No,3,2,1,2,2,5,18,8,10,1,5,No,Not Provided,28-01-2023,kalamannat@gmail.com,3668775014,9
EMP01062,Taimur Barad,32,Female,Finance,Accountant,Bachelors,90534,2,Noida,11,No,4,3,5,4,72,9,25,2,1,2,4,No,Not Provided,06-09-2022,farhan16@yahoo.com,6626366619,2
EMP01063,Rasha Buch,22,Female,Marketing,SEO Specialist,MBA,109051,0,Delhi,13,Yes,5,1,3,1,71,0,21,2,5,1,3,No,Not Provided,13-02-2021,yashviwalia@atwal.biz,6937492293,7
EMP01064,Damini Aggarwal,25,Other,Sales,Sales Manager,MBA,140486,0,Mumbai,26,No,5,5,3,1,76,9,14,13,8,2,1,No,Not Provided,05-11-2017,vihaanganguly@gmail.com,782745953,7
EMP01065,Mishti Bhatt,33,Male,Marketing,Content Strategist,Diploma,86371,9,Pune,1,Yes,2,1,4,4,30,0,20,2,17,1,2,No,Not Provided,23-02-2017,xgoyal@savant.org,234835219,8
EMP01066,Eshani Maharaj,57,Other,Marketing,Content Strategist,Bachelors,89755,29,Noida,33,Yes,1,5,1,2,4,1,23,4,23,3,2,No,Not Provided,02-10-2016,sahotatiya@gmail.com,2479516194,10
EMP01067,Kabir Ray,35,Other,IT,Data Analyst,Diploma,71281,9,Bangalore,14,No,2,4,4,4,45,7,19,10,9,5,1,No,Not Provided,20-06-2018,evachaudry@varghese.com,10513647,10
EMP01068,Armaan Sen,56,Male,Marketing,Marketing Manager,Diploma,37261,26,Hyderabad,34,Yes,1,2,2,5,26,10,6,10,8,3,5,Yes,"Poor Work Life Balance, Overtime, Low Job Satisfaction",28-09-2021,uravi@hotmail.com,5819870932,15
EMP01069,Ishita Mandal,32,Male,Marketing,SEO Specialist,Masters,50941,9,Chennai,30,No,2,2,1,5,11,10,9,11,25,3,1,Yes,"Poor Work Life Balance, Low Job Satisfaction, No Promotion",17-02-2026,aaravdave@rege.com,8084739370,13
EMP01070,Darshit Biswas,36,Male,HR,HR Executive,Masters,143222,15,Bangalore,12,Yes,4,2,1,1,80,10,22,13,16,4,2,Yes,"Overtime, Low Job Satisfaction, Manager Issues",09-10-2017,lagan82@hotmail.com,3865136739,16
EMP01071,Eshani Dada,47,Female,Sales,Business Development Associate,MBA,54968,23,Mumbai,25,No,1,2,4,3,3,3,7,5,25,2,5,No,Not Provided,27-04-2019,rhea96@gmail.com,9931736596,7
EMP01072,Lakshit Jaggi,42,Female,Sales,Sales Manager,Diploma,110755,13,Pune,33,Yes,5,5,2,1,75,8,2,7,12,5,3,Yes,"Overtime, Manager Issues, High Stress",12-09-2016,anahitaborah@johal.com,1886611848,14
EMP01073,Anahi Garde,45,Female,Customer Support,Support Executive,Bachelors,95268,15,Mumbai,32,Yes,4,2,1,5,16,4,9,2,2,2,1,No,Not Provided,13-04-2021,khushisha@varma.com,5247083665,8
EMP01074,Vedika Thaker,23,Male,Operations,Operations Executive,Diploma,100824,3,Mumbai,39,No,2,1,2,1,1,7,20,13,8,5,3,Yes,"Poor Work Life Balance, Low Job Satisfaction, Manager Issues",26-09-2018,seher96@hotmail.com,250981953,18
EMP01075,Aradhya Mani,44,Other,HR,HR Manager,Diploma,77494,18,Pune,14,Yes,3,3,3,1,33,6,15,4,1,5,5,No,Not Provided,27-03-2026,nirvi97@gmail.com,8379524578,9
EMP01076,Kimaya Gara,52,Other,Customer Support,Customer Success Manager,Bachelors,130530,25,Kolkata,7,No,5,1,5,4,19,3,24,8,24,5,1,No,Not Provided,29-10-2021,dtiwari@yahoo.com,6396695762,6
EMP01077,Drishya Shan,33,Female,Marketing,Content Strategist,MBA,164460,6,Pune,27,Yes,3,5,5,5,59,0,25,11,11,5,5,No,Not Provided,09-10-2017,kohlibaiju@gara-sankar.biz,8768881786,8
EMP01078,Siya Bobal,46,Female,Marketing,SEO Specialist,Diploma,30476,23,Kolkata,13,Yes,1,1,1,2,66,7,13,8,20,4,2,Yes,"Poor Work Life Balance, Overtime, Low Job Satisfaction",29-05-2020,inaaya-06@lall-kumer.com,9408755077,17
EMP01079,Reyansh Deol,39,Female,IT,Software Engineer,Masters,38325,15,Bangalore,33,No,3,5,3,4,0,9,24,2,9,3,1,No,Not Provided,15-11-2019,aaryahi39@singh-dalal.com,1687886812,3
EMP01080,Sahil Solanki,60,Other,Sales,Sales Manager,MBA,70708,32,Bangalore,38,No,3,1,4,5,19,5,12,4,24,2,1,No,Not Provided,15-03-2017,pihuwadhwa@gmail.com,3154667648,6
EMP01081,Khushi Chowdhury,26,Female,Customer Support,Support Executive,Masters,101169,0,Mumbai,6,Yes,4,1,2,4,17,4,7,5,18,1,1,No,Not Provided,16-02-2023,tkarnik@kakar-rana.com,6715538360,7
EMP01082,Rati Gokhale,50,Female,HR,HR Manager,MBA,66073,20,Bangalore,10,No,4,5,3,1,39,4,18,3,24,5,4,No,Not Provided,25-12-2016,heerrama@reddy-bansal.com,6333154311,5
EMP01083,Madhav Kumer,59,Other,HR,HR Manager,Diploma,49190,31,Noida,39,No,4,5,1,1,1,2,12,15,24,1,2,No,Not Provided,27-06-2018,nehmatlanka@dyal.com,6601027624,7
EMP01084,Riaan Mannan,57,Other,IT,BI Developer,MBA,118432,30,Kolkata,10,Yes,4,5,4,4,51,5,8,8,13,1,5,No,Not Provided,14-10-2016,dhanushuppal@gmail.com,4283837922,4
EMP01085,Vihaan Kuruvilla,21,Male,Sales,Business Development Associate,MBA,174684,0,Pune,5,No,4,3,1,5,42,9,24,12,23,3,4,No,Not Provided,02-10-2016,bbhardwaj@yahoo.com,9896684464,6
EMP01086,Seher Wason,30,Other,Customer Support,Customer Success Manager,Diploma,97452,3,Bangalore,32,Yes,5,1,2,5,38,5,6,8,7,4,1,Yes,"Overtime, Low Job Satisfaction, High Stress",03-07-2023,desaitanya@sood.org,389820656,13
EMP01087,Jayan Mani,48,Male,Operations,Supply Chain Analyst,MBA,152385,28,Delhi,32,Yes,5,5,2,1,61,1,19,8,2,5,2,No,Not Provided,18-07-2020,pihu42@yahoo.com,330285000,10
EMP01088,Aaryahi Rajagopal,46,Female,Marketing,SEO Specialist,Masters,57346,18,Noida,4,Yes,5,5,1,3,31,6,11,12,12,1,4,No,Not Provided,29-10-2017,wray@mane.biz,9558455051,8
EMP01089,Raunak Buch,41,Other,Finance,Accountant,Bachelors,83733,11,Chennai,5,Yes,5,1,5,3,62,5,8,14,24,2,1,No,Not Provided,18-02-2021,anayagarde@kunda-srinivasan.com,7699756900,9
EMP01090,Zoya Khalsa,30,Male,IT,Data Analyst,MBA,103490.3855,9,Noida,16,Yes,5,4,5,4,67,6,9,12,2,5,2,No,Not Provided,18-09-2022,ishaan37@vasa.com,976309672,9
EMP01091,Tara Chana,24,Male,Operations,Supply Chain Analyst,Diploma,29368,0,Mumbai,7,Yes,5,4,2,1,62,1,11,11,5,3,2,No,Not Provided,29-10-2020,samairayogi@grover-uppal.com,9056663168,8
EMP01092,Kanav Baral,52,Male,IT,Software Engineer,MBA,93871,28,Mumbai,18,Yes,3,3,2,5,40,6,19,2,6,5,5,No,Not Provided,25-04-2023,doramyra@das.com,7693328998,9
EMP01093,Anaya Soni,32,Female,HR,HR Executive,Bachelors,86660,8,Chennai,6,Yes,4,1,2,4,37,6,20,5,13,1,2,No,Not Provided,26-04-2024,heer00@hotmail.com,7466381846,9
EMP01094,Vanya Brar,56,Male,IT,Software Engineer,MBA,86376,34,Bangalore,23,No,1,4,1,2,22,2,7,10,10,1,3,No,Not Provided,16-05-2016,gsharaf@kant-das.com,200391284,9
EMP01095,Zoya Bobal,39,Other,HR,Recruiter,MBA,95018,11,Chennai,4,No,3,2,3,3,71,8,23,14,13,1,2,No,Not Provided,03-04-2023,birgatik@kala.net,8934771699,7
EMP01096,Zaina Kapoor,48,Male,IT,BI Developer,MBA,141520,20,Noida,18,No,3,5,3,1,66,10,16,15,16,5,1,No,Not Provided,27-09-2017,jdubey@yahoo.com,5719903639,9
EMP01097,Mamooty Char,44,Male,Sales,Sales Executive,Diploma,46596,20,Mumbai,17,No,2,1,3,1,32,5,11,9,24,4,3,Yes,"Poor Work Life Balance, Low Job Satisfaction, Manager Issues",15-09-2017,divit90@hotmail.com,2610067313,13
EMP01098,Tejas Garde,29,Other,Finance,Financial Analyst,Bachelors,95485,4,Delhi,16,No,5,1,2,1,31,2,9,8,22,5,5,No,Not Provided,15-05-2020,kiaanbahri@dua-soman.com,9483921241,10
EMP01099,Ryan Bhandari,34,Other,Operations,Operations Executive,Bachelors,146085,13,Noida,33,Yes,4,2,4,1,78,3,6,8,0,5,3,No,Not Provided,25-10-2019,sodhimyra@gmail.com,9871250667,11
EMP01100,Keya Biswas,36,Female,HR,HR Manager,Masters,31405,12,Kolkata,34,Yes,5,4,3,3,74,3,24,8,6,4,3,No,Not Provided,29-06-2019,samiha64@choudhry-ben.com,218103834,6
EMP01101,Ivan Chaudhari,39,Female,Customer Support,Support Executive,Masters,121259,18,Chennai,28,No,4,5,3,1,35,2,5,6,0,5,5,No,Not Provided,23-02-2023,ibadal@lall-kulkarni.net,5002965768,8
EMP01102,Heer Walla,41,Female,IT,BI Developer,Diploma,96833,21,Mumbai,1,Yes,3,1,5,5,9,1,3,12,1,2,2,No,Not Provided,28-07-2018,krishdara@gmail.com,2919983712,9
EMP01103,Azad Ray,52,Other,IT,BI Developer,Diploma,100813,31,Delhi,30,Yes,4,1,3,5,76,10,2,15,1,1,4,No,Not Provided,14-08-2018,sarawason@yahoo.com,3548114552,12
EMP01104,Reyansh Lata,46,Other,IT,System Admin,Diploma,151650,18,Kolkata,8,No,4,3,2,3,29,4,2,4,9,2,1,No,Not Provided,26-02-2026,saharasha@hotmail.com,2134781228,4
EMP01105,Uthkarsh Lata,43,Male,HR,HR Manager,MBA,61184,21,Pune,6,No,5,5,5,4,28,6,3,15,14,3,2,No,Not Provided,23-02-2025,adviksuresh@bal.com,5334454278,6
EMP01106,Miraya Tak,54,Other,Finance,Financial Analyst,Masters,30677,30,Noida,14,No,1,3,3,3,74,7,16,3,5,3,5,No,Not Provided,03-03-2025,tkulkarni@sankaran.biz,1358362390,5
EMP01107,Sana Balasubramanian,25,Female,Finance,Financial Analyst,MBA,32908,0,Hyderabad,37,Yes,4,5,1,1,30,7,17,11,13,3,5,No,Not Provided,10-09-2016,renee55@yahoo.com,5883342432,11
EMP01108,Sana Mani,35,Female,Sales,Sales Executive,MBA,94514,14,Mumbai,19,No,5,4,1,4,69,6,15,4,17,5,4,No,Not Provided,15-01-2026,krishnapurab@savant-bal.com,855187062,7
EMP01109,Riaan Magar,27,Male,Customer Support,Support Executive,Diploma,37559,2,Chennai,32,No,1,4,1,3,17,3,4,9,13,5,4,No,Not Provided,26-07-2022,mahika22@comar-kala.biz,7995893639,11
EMP01110,Ahana  Bhandari,33,Male,Finance,Accountant,Masters,75604,13,Pune,33,Yes,3,3,3,1,73,3,21,2,16,2,5,No,Not Provided,07-04-2022,arhaanvig@gmail.com,2718754071,5
EMP01111,Alisha Jaggi,27,Female,Finance,Finance Manager,Masters,164371,0,Delhi,7,Yes,4,1,2,1,44,3,14,11,16,1,1,No,Not Provided,02-02-2018,hrishita81@chaudhary.com,9834045545,11
EMP01112,Prerak Lad,39,Female,Finance,Financial Analyst,MBA,30123,17,Noida,9,Yes,3,4,1,5,41,2,4,15,25,2,4,No,Not Provided,25-08-2020,zara34@yahoo.com,4455514521,8
EMP01113,Vanya Mani,44,Other,Sales,Sales Manager,MBA,43022,14,Kolkata,12,No,2,5,1,4,70,3,9,2,18,2,5,No,Not Provided,29-04-2021,karira@hotmail.com,2323418568,5
EMP01114,Stuvan Tripathi,25,Female,IT,System Admin,Diploma,120701,0,Bangalore,11,Yes,3,1,1,2,70,8,5,4,8,3,4,Yes,"Overtime, Low Job Satisfaction, Manager Issues",19-03-2019,parinaazvig@hotmail.com,3259479056,13
EMP01115,Jayant Borra,23,Male,Sales,Business Development Associate,Diploma,179657,0,Pune,26,Yes,5,5,5,3,44,2,5,1,9,2,1,No,Not Provided,17-01-2025,ksha@yahoo.com,587356648,5
EMP01116,Yakshit Apte,28,Other,Sales,Sales Manager,Masters,133310,1,Hyderabad,36,Yes,1,5,4,5,68,10,2,4,19,3,3,No,Not Provided,27-06-2016,ibabu@yahoo.com,5484962470,10
EMP01117,Keya Bhatia,56,Other,Customer Support,Support Executive,Bachelors,142717,31,Kolkata,22,No,4,2,4,4,28,6,17,6,10,5,5,No,Not Provided,07-12-2024,uthkarshkari@gmail.com,3907678689,8
EMP01118,Sahil Mangal,58,Other,Marketing,Marketing Manager,Masters,38543,28,Mumbai,4,No,5,3,2,2,23,2,22,6,22,5,5,No,Not Provided,12-09-2024,nayantarabiswas@gmail.com,3438832922,7
EMP01119,Oorja Sabharwal,31,Other,HR,HR Executive,Bachelors,128248,9,Kolkata,13,Yes,3,1,1,4,60,0,21,5,6,3,5,No,Not Provided,23-11-2022,indrajitsehgal@chowdhury-dani.info,9880056255,7
EMP01120,Mehul Ganesan,45,Male,Sales,Sales Manager,MBA,130255,15,Hyderabad,12,Yes,3,3.039382866,1,2,35,10,21,11,4,3,3,No,Not Provided,30-07-2018,adahagate@yahoo.com,4554627007,10
EMP01121,Kismat Char,48,Other,Sales,Business Development Associate,Bachelors,44455,23,Hyderabad,14,Yes,4,4,2,3,37,1,1,15,16,3,5,No,Not Provided,04-03-2021,dhruvtak@goel.info,7554455189,8
EMP01122,Misha Andra,53,Female,Customer Support,Support Executive,MBA,56028,27,Delhi,1,Yes,4,2,5,3,75,7,16,10,14,4,1,No,Not Provided,28-05-2025,laganlata@gmail.com,9789699715,12
EMP01123,Sana Shere,44,Female,Finance,Financial Analyst,MBA,132451,21,Kolkata,33,No,1,1,3,5,23,5,11,7,13,5,3,No,Not Provided,25-10-2020,vritika54@yahoo.com,5803808708,12
EMP01124,Charvi Anand,37,Male,Sales,Sales Manager,MBA,70066,8,Delhi,24,Yes,2,3,3,3,21,3,14,15,1,4,1,No,Not Provided,13-03-2022,eshani50@chhabra.com,5192457057,10
EMP01125,Shray Dey,58,Female,Operations,Supply Chain Analyst,Masters,30383,38,Noida,33,Yes,3,1,4,2,22,5,14,14,20,5,5,Yes,"Overtime, Low Job Satisfaction, Manager Issues",12-10-2025,nishithkashyap@sen.com,4944712916,15
EMP01126,Yasmin Toor,33,Male,Customer Support,Customer Success Manager,Masters,108507,3,Noida,13,Yes,2,4,1,3,14,7,8,13,23,2,3,No,Not Provided,08-01-2023,jayesh02@gmail.com,3912498876,11
EMP01127,Khushi Iyer,52,Other,Operations,Supply Chain Analyst,Diploma,132604,31,Pune,10,No,1,1,1,3,32,3,16,5,9,4,5,No,Not Provided,04-11-2022,nayantara33@yahoo.com,1652136185,11
EMP01128,Hridaan D’Alia,48,Other,Customer Support,Support Executive,Bachelors,167772,24,Noida,15,No,1,2,2,2,13,9,11,1,23,2,3,No,Not Provided,14-09-2023,doshihansh@hotmail.com,1768592459,12
EMP01129,Emir Sarma,27,Other,Marketing,Marketing Manager,Bachelors,70643,4,Bangalore,25,No,5,2,5,1,24,2,1,1,5,4,3,No,Not Provided,19-04-2024,nishith49@konda.info,4891387161,11
EMP01130,Samiha Deshpande,47,Male,HR,HR Executive,MBA,134164,26,Delhi,13,Yes,2,5,3,3,19,1,13,10,13,1,5,No,Not Provided,01-01-2026,mishabaria@gmail.com,5063361023,7
EMP01131,Rati Upadhyay,59,Other,Finance,Accountant,Masters,90466,34,Kolkata,5,Yes,2,4,3,5,54,10,10,5,15,1,1,No,Not Provided,28-03-2023,tarakrishna@hotmail.com,4991729937,7
EMP01132,Miraan Gaba,27,Female,Operations,Supply Chain Analyst,Bachelors,156240,5,Chennai,22,No,1,1,1,5,58,4,0,4,1,3,4,No,Not Provided,19-03-2025,csangha@gmail.com,4548288550,10
EMP01133,Akarsh Dass,45,Male,Finance,Finance Manager,Masters,121010,19,Bangalore,15,No,5,5,2,5,25,7,4,14,8,1,4,No,Not Provided,08-09-2021,heer84@yahoo.com,4643289048,8
EMP01134,Anahita Brahmbhatt,59,Female,Operations,Operations Executive,Masters,143264,30,Kolkata,17,Yes,3,4,2,5,24,10,4,1,22,2,5,No,Not Provided,23-03-2019,nehmatsrivastava@arora.com,2247977340,8
EMP01135,Kavya Borra,21,Other,Marketing,Marketing Manager,Bachelors,71980,0,Kolkata,38,No,3,1,3,1,16,5,16,14,7,1,4,No,Not Provided,24-11-2021,ckar@gmail.com,5796051726,10
EMP01136,Anya Dada,55,Male,Finance,Accountant,Bachelors,90702,25,Kolkata,19,No,5,1,4,1,50,4,1,6,13,2,4,No,Not Provided,04-09-2023,kagarwal@gmail.com,4859897575,7
EMP01137,Riaan Mangal,59,Male,Operations,Supply Chain Analyst,Bachelors,161377,31,Kolkata,36,Yes,4,4,1,3,26,9,10,8,2,3,1,No,Not Provided,25-05-2023,arhaan01@saraf-chawla.com,197336711,7
EMP01138,Hridaan Andra,35,Male,Marketing,Content Strategist,Masters,65866,15,Chennai,10,Yes,1,1,2,2,27,3,2,11,22,3,2,Yes,"Poor Work Life Balance, Overtime, Low Job Satisfaction",30-12-2016,madhup33@deol.com,5486137512,16
EMP01139,Nirvaan Chaudry,42,Female,Customer Support,Support Executive,Bachelors,162215,15,Pune,3,No,5,2,2,4,31,8,21,9,7,3,1,No,Not Provided,05-02-2019,kalaraunak@hotmail.com,9067738417,7
EMP01140,Mishti Dutt,33,Other,Not assigned,Recruiter,Bachelors,68639,13,Chennai,37,Yes,2,5,4,2,49,7,4,12,5,5,1,Yes,"Poor Work Life Balance, Overtime, Manager Issues",04-09-2023,rshanker@hotmail.com,3148810117,17
EMP01141,Taran Bava,24,Male,IT,Data Analyst,Diploma,100396,0,Noida,20,No,4,5,3,1,45,2,6,2,12,3,4,No,Not Provided,05-08-2016,qbandi@gole.info,2357316965,2
EMP01142,Navya Chopra,46,Female,Customer Support,Support Executive,Masters,135121,16,Mumbai,34,Yes,2,1,4,2,73,2,18,15,19,5,1,Yes,"Poor Work Life Balance, Overtime, Low Job Satisfaction",25-01-2017,odhawan@gmail.com,8644056260,16
EMP01143,Azad Tiwari,38,Female,Operations,Operations Executive,Diploma,85528,13,Kolkata,2,Yes,4,5,4,5,53,3,16,7,25,1,1,No,Not Provided,06-04-2021,yuvaanmand@iyer-kapoor.com,9871061691,2
EMP01144,Madhav Wali,34,Other,Sales,Sales Manager,Masters,61565,4,Kolkata,37,No,5,2,2,4,29,5,14,11,24,2,5,No,Not Provided,25-08-2021,gsarkar@gmail.com,4668292188,10
EMP01145,Keya Mani,29,Other,IT,System Admin,MBA,166292,7,Bangalore,29,No,1,2,1,3,3,0,5,11,22,2,5,Yes,"Poor Work Life Balance, Low Job Satisfaction, Low Salary Hike",01-07-2020,elad@shanker.com,6347360532,13
EMP01146,Kanav Manda,23,Male,IT,System Admin,MBA,28305,0,Hyderabad,22,No,2,4,3,4,61,2,18,1,12,1,5,No,Not Provided,31-12-2017,usandal@gmail.com,656105398,3
EMP01147,Ishaan Deol,31,Female,Sales,Business Development Associate,Bachelors,35537,5,Pune,35,Yes,4,1,5,5,12,10,11,3,4,4,3,No,Not Provided,03-10-2023,fbahl@kuruvilla.info,8430755257,11
EMP01148,Miraya Tank,43,Male,Operations,Supply Chain Analyst,MBA,79209,18,Bangalore,33,Yes,1,1,4,1,2,3,16,9,23,1,3,No,Not Provided,15-05-2020,bedichirag@handa.com,9542975900,11
EMP01149,Pranay Saraf,32,Other,Operations,Supply Chain Analyst,Diploma,66776,4,Hyderabad,9,Yes,1,1,3,2,78,5,11,4,14,3,2,No,Not Provided,30-10-2024,sureshjiya@ben.com,9923821267,12
EMP01150,Kavya Dewan,42,Other,HR,HR Manager,Bachelors,105786,15,Pune,31,Yes,5,2,4,4,58,10,23,5,15,1,2,No,Not Provided,17-05-2023,ftripathi@yahoo.com,7997197288,8
EMP01151,Vedika Bhandari,35,Female,Customer Support,Support Executive,Diploma,153639,6,Mumbai,38,Yes,1,4,1,1,72,6,18,4,18,2,4,No,Not Provided,28-11-2024,breddy@wali-sethi.info,3794328803,12
EMP01152,Kaira Trivedi,29,Female,IT,Data Analyst,MBA,102795,2,Kolkata,27,Yes,5,4,4,4,52,0,14,1,5,4,3,No,Not Provided,10-06-2016,anay44@chand.info,806352930,6
EMP01153,Aarush Babu,47,Female,Marketing,Content Strategist,MBA,106976,24,Bangalore,18,No,2,5,5,1,14,10,18,10,20,4,1,No,Not Provided,28-04-2018,usankar@rout.net,2307266783,12
EMP01154,Shray Chauhan,52,Male,Customer Support,Customer Success Manager,Masters,100522,29,Bangalore,6,Yes,2,1,2,5,57,6,25,8,20,1,3,No,Not Provided,16-05-2026,yasmin93@dada.com,5270906147,12
EMP01155,Bhavin Dubey,21,Male,Finance,Finance Manager,Masters,179392,0,Noida,14,No,4,4,3,4,61,0,4,11,12,5,1,No,Not Provided,15-09-2020,shraykuruvilla@yahoo.com,5585112057,7
EMP01156,Zaina Balan,45,Other,IT,Software Engineer,Masters,114953,17,Mumbai,2,Yes,3,2,3,1,1,1,17,3,0,3,2,No,Not Provided,18-02-2022,Not Generated,524199490,7
EMP01157,Nakul Chopra,41,Male,Operations,Supply Chain Analyst,MBA,128050,19,Chennai,20,Yes,5,3,5,5,22,8,18,7,9,5,3,No,Not Provided,09-03-2019,zainbajaj@yahoo.com,9575360460,7
EMP01158,Shayak Guha,42,Female,IT,System Admin,Bachelors,51013,17,Hyderabad,10,No,5,3,1,5,75,3,24,7,16,3,5,No,Not Provided,25-12-2017,chahaljiya@gmail.com,6538590027,2
EMP01159,Veer Hayre,58,Other,Sales,Sales Manager,Bachelors,137554,28,Chennai,33,No,2,1,5,5,66,5,23,3,25,2,2,No,Not Provided,20-01-2022,shamik06@kunda.com,629499434,9
EMP01160,Armaan Ramaswamy,32,Other,HR,HR Executive,Masters,140221,5,Noida,5,Yes,5,3,1,4,68,4,9,4,1,5,2,No,Not Provided,29-05-2019,charvi42@sachar.com,1136934701,7
EMP01161,Arnav Wable,42,Female,HR,HR Executive,MBA,72610,19,Bangalore,24,Yes,5,2,2,5,64,0,13,14,23,4,4,No,Not Provided,01-10-2020,nirvaanbahl@hotmail.com,5287141382,12
EMP01162,Anaya Venkatesh,32,Other,Marketing,Marketing Manager,Bachelors,159707,3,Hyderabad,13,Yes,1,4,1,4,49,2,21,13,20,5,4,No,Not Provided,25-04-2026,ranbir34@gmail.com,7177662727,12
EMP01163,Aarush Dugar,39,Other,Sales,Sales Executive,Bachelors,58292,9,Delhi,26,No,2,1,4,4,76,0,2,9,9,5,3,No,Not Provided,13-11-2021,sumer92@hotmail.com,6389015384,12
EMP01164,Kabir Tata,42,Female,Sales,Sales Manager,Bachelors,95105,14,Noida,17,Yes,5,1,3,2,60,10,4,2,10,1,2,No,Not Provided,20-02-2021,rheasachdeva@yahoo.com,162893772,11
EMP01165,Khushi Choudhury,43,Male,HR,Recruiter,Diploma,174490,21,Chennai,34,No,2,1,5,4,27,1,20,2,5,4,1,No,Not Provided,14-07-2025,yashviviswanathan@dutta-varty.com,2146600973,10
EMP01166,Manikya Kara,45,Other,Customer Support,Customer Success Manager,MBA,105530.7044,18,Kolkata,18,Yes,4,1,4,5,43,5,6,15,18,5,4,No,Not Provided,07-06-2023,aaryahibhandari@yahoo.com,5267974017,12
EMP01167,Samiha Krishnan,29,Male,HR,Recruiter,MBA,118003,3,Chennai,14,No,4,3,1,4,62,2,24,9,25,5,1,No,Not Provided,30-08-2022,armaanvirk@saraf.com,7282580282,5
EMP01168,Zoya Sawhney,59,Other,Marketing,Content Strategist,MBA,53788,33,Chennai,25,Yes,3,1,4,1,16,0,7,2,13,4,5,No,Not Provided,20-09-2018,agrawalzain@hotmail.com,7311586993,11
EMP01169,Ryan Johal,53,Male,IT,Software Engineer,MBA,175005,29,Noida,33,Yes,1,2,4,4,78,7,1,10,2,5,3,Yes,"Poor Work Life Balance, Overtime, Low Job Satisfaction",29-07-2022,dishani22@dixit-ghosh.biz,9892115294,18
EMP01170,Kanav Gokhale,50,Male,IT,Data Analyst,Diploma,128967,20,Delhi,12,Yes,3,4,1,4,14,0,15,9,14,4,1,No,Not Provided,02-05-2026,bgoswami@deshpande-aurora.com,9380375935,7
EMP01171,Adah Acharya,26,Other,IT,BI Developer,MBA,160983,0,Chennai,36,No,1,2,5,5,46,10,20,11,10,3,2,No,Not Provided,23-09-2017,luthraivana@gmail.com,9358789213,11
EMP01172,Hridaan Vala,46,Other,Operations,Supply Chain Analyst,Bachelors,69301,21,Kolkata,37,No,5,4,5,2,77,9,0,15,7,2,5,No,Not Provided,12-12-2025,Not Generated,6246993477,9
EMP01173,Biju Gill,49,Female,Customer Support,Support Executive,Diploma,38464,19,Delhi,40,Yes,3,2,5,3,65,3,10,11,6,2,2,No,Not Provided,25-12-2024,fkurian@hotmail.com,8935318380,8
EMP01174,Prisha Bandi,37,Male,Sales,Business Development Associate,MBA,54461,8,Bangalore,39,No,4,5,3,5,8,2,12,11,12,3,2,No,Not Provided,25-11-2020,onkarsathe@loke.biz,4507432245,3
EMP01175,Hrishita Walia,59,Female,Finance,Finance Manager,MBA,156628,36,Chennai,15,Yes,1,1,2,5,25,8,21,5,16,5,3,Yes,"Poor Work Life Balance, Overtime, Low Job Satisfaction",02-10-2019,vardaniya96@gmail.com,8100352996,15
EMP01176,Yasmin Chawla,48,Female,Sales,Sales Executive,MBA,132598,28,Chennai,19,Yes,5,4,2,5,79,4,24,6,4,5,4,No,Not Provided,18-08-2024,shaan35@gmail.com,3890216875,7
EMP01177,Kimaya Halder,39,Female,Finance,Accountant,Masters,169732,9,Mumbai,40,No,5,4,2,5,3,4,4,5,0,1,4,No,Not Provided,07-08-2022,devansh91@gmail.com,2211814392,5
EMP01178,Jhanvi Gera,26,Female,Sales,Sales Executive,MBA,118780,0,Kolkata,36,No,3,4,3,1,70,7,25,7,10,5,1,No,Not Provided,22-09-2017,dishani76@dass.org,4767665062,8
EMP01179,Amani Savant,24,Female,Marketing,SEO Specialist,Diploma,177927,3,Hyderabad,25,No,4,4,1,3,70,2,25,6,21,2,5,No,Not Provided,04-10-2022,mannehrishita@hotmail.com,5294713106,3
EMP01180,Aarna Varkey,52,Other,Marketing,SEO Specialist,MBA,33094,30,Bangalore,9,Yes,4,1,2,1,63,7,10,6,16,5,1,Yes,"Overtime, Low Job Satisfaction, Manager Issues",03-09-2025,farhanwagle@yahoo.com,5839871173,14
EMP01181,Saira Iyengar,59,Male,HR,HR Manager,Diploma,171356,32,Pune,40,No,3,4,2,4,65,9,12,1,14,2,4,No,Not Provided,17-08-2022,xsoni@bahl.com,7972112251,5
EMP01182,Ayesha Sahota,28,Female,IT,BI Developer,Bachelors,101640,6,Noida,26,No,3,1,1,2,11,5,1,7,23,4,2,Yes,"Low Job Satisfaction, Manager Issues, High Stress",19-05-2023,saranaarna@yahoo.com,1569978682,15
EMP01183,Renee Shan,44,Other,HR,HR Manager,Masters,168718,17,Noida,13,Yes,1,1,3,4,36,5,4,9,16,4,5,Yes,"Poor Work Life Balance, Overtime, Low Job Satisfaction",10-10-2022,lkalla@hotmail.com,6315198436,15
EMP01184,Farhan Raja,58,Male,Marketing,SEO Specialist,Bachelors,151856,33,Mumbai,40,No,5,2,3,5,20,9,17,1,1,2,5,No,Not Provided,27-12-2018,kohlihimmat@sankaran.com,7576565590,6
EMP01185,Tanya Johal,39,Male,Customer Support,Customer Success Manager,Bachelors,155173,15,Delhi,15,Yes,5,1,5,4,41,1,3,6,7,4,5,No,Not Provided,04-05-2026,indrajitdubey@chada-rastogi.com,2762313217,10
EMP01186,Nishith Kulkarni,51,Female,IT,Data Analyst,Masters,78300,29,Noida,13,Yes,3,5,5,1,35,9,21,15,6,4,4,No,Not Provided,11-11-2022,uthkarsh71@yahoo.com,6632289695,11
EMP01187,Rasha Mani,54,Female,Marketing,Content Strategist,Bachelors,34097,25,Pune,33,No,3,4,5,5,55,5,0,5,19,3,3,No,Not Provided,10-04-2026,boradarshit@deshpande-balan.com,3741352857,5
EMP01188,Jhanvi Mandal,40,Male,Operations,Operations Executive,Diploma,37537,11,Pune,2,No,2,5,2,1,15,6,24,3,21,2,5,No,Not Provided,01-05-2021,wdoshi@rau-sastry.net,3176399700,9
EMP01189,Aarna Bail,55,Male,HR,HR Manager,MBA,165007,28,Mumbai,19,Yes,3,4,2,3,40,5,20,11,11,1,4,No,Not Provided,26-02-2021,shanayadeo@batra.com,1968987883,8
EMP01190,Romil Tailor,55,Other,Customer Support,Customer Success Manager,Diploma,71505,33,Pune,23,No,3,3,3,3,48,6,13,11,8,4,5,No,Not Provided,16-09-2018,gbahri@yahoo.com,7298889487,7
EMP01191,Fateh Sarna,56,Female,Marketing,Marketing Manager,Bachelors,132801,28,Hyderabad,7,Yes,5,5,5,4,14,7,10,4,3,5,3,No,Not Provided,28-03-2018,duttkaira@manda.com,5604561321,7
EMP01192,Indrans Edwin,57,Other,Customer Support,Customer Success Manager,Masters,107161,36,Noida,33,No,5,4,3,1,55,4,2,5,17,1,4,No,Not Provided,10-05-2026,kairakashyap@krishna.com,3907411037,5
EMP01193,Rasha Bhalla,54,Other,Operations,Supply Chain Analyst,Diploma,124386,24,Bangalore,18,Yes,3,5,2,4,45,6,16,8,15,2,4,No,Not Provided,13-05-2020,zrajagopal@kara.com,3680077637,6
EMP01194,Lagan Chakraborty,28,Other,Operations,Supply Chain Analyst,Diploma,175201,3,Delhi,40,No,3,5,5,1,42,7,9,3,6,5,5,No,Not Provided,18-07-2016,baiju46@bath.com,422719754,8
EMP01195,Akarsh Sarna,39,Male,Finance,Financial Analyst,Diploma,105366,11,Delhi,13,No,3,3,1,3,51,9,7,5,6,4,3,No,Not Provided,04-08-2021,sairarana@chokshi-borde.com,6826667716,7
EMP01196,Charvi Chopra,51,Female,Sales,Sales Manager,Diploma,58519,30,Bangalore,12,No,2,5,2,4,29,10,22,8,18,2,4,No,Not Provided,20-01-2025,siyakoshy@gmail.com,1186253432,7
EMP01197,Jhanvi Subramanian,42,Other,IT,Data Analyst,Diploma,82548,22,Noida,35,No,3,3,1,5,9,1,10,7,15,4,2,No,Not Provided,14-04-2026,damini82@hotmail.com,4284993844,6
EMP01198,Pari Ramesh,60,Female,Sales,Sales Manager,MBA,56299,35,Noida,19,Yes,3,2,2,4,17,1,4,12,5,1,1,No,Not Provided,23-07-2020,karpeshray@hotmail.com,9569554131,11
EMP01199,Aniruddh Gole,35,Other,Operations,Operations Executive,Masters,101311,8,Kolkata,31,No,3,5,1,5,56,6,7,13,16,5,3,No,Not Provided,19-11-2017,batrayasmin@majumdar.biz,8716219933,10
EMP01200,Hansh Balan,28,Other,Operations,Supply Chain Analyst,MBA,76390,5,Hyderabad,18,Yes,1,2,2,2,44,5,12,11,4,1,3,Yes,"Poor Work Life Balance, Overtime, Low Job Satisfaction",10-08-2016,indransbora@hotmail.com,3708955366,16
EMP01201,Onkar Bora,59,Male,Finance,Finance Manager,Masters,71761,33,Mumbai,15,Yes,3,2,3,2,73,7,22,7,18,5,1,No,Not Provided,18-04-2026,kbajwa@thakkar.com,1209295727,12
EMP01202,Yasmin Ratti,57,Male,Customer Support,Support Executive,Diploma,112006,29,Delhi,4,No,1,5,2,4,31,4,21,5,17,3,5,No,Not Provided,27-05-2017,gganguly@agrawal.com,4164329339,5
EMP01203,Ira Kurian,37,Other,Marketing,Content Strategist,MBA,57010,16,Delhi,37,No,2,4,5,4,4,9,16,2,20,4,3,No,Not Provided,15-10-2018,gokhalesaanvi@sandhu-bora.com,470664794,9
EMP01204,Lagan Bhardwaj,33,Other,IT,Data Analyst,MBA,45504,9,Hyderabad,24,Yes,4,4,4,5,48,0,9,14,16,1,5,No,Not Provided,02-11-2019,ljani@gmail.com,616420155,4
EMP01205,Jayan Barman,21,Male,IT,Software Engineer,Bachelors,165786,0,Bangalore,9,Yes,4,2,3,1,2,6,8,6,8,2,5,No,Not Provided,11-03-2021,okeer@yahoo.com,4550786603,9
EMP01206,Madhup Reddy,46,Other,IT,System Admin,Masters,119564,19,Hyderabad,9,Yes,1,5,2,4,53,1,6,5,16,3,3,No,Not Provided,15-01-2024,emir34@rau.com,9635191225,7
EMP01207,Mishti Chand,40,Other,Customer Support,Customer Success Manager,Masters,95816,20,Kolkata,36,No,3,3,5,1,68,9,12,12,8,2,5,No,Not Provided,06-02-2021,dishanimahal@khosla-ram.com,4210964314,7
EMP01208,Parinaaz Contractor,24,Male,Customer Support,Customer Success Manager,Diploma,101340,2,Chennai,40,No,2,2,1,2,41,7,7,4,24,3,5,Yes,"Poor Work Life Balance, Low Job Satisfaction, Manager Issues",04-12-2025,walilagan@yahoo.com,3482421732,13
EMP01209,Umang Hora,54,Male,Customer Support,Customer Success Manager,Diploma,83509,29,Chennai,26,Yes,3,4,4,4,70,4,2,10,12,1,4,No,Not Provided,17-10-2018,vedika42@chauhan.com,4190735416,7
EMP01210,Nehmat Guha,28,Male,Customer Support,Customer Success Manager,MBA,178298,1,Noida,33,No,3,5,1,4,14,8,19,12,8,3,1,No,Not Provided,02-10-2022,malleshani@sawhney-bora.com,6923178138,7
EMP01211,Nitya Kohli,59,Female,Operations,Operations Executive,MBA,74792,38,Kolkata,13,Yes,3,2,5,5,20,6,21,3,10,5,4,No,Not Provided,11-03-2017,balanakul@yahoo.com,8958769203,10
EMP01212,Amani Dutta,33,Female,HR,Recruiter,Masters,166262,13,Pune,12,No,3,2,5,1,77,4,5,13,8,4,5,No,Not Provided,26-09-2022,lakshitghosh@solanki.org,2506589319,12
EMP01213,Riaan Kumer,45,Male,HR,HR Executive,Bachelors,155221,19,Hyderabad,21,Yes,1,2,1,2,29,10,22,3,18,4,2,Yes,"Poor Work Life Balance, Overtime, Low Job Satisfaction",26-06-2024,hkanda@khosla-lata.info,739289443,17
EMP01214,Divij Bhandari,50,Other,Marketing,SEO Specialist,Masters,60888,28,Delhi,1,Yes,5,1,5,3,71,6,21,6,10,1,1,No,Not Provided,30-10-2016,arhaanhalder@goswami-barad.com,5612683248,7
EMP01215,Abram Gera,26,Female,Sales,Sales Manager,Bachelors,122026,0,Hyderabad,7,No,2,3,4,1,67,9,3,10,17,5,3,Yes,"Poor Work Life Balance, Manager Issues, High Stress",19-10-2021,sagarpihu@chokshi-jhaveri.biz,8097017769,14
EMP01216,Hansh Hayer,44,Other,IT,Software Engineer,Bachelors,57292,22,Pune,8,No,3,3,2,1,36,5,25,4,13,1,3,No,Not Provided,04-09-2025,ryan81@gmail.com,5012882587,6
EMP01217,Hrishita Dutt,39,Other,Finance,Financial Analyst,MBA,158542,19,Kolkata,32,Yes,1,4,1,2,69,2,2,8,16,2,1,No,Not Provided,22-11-2016,Not Generated,6443834747,12
EMP01218,Rhea Madan,21,Other,Sales,Business Development Associate,MBA,156621,0,Bangalore,36,Yes,2,4,2,3,31,7,24,5,21,2,2,No,Not Provided,19-09-2016,inaaya-sen@raman-goyal.net,2814590049,10
EMP01219,Sara Dass,51,Male,Marketing,Content Strategist,Bachelors,32595,27,Mumbai,22,Yes,1,3,2,1,48,9,2,12,9,4,2,Yes,"Poor Work Life Balance, Overtime, Manager Issues",12-08-2024,gdevan@mall-dugal.com,878410739,18
EMP01220,Rati Lalla,55,Male,IT,BI Developer,MBA,42645,30,Chennai,31,No,1,3,2,3,59,9,11,5,6,4,5,No,Not Provided,03-12-2020,kulkarniadvika@hotmail.com,3851599420,11
EMP01221,Parinaaz Ghose,29,Other,Finance,Financial Analyst,Masters,164843,8,Hyderabad,8,Yes,4,3,4,4,0,6,25,1,12,3,1,No,Not Provided,29-12-2017,kismatjani@venkatesh-ramesh.com,6622115638,4
EMP01222,Rania Thakur,42,Male,Marketing,SEO Specialist,MBA,119996,20,Noida,35,No,5,4,4,1,54,1,19,15,9,1,1,No,Not Provided,29-07-2020,taran97@barad.com,2155303053,5
EMP01223,Manikya Sampath,29,Female,Sales,Sales Manager,MBA,88649,0,Bangalore,19,Yes,3,1,2,5,43,9,10,6,14,2,4,No,Not Provided,24-08-2017,hazelgrewal@gmail.com,7791529434,9
EMP01224,Sumer Rao,56,Female,IT,Software Engineer,Diploma,170642,27,Delhi,38,Yes,4,4,4,4,68,5,23,5,8,5,5,No,Not Provided,30-07-2018,wram@yahoo.com,8404101233,8
EMP01225,Himmat Jain,24,Other,HR,Recruiter,Bachelors,137181,0,Mumbai,10,Yes,2,2,3,2,78,8,9,8,23,2,4,No,Not Provided,21-03-2019,basudhanuk@sur.com,1055015642,12
EMP01226,Jivika Chauhan,33,Male,HR,HR Manager,Bachelors,121249,7,Noida,2,Yes,5,2,1,5,12,9,12,9,1,3,3,No,Not Provided,15-09-2020,karperati@bera.com,1517190296,9
EMP01227,Mahika Gill,38,Other,Customer Support,Support Executive,MBA,99065,10,Mumbai,26,No,2,5,5,1,60,10,1,12,25,3,5,No,Not Provided,02-01-2024,hegdevedika@badami.com,1519147705,12
EMP01228,Aarna Soman,28,Male,Marketing,Marketing Manager,Masters,88176,0,Noida,1,No,4,2,3,4,20,4,3,15,14,3,4,No,Not Provided,08-01-2020,sharmakaira@chopra.info,16892895,7
EMP01229,Divij Arora,56,Other,Marketing,SEO Specialist,Masters,113764,34,Kolkata,23,Yes,4,5,1,5,3,4,8,1,1,5,4,No,Not Provided,18-10-2016,lakshaygoswami@hotmail.com,6252088399,7
EMP01230,Neelofar Kala,53,Male,Sales,Sales Executive,Diploma,121666,26,Pune,24,No,3,2,3,1,53,7,5,7,17,5,1,No,Not Provided,08-04-2025,Not Generated,4997742328,12
EMP01231,Taimur Chakraborty,21,Male,IT,Data Analyst,MBA,147112,0,Chennai,39,No,5,5,1,1,17,1,18,4,14,3,4,No,Not Provided,19-07-2016,hunar31@wali.com,7331314582,5
EMP01232,Keya Sabharwal,46,Other,IT,Software Engineer,MBA,178609,20,Kolkata,23,Yes,2,2,4,2,48,0,21,11,20,3,5,No,Not Provided,18-02-2025,tatafateh@bhattacharyya.net,8193381227,12
EMP01233,Damini Contractor,52,Female,HR,HR Manager,Diploma,96037,22,Hyderabad,34,Yes,2,3,1,5,48,4,18,10,22,5,2,Yes,"Poor Work Life Balance, Overtime, High Stress",11-02-2024,reneevarkey@hotmail.com,1772744100,13
EMP01234,Indrans Mane,57,Other,Customer Support,Customer Success Manager,Bachelors,42047,27,Noida,34,Yes,1,5,2,2,22,8,6,15,7,3,5,Yes,"Poor Work Life Balance, Overtime, Manager Issues",25-08-2025,divyanshbhatnagar@gmail.com,8228476958,14
EMP01235,Nirvaan Mander,57,Other,Marketing,SEO Specialist,Diploma,150797,33,Kolkata,20,Yes,1,1,3,3,39,3,17,7,12,3,2,No,Not Provided,22-01-2020,reyanshkrish@deep.info,422797702,8
EMP01236,Eva Din,53,Female,Sales,Sales Manager,Bachelors,172985,32,Kolkata,24,No,4,1,4,2,50,9,7,6,0,4,2,No,Not Provided,04-06-2025,dewannitara@walia.com,4643952172,10
EMP01237,Neelofar Kala,58,Female,Operations,Supply Chain Analyst,MBA,174265,33,Pune,16,No,5,2,4,3,35,7,4,2,24,1,5,No,Not Provided,25-03-2021,ivan16@gandhi.com,4705921194,7
EMP01238,Pihu Sura,33,Male,Finance,Accountant,Diploma,150299,9,Bangalore,15,No,3,2,1,3,31,9,8,5,11,1,4,No,Not Provided,15-09-2023,mehul21@yahoo.com,6394975849,7
EMP01239,Dhanuk Jha,44,Male,IT,Software Engineer,Diploma,109831,23,Noida,11,No,3,5,5,1,47,8,11,2,19,1,1,No,Not Provided,27-08-2023,mtara@basak.org,4860209342,4
EMP01240,Ela Samra,26,Other,Finance,Accountant,Diploma,120826,0,Noida,30,Yes,5,5,4,5,37,1,9,2,16,5,5,No,Not Provided,19-09-2020,esehgal@tiwari.org,6591693085,6
EMP01241,Ivana D’Alia,29,Female,Operations,Operations Executive,MBA,164144,3,Pune,5,No,1,2,5,2,35,7,7,15,24,3,2,No,Not Provided,12-01-2018,odate@gmail.com,6261920028,12
EMP01242,Pranay Bala,54,Male,IT,System Admin,MBA,71425,33,Pune,22,Yes,5,3,4,1,57,4,0,6,10,2,3,No,Not Provided,07-02-2024,vermakiara@upadhyay-rege.com,7799377520,6
EMP01243,Manjari Ranganathan,38,Other,Not assigned,Customer Success Manager,Bachelors,80291,16,Hyderabad,35,No,5,4,3,1,62,8,11,4,8,4,4,No,Not Provided,16-01-2025,nirvaan15@mani.com,7872487849,8
EMP01244,Stuvan Kulkarni,46,Other,Sales,Business Development Associate,Bachelors,46227,16,Delhi,37,Yes,2,1,2,5,53,1,8,5,8,2,5,No,Not Provided,14-10-2022,gsolanki@srinivas.com,1553592954,11
EMP01245,Samiha Saran,57,Male,Operations,Operations Executive,Diploma,70921,27,Hyderabad,2,Yes,2,1,4,1,69,9,5,15,17,5,1,Yes,"Poor Work Life Balance, Overtime, Low Job Satisfaction",06-08-2016,jayant05@sampath.org,8575342986,19
EMP01246,Lavanya Sampath,43,Female,Sales,Sales Executive,Diploma,137197,21,Delhi,34,No,2,3,2,2,0,3,19,7,24,4,2,No,Not Provided,05-11-2019,psuri@sathe.info,9638083429,11
EMP01247,Anahita Shukla,36,Other,Operations,Operations Executive,Masters,152349,13,Chennai,30,Yes,4,4,4,4,21,9,13,3,3,1,4,No,Not Provided,28-07-2025,dhanuksundaram@chokshi-balasubramanian.com,5543068567,5
EMP01248,Tarini Sharma,44,Female,Customer Support,Customer Success Manager,Bachelors,90320,16,Delhi,25,Yes,3,2,1,2,22,9,25,14,4,3,4,Yes,"Overtime, Low Job Satisfaction, Manager Issues",09-03-2025,kalareyansh@hotmail.com,2304660301,14
EMP01249,Divit Ghosh,58,Male,Finance,Accountant,Masters,122335,35,Pune,28,No,1,2,1,3,11,4,6,9,7,2,5,No,Not Provided,08-04-2018,Not Generated,835678541,9
EMP01250,Samiha Johal,38,Female,Finance,Finance Manager,Diploma,65796,11,Bangalore,23,Yes,2,3,3,5,70,9,18,3,13,4,5,No,Not Provided,18-12-2021,shraykhatri@ravi-choudhary.com,2557639774,10
EMP01251,Samiha Sharma,42,Male,Marketing,Content Strategist,Bachelors,89672,15,Pune,12,No,1,2,1,3,15,4,20,13,25,3,4,No,Not Provided,27-03-2018,raviadah@shenoy.com,9065006898,10
EMP01252,Taimur Wadhwa,52,Female,Customer Support,Customer Success Manager,MBA,148296,25,Hyderabad,29,No,3,3,2,5,6,3,3,14,9,2,5,No,Not Provided,08-02-2023,shuklaaarav@hotmail.com,5075065656,7
EMP01253,Pari Ram,46,Other,HR,HR Executive,Masters,116949,17,Bangalore,1,No,2,5,3,3,21,3,2,3,12,5,5,No,Not Provided,29-11-2022,aradhyakalla@hotmail.com,8435399413,8
EMP01254,Vivaan Lanka,41,Other,Finance,Finance Manager,Masters,103644,19,Mumbai,29,Yes,4,3,2,3,43,0,24,6,16,2,4,No,Not Provided,24-05-2020,arhaan77@gmail.com,6860271161,5
EMP01255,Rasha Raj,36,Other,Sales,Sales Manager,Masters,28490,9,Noida,29,No,2,4,1,1,57,4,1,8,20,5,3,Yes,"Poor Work Life Balance, Manager Issues, High Stress",27-03-2021,mannerohan@gmail.com,60262098,13
EMP01256,Shayak Karnik,25,Female,Operations,Operations Executive,Bachelors,97624,0,Kolkata,20,No,4,1,2,4,46,8,20,14,18,2,5,No,Not Provided,04-02-2024,amira45@dara-chand.com,4585929849,9
EMP01257,Seher Gade,39,Male,Finance,Finance Manager,MBA,60052,19,Hyderabad,29,Yes,3,1,4,4,31,1,20,14,14,3,2,No,Not Provided,24-07-2020,taimur65@sidhu.info,1254860438,8
EMP01258,Hridaan Ahuja,43,Other,Marketing,Content Strategist,Masters,177544,14,Chennai,34,No,5,4,3,5,49,6,23,3,11,4,4,No,Not Provided,30-01-2024,kapurkavya@gmail.com,819468479,6
EMP01259,Samaira Vasa,33,Female,Sales,Sales Manager,Bachelors,140322,5,Noida,11,No,2,5,5,3,11,2,0,8,5,5,3,No,Not Provided,27-11-2019,hridaan06@sehgal-salvi.com,6063464801,8
EMP01260,Dhanuk Mani,44,Other,Marketing,Content Strategist,Diploma,143710,24,Mumbai,26,No,1,1,4,1,15,0,13,15,18,2,2,No,Not Provided,10-04-2023,dharmajan41@gmail.com,3293064453,11
EMP01261,Uthkarsh Sehgal,59,Other,Marketing,Marketing Manager,Diploma,55875,38,Bangalore,17,No,5,3,3,3,1,0,25,12,14,5,1,No,Not Provided,12-10-2023,fdutt@hotmail.com,6566532488,5
EMP01262,Piya Sanghvi,53,Other,Operations,Operations Executive,Masters,43838,23,Chennai,6,No,1,3,2,3,55,5,24,4,13,1,4,No,Not Provided,18-12-2016,asura@sachdev-gokhale.net,8725449608,7
EMP01263,Arnav Rau,46,Male,Operations,Operations Executive,Diploma,136005,18,Mumbai,31,No,2,5,2,4,14,6,11,7,22,2,1,No,Not Provided,26-09-2016,rajagopalanojas@yahoo.com,8399643796,8
EMP01264,Ritvik Sekhon,40,Female,HR,HR Executive,MBA,77446,14,Delhi,39,No,2,1,3,4,23,1,25,5,18,4,2,No,Not Provided,23-08-2017,karnikyakshit@sarin.com,1286781451,10
EMP01265,Nirvi Roy,52,Female,Customer Support,Support Executive,Diploma,128993,30,Noida,31,No,2,5,3,5,41,6,24,1,25,4,2,No,Not Provided,26-10-2022,dattalavanya@brar.com,7372759146,9
EMP01266,Mamooty Bahri,52,Male,IT,BI Developer,Diploma,71584,27,Mumbai,2,Yes,4,2,2,2,47,6,1,12,10,2,2,Yes,"Overtime, Low Job Satisfaction, Manager Issues",28-03-2021,devidishani@hotmail.com,3310236149,15
EMP01267,Tiya Mani,46,Male,Marketing,Content Strategist,Masters,70341,19,Chennai,35,No,4,4,4,1,67,9,16,12,8,5,4,No,Not Provided,03-05-2026,armaan69@hotmail.com,2920468662,10
EMP01268,Divij Gala,32,Male,Customer Support,Customer Success Manager,MBA,122436,9,Chennai,30,Yes,1,4,5,4,40,9,22,14,8,2,2,No,Not Provided,19-01-2020,srinivaskashvi@hotmail.com,3451099463,10
EMP01269,Nirvaan Kara,25,Male,Marketing,Content Strategist,Diploma,75455,5,Kolkata,2,No,2,2,2,5,3,1,18,1,6,3,5,No,Not Provided,20-12-2024,eva43@gmail.com,8236041385,8
EMP01270,Zoya Tara,40,Other,Customer Support,Customer Success Manager,Diploma,155421,18,Chennai,12,No,4,1,4,5,63,9,17,13,15,1,3,No,Not Provided,29-09-2016,Not Generated,673956710,7
EMP01271,Saanvi Sharaf,50,Other,Operations,Operations Executive,Diploma,149322,21,Chennai,1,Yes,1,1,2,3,41,3,20,10,19,1,3,No,Not Provided,25-03-2019,irachad@hotmail.com,4995456660,12
EMP01272,Gokul Sami,49,Male,HR,Recruiter,Bachelors,32367,21,Kolkata,4,No,3,5,5,4,31,2,13,9,13,4,2,No,Not Provided,19-04-2026,prisha65@gmail.com,6986449439,3
EMP01273,Ahana  Balakrishnan,48,Female,Customer Support,Support Executive,Masters,164697,21,Kolkata,15,No,2,2,1,3,74,5,6,6,24,2,4,No,Not Provided,27-08-2018,gshetty@chand.com,9560936612,10
EMP01274,Mohanlal Gandhi,52,Other,Marketing,SEO Specialist,MBA,98361,30,Noida,28,No,4,1,3,5,60,4,16,7,7,3,1,No,Not Provided,11-10-2017,vidurkant@saran.com,9972881572,4
EMP01275,Ranbir Edwin,35,Other,Marketing,Content Strategist,Bachelors,73674,11,Noida,10,Yes,3,2,5,5,7,5,24,10,14,3,5,No,Not Provided,06-06-2025,indransdave@hotmail.com,4684610545,9
EMP01276,Advika Vohra,29,Male,Finance,Accountant,Diploma,75214,8,Kolkata,11,No,2,4,4,4,61,10,20,15,15,4,3,No,Not Provided,27-07-2018,oorjasrinivas@savant.com,6404962235,10
EMP01277,Pari Dhar,54,Other,Operations,Operations Executive,Diploma,28572,25,Delhi,10,No,2,4,5,3,26,2,3,11,9,3,3,No,Not Provided,11-02-2025,zeeshan02@ben.com,6168146241,7
EMP01278,Urvi Babu,29,Other,Sales,Sales Executive,Bachelors,77079,0,Delhi,25,Yes,5,2,2,1,62,0,13,9,7,4,2,Yes,"Overtime, Low Job Satisfaction, Manager Issues",08-03-2018,abramsaran@gmail.com,9348817806,13
EMP01279,Shalv Khanna,22,Male,Operations,Supply Chain Analyst,Masters,34589,0,Pune,28,No,4,3,5,5,23,2,14,7,24,3,2,No,Not Provided,25-09-2025,Not Generated,2462702451,1
EMP01280,Nakul Karan,44,Other,Operations,Operations Executive,Masters,46973,17,Noida,26,No,4,5,5,5,42,8,20,1,16,1,4,No,Not Provided,25-12-2018,gwali@gmail.com,8534672736,3
EMP01281,Jayesh Devi,59,Male,Sales,Business Development Associate,Masters,119866,36,Kolkata,30,No,4,5,3,5,26,1,9,3,14,3,1,No,Not Provided,20-06-2017,madhupgola@varughese-choudhary.biz,5910380137,1
EMP01282,Divij Chandran,51,Male,Marketing,Marketing Manager,Bachelors,153376,30,Chennai,11,Yes,4,2,4,1,17,3,2,2,8,3,4,No,Not Provided,11-03-2021,anvi27@dani.com,3557464289,9
EMP01283,Samar Halder,52,Other,Operations,Operations Executive,Masters,113604,23,Noida,17,No,1,2,1,5,76,5,24,8,15,5,3,Yes,"Poor Work Life Balance, Low Job Satisfaction, High Stress",02-11-2018,stak@mandal.com,4775635841,13
EMP01284,Stuvan Chand,56,Male,Customer Support,Support Executive,MBA,59469,29,Delhi,39,No,5,4,4,5,46,7,14,3,14,4,2,No,Not Provided,17-02-2024,uthkarshjaggi@yahoo.com,2174352575,6
EMP01285,Raghav Saini,57,Other,Sales,Business Development Associate,Bachelors,30859,37,Pune,40,Yes,4,1,5,1,67,2,10,5,18,4,5,No,Not Provided,22-11-2019,mahajanindrajit@gmail.com,3393469682,11
EMP01286,Pihu Kapadia,60,Other,Customer Support,Customer Success Manager,Masters,101465,35,Kolkata,25,No,2,2,2,3,0,9,21,15,5,3,5,Yes,"Poor Work Life Balance, Low Job Satisfaction, No Promotion",03-04-2025,hiran98@hotmail.com,2436501778,13
EMP01287,Zara Dugar,27,Other,HR,HR Manager,MBA,122794,2,Noida,27,No,5,1,5,3,43,2,8,14,14,1,4,No,Not Provided,12-10-2017,vritika60@dasgupta.com,3817469119,6
EMP01288,Stuvan Venkatesh,30,Female,IT,Software Engineer,Diploma,178008,8,Noida,27,Yes,1,2,4,4,49,6,23,10,8,2,3,Yes,"Poor Work Life Balance, Overtime, Low Job Satisfaction",31-01-2024,bavabhamini@buch-chawla.com,5949355364,13
EMP01289,Pihu Arora,28,Female,Customer Support,Support Executive,Diploma,50534,4,Mumbai,25,Yes,4,4,5,4,4,7,0,14,22,3,1,No,Not Provided,06-08-2017,anahita32@sachdev.info,2294021589,9
EMP01290,Rasha Bala,53,Male,Customer Support,Customer Success Manager,Masters,30245,31,Hyderabad,37,No,4,4,3,2,6,2,4,1,12,5,2,No,Not Provided,28-06-2021,miraanchar@gaba.com,9397098,8
EMP01291,Kiara Sawhney,35,Female,Operations,Operations Executive,Diploma,66781,14,Bangalore,32,Yes,4,4,4,5,55,1,21,4,19,2,3,No,Not Provided,23-10-2023,neysamajumdar@yahoo.com,6237206025,3
EMP01292,Raunak Gera,28,Male,Customer Support,Customer Success Manager,MBA,74065,0,Pune,3,Yes,4,3,5,5,19,2,2,7,19,3,3,No,Not Provided,10-12-2017,lrajan@hotmail.com,4106668174,4
EMP01293,Darshit Bains,57,Other,Finance,Finance Manager,Diploma,122627,30,Mumbai,4,Yes,3,1,4,4,51,7,11,5,1,5,2,No,Not Provided,24-04-2022,luthradevansh@yahoo.com,3385877313,10
EMP01294,Jayant Brar,39,Male,Finance,Financial Analyst,MBA,137140,14,Pune,17,Yes,3,4,1,1,72,7,17,7,23,1,4,No,Not Provided,11-07-2023,bhavin16@raja.com,3327520626,8
EMP01295,Krish Mander,39,Male,Sales,Sales Executive,Bachelors,68517,9,Chennai,5,Yes,1,5,3,4,60,7,7,10,17,5,2,No,Not Provided,07-06-2024,aainasrinivas@karan-buch.com,7500235971,12
EMP01296,Bhamini Subramanian,46,Male,Not assigned,System Admin,Bachelors,121822,26,Hyderabad,25,Yes,3,4,4,5,49,2,1,9,17,3,2,No,Not Provided,04-08-2019,urvi05@varty-seth.net,839131880,5
EMP01297,Shray Sankaran,52,Female,IT,Software Engineer,Masters,84886,30,Mumbai,35,No,3,5,2,1,34,0,12,9,5,2,2,No,Not Provided,01-10-2023,jhaverihansh@thaman.com,7907533344,5
EMP01298,Raghav Khosla,40,Other,IT,BI Developer,Masters,79947,20,Hyderabad,16,No,5,4,2,2,0,7,9,8,10,1,1,No,Not Provided,14-05-2021,anika30@rama.com,690240682,6
EMP01299,Fateh Taneja,49,Female,Customer Support,Customer Success Manager,Masters,173652,19,Pune,3,Yes,3,4,2,3,62,4,17,6,17,5,2,No,Not Provided,21-07-2024,alisha85@thakur.com,1451608387,7
EMP01300,Nakul Hans,48,Other,IT,Data Analyst,Masters,89203,20,Kolkata,16,Yes,2,4,2,5,71,3,16,3,12,4,3,No,Not Provided,14-01-2026,shanpriyansh@yahoo.com,9383984062,10
EMP01301,Indranil Kota,27,Male,Sales,Sales Executive,Bachelors,153113,5,Chennai,29,No,2,4,4,4,31,1,15,11,3,5,5,No,Not Provided,18-07-2016,bhatttrisha@yahoo.com,2571528844,9
EMP01302,Nirvi Lata,54,Female,HR,HR Manager,MBA,170053,33,Chennai,23,No,2,4,2,1,0,7,21,14,15,3,3,No,Not Provided,07-01-2017,madhuphayre@sachar-sundaram.net,3514084803,11
EMP01303,Rohan Datta,54,Female,Operations,Supply Chain Analyst,Masters,131087,34,Delhi,20,No,5,2,1,5,70,10,22,13,17,3,3,No,Not Provided,08-06-2020,alia65@khurana.info,7359292042,9
EMP01304,Gatik Batta,55,Female,Finance,Financial Analyst,MBA,140505,34,Kolkata,8,No,3,5,3,1,65,8,5,13,19,3,1,No,Not Provided,11-11-2025,waglekartik@gmail.com,1201585538,8
EMP01305,Vritika Wali,59,Male,Customer Support,Support Executive,Bachelors,55771,37,Bangalore,16,No,4,5,5,1,20,1,24,6,23,2,5,No,Not Provided,06-01-2025,ebanik@hotmail.com,7016246175,2
EMP01306,Kabir Kale,58,Other,Sales,Sales Manager,Bachelors,101881,36,Chennai,34,No,2,3,4,3,34,1,22,15,24,3,4,No,Not Provided,19-06-2018,kaurshray@gmail.com,1154218609,6
EMP01307,Kanav Banik,36,Female,Finance,Accountant,Masters,123634,13,Chennai,28,No,3,3,3,1,77,8,3,6,17,5,4,No,Not Provided,16-01-2019,ysangha@virk.biz,5678355641,10
EMP01308,Ela Walia,25,Female,Customer Support,Customer Success Manager,Masters,69748,5,Delhi,2,Yes,3,2,4,2,77,9,25,7,2,5,2,No,Not Provided,27-02-2024,krajagopal@yahoo.com,9860567920,12
EMP01309,Raunak Warrior,23,Other,HR,Recruiter,MBA,125640,1,Kolkata,26,Yes,3,2,3,5,18,6,5,12,5,3,5,No,Not Provided,06-07-2018,xborra@gmail.com,2277627163,12
EMP01310,Nayantara Khare,31,Male,Sales,Business Development Associate,Diploma,152405,6,Bangalore,26,Yes,3,4,4,4,7,0,16,13,12,3,5,No,Not Provided,15-11-2025,agrawalmisha@yahoo.com,2284233394,5
EMP01311,Ishaan Lall,42,Male,HR,HR Manager,MBA,124538,12,Noida,33,No,1,1,2,2,56,5,12,11,17,2,5,Yes,"Poor Work Life Balance, Low Job Satisfaction, Manager Issues",26-08-2016,Not Generated,4790735374,15
EMP01312,Keya Ram,50,Female,Finance,Financial Analyst,Bachelors,92552,27,Delhi,10,Yes,1,5,5,1,2,9,2,5,22,5,3,Yes,"Poor Work Life Balance, Overtime, Manager Issues",14-01-2020,hdube@rana.net,1415912425,14
EMP01313,Aarush Bath,47,Female,Marketing,SEO Specialist,Masters,176248,18,Bangalore,40,Yes,2,5,3,4,50,10,5,11,3,5,3,Yes,"Poor Work Life Balance, Overtime, High Stress",30-10-2018,zjaggi@gmail.com,5661485418,15
EMP01314,Damini Srinivas,32,Female,Sales,Sales Executive,Masters,133775,6,Bangalore,25,Yes,2,5,3,5,60,1,17,1,21,2,1,No,Not Provided,06-04-2021,skuruvilla@chopra-ramaswamy.com,2875402005,6
EMP01315,Manjari Aurora,28,Female,HR,HR Manager,Bachelors,116917,0,Hyderabad,37,Yes,1,4,1,1,48,10,0,13,12,5,3,Yes,"Poor Work Life Balance, Overtime, Manager Issues",27-12-2020,auroraakarsh@yahoo.com,8545456122,19
EMP01316,Charvi Chauhan,48,Female,Operations,Supply Chain Analyst,Bachelors,116637,20,Chennai,37,Yes,4,4,3,4,46,9,7,8,1,4,5,No,Not Provided,09-06-2023,vanya60@yahoo.com,5355872183,8
EMP01317,Ahana  Bajwa,46,Male,Sales,Sales Manager,Diploma,145747,20,Hyderabad,34,Yes,1,2,2,5,8,5,10,4,23,2,1,Yes,"Poor Work Life Balance, Overtime, Low Job Satisfaction",01-10-2023,sanibhavin@yahoo.com,1689429868,13
EMP01318,Vihaan Divan,27,Other,Not assigned,Business Development Associate,Masters,165035,6,Kolkata,5,No,5,3,5,4,80,9,23,1,4,4,5,No,Not Provided,24-05-2016,yakshitsarraf@gour.com,1569526313,5
EMP01319,Ryan Doctor,55,Male,Finance,Financial Analyst,Masters,38201,25,Bangalore,38,No,4,3,2,4,54,3,6,7,24,4,4,No,Not Provided,02-06-2025,tankzain@gmail.com,429626677,6
EMP01320,Ivan Buch,23,Male,Operations,Supply Chain Analyst,Bachelors,160200,0,Pune,27,Yes,2,4,1,1,62,2,17,8,13,5,2,Yes,"Poor Work Life Balance, Overtime, Manager Issues",16-10-2023,yasminranganathan@yahoo.com,9755876244,13
EMP01321,Madhup Rajan,54,Other,Operations,Operations Executive,Diploma,107311,27,Mumbai,14,Yes,4,4,1,4,56,6,12,12,17,5,2,No,Not Provided,19-11-2020,pbuch@banerjee-rama.com,9785321299,11
EMP01322,Sana Sekhon,46,Male,Finance,Accountant,Masters,55944,17,Mumbai,10,Yes,2,5,3,1,10,8,8,14,13,4,3,Yes,"Poor Work Life Balance, Overtime, Manager Issues",25-06-2023,psidhu@dhingra-dayal.com,4181723998,14
EMP01323,Pihu Gera,29,Female,Marketing,Content Strategist,MBA,149628,0,Pune,18,Yes,5,3,3,1,34,2,5,2,20,4,2,No,Not Provided,01-03-2018,akarshdesai@yahoo.com,7793075816,9
EMP01324,Saanvi Gera,23,Female,HR,HR Executive,Masters,110374,2,Bangalore,26,Yes,2,3,2,5,17,5,2,7,21,1,4,No,Not Provided,19-11-2023,kchawla@yahoo.com,8525634278,12
EMP01325,Samar Kata,49,Female,Customer Support,Support Executive,MBA,54204,24,Noida,31,No,2,1,3,2,26,9,25,6,23,5,4,Yes,"Poor Work Life Balance, Low Job Satisfaction, Manager Issues",04-02-2022,varughesepranay@gmail.com,6027006996,14
EMP01326,Fateh Kapoor,40,Other,Finance,Financial Analyst,Masters,85461,18,Kolkata,1,Yes,5,3,4,4,63,3,14,12,19,5,4,No,Not Provided,23-03-2017,tchatterjee@madan-sane.com,9179821077,7
EMP01327,Mannat Dubey,43,Other,Finance,Financial Analyst,Masters,29793,18,Hyderabad,35,Yes,5,5,4,4,78,7,3,1,6,2,1,No,Not Provided,01-07-2023,advikkalita@buch-wali.info,2803329988,7
EMP01328,Raunak Saran,50,Male,Operations,Operations Executive,Diploma,179178,20,Chennai,17,No,3,4,1,5,55,2,21,15,13,1,4,No,Not Provided,01-10-2023,kashvi68@gmail.com,365016217,4
EMP01329,Miraya Wali,56,Male,Customer Support,Customer Success Manager,Masters,159418,27,Noida,13,No,3,4,5,3,35,1,16,15,11,4,5,No,Not Provided,27-03-2024,divijbajaj@issac-bawa.com,4244730352,5
EMP01330,Shlok Kulkarni,41,Female,Marketing,SEO Specialist,Diploma,99341,17,Pune,40,No,4,4,4,1,70,6,16,2,0,3,4,No,Not Provided,27-07-2021,azad21@raval.com,3534512560,5
EMP01331,Yasmin Bala,45,Female,Operations,Supply Chain Analyst,Bachelors,126020,22,Noida,16,Yes,1,5,2,2,45,0,21,15,4,3,3,No,Not Provided,05-09-2020,aradhyachahal@dada.biz,6372967529,11
EMP01332,Heer Sood,42,Female,IT,Software Engineer,Masters,86176,17,Pune,2,No,2,5,5,2,65,8,16,15,6,4,5,No,Not Provided,21-02-2026,sandhuivana@kurian.com,2852160366,12
EMP01333,Rohan Kaur,42,Male,Operations,Operations Executive,MBA,61368,20,Pune,10,No,1,5,4,5,25,0,19,9,21,1,4,No,Not Provided,14-02-2022,ayeshachhabra@dutt.com,9137107439,3
EMP01334,Trisha Mahal,28,Other,IT,Software Engineer,Bachelors,176514,0,Bangalore,35,Yes,4,1,4,3,79,8,14,1,2,3,1,No,Not Provided,21-03-2020,chandasaira@majumdar.com,7124445987,8
EMP01335,Zara Contractor,44,Male,Sales,Sales Manager,Bachelors,154403,15,Kolkata,33,No,3,4,4,5,76,2,13,2,4,4,5,No,Not Provided,15-02-2026,lallaaniruddh@yahoo.com,9173281690,4
EMP01336,Zaina Sant,59,Male,Customer Support,Support Executive,Masters,140576,37,Noida,28,Yes,4,4,3,1,55,7,12,6,4,3,4,No,Not Provided,27-09-2020,anay46@sidhu.com,4443952072,7
EMP01337,Aarush Barman,26,Other,HR,HR Executive,Masters,158203,0,Chennai,11,No,4,3,4,4,54,2,25,4,5,2,2,No,Not Provided,03-05-2017,dmand@varghese-sastry.com,5447040756,0
EMP01338,Nirvaan Halder,42,Female,Customer Support,Support Executive,Masters,138347,19,Mumbai,1,Yes,4,5,3,5,55,5,9,2,1,4,1,No,Not Provided,26-06-2021,fhayre@gmail.com,6183808856,7
EMP01339,Azad Bali,30,Male,Marketing,Content Strategist,MBA,112722,1,Kolkata,19,Yes,1,5,1,3,3,6,25,7,17,3,4,No,Not Provided,03-02-2017,prerak32@hotmail.com,4588404074,9
EMP01340,Ishaan Hora,57,Male,Operations,Supply Chain Analyst,Bachelors,148689,34,Bangalore,8,Yes,3,5,1,2,58,6,8,3,20,2,4,No,Not Provided,21-03-2025,dishani62@bath.com,476746140,8
EMP01341,Divyansh Rao,41,Other,HR,HR Manager,Masters,89554,15,Noida,30,No,2,3,4,4,42,5,16,12,1,3,5,No,Not Provided,01-07-2017,bkaul@jain.org,7598250530,8
EMP01342,Reyansh Acharya,41,Other,IT,Data Analyst,Diploma,113616,18,Noida,23,Yes,4,2,3,2,33,1,4,1,0,2,3,No,Not Provided,10-06-2016,vanya96@yahoo.com,5484160038,9
EMP01343,Jivika Salvi,34,Other,Finance,Accountant,Diploma,36912,9,Delhi,20,No,5,4,1,5,10,8,9,3,6,1,1,No,Not Provided,15-12-2016,ranbirhari@hotmail.com,8081243394,4
EMP01344,Tara Yohannan,28,Other,Marketing,Content Strategist,Masters,40430,0,Hyderabad,40,Yes,5,4,2,4,64,7,4,9,5,3,4,No,Not Provided,13-04-2024,kimaya76@hotmail.com,4062315120,9
EMP01345,Arnav Swaminathan,55,Other,Finance,Financial Analyst,Masters,162718,25,Chennai,15,Yes,3,3,4,3,35,7,2,3,13,1,2,No,Not Provided,01-12-2016,kumeralisha@ramanathan-raja.com,3712053394,6
EMP01346,Aarush Kar,59,Female,Customer Support,Support Executive,Masters,94076,35,Chennai,12,No,4,2,5,5,15,0,19,6,0,3,3,No,Not Provided,15-09-2019,rvenkataraman@choudhary.com,6531910902,3
EMP01347,Samar Kanda,26,Female,Sales,Sales Manager,Diploma,53369,0,Pune,14,Yes,4,4,5,4,22,1,3,4,1,2,3,No,Not Provided,09-04-2017,samaelakshi@gmail.com,3815659037,4
EMP01348,Nitya Mani,52,Other,Customer Support,Support Executive,Bachelors,113223,32,Bangalore,18,No,2,4,3,4,36,5,5,1,21,2,3,No,Not Provided,31-03-2021,aradhya71@hotmail.com,2196574539,7
EMP01349,Priyansh Chana,29,Other,Customer Support,Customer Success Manager,Diploma,57772,2,Hyderabad,22,Yes,3,3,5,4,67,10,1,2,1,5,5,No,Not Provided,11-02-2026,pari36@ramaswamy-yohannan.com,9764161667,9
EMP01350,Aradhya Dhaliwal,59,Male,HR,HR Manager,MBA,38498,29,Noida,17,No,1,5,4,5,77,10,6,5,10,2,3,No,Not Provided,28-08-2021,ithaman@gmail.com,5288608863,5
EMP01351,Elakshi Sastry,46,Male,Sales,Sales Executive,Diploma,137401,24,Chennai,31,Yes,4,5,5,2,30,6,24,5,2,5,3,No,Not Provided,24-10-2020,hanstara@hotmail.com,3061058520,10
EMP01352,Manikya Venkatesh,47,Other,Customer Support,Support Executive,MBA,135185,24,Hyderabad,14,Yes,4,3,5,5,17,1,5,14,6,2,3,No,Not Provided,06-01-2019,ggoel@mammen.com,7318561910,6
EMP01353,Urvi Kunda,24,Female,Sales,Sales Manager,Masters,163601,1,Pune,15,No,5,4,1,4,43,3,20,11,16,1,3,No,Not Provided,21-04-2024,indranilgarde@bora.info,2024147339,4
EMP01354,Ivan Bath,45,Other,Sales,Sales Executive,Diploma,99291,23,Delhi,14,No,4,2,1,5,75,8,16,4,17,2,5,No,Not Provided,06-06-2025,thakuraaina@boase-gole.com,2868247451,7
EMP01355,Manikya Baral,25,Other,Operations,Operations Executive,Bachelors,139209,0,Noida,15,No,1,5,1,3,25,0,11,4,24,5,5,No,Not Provided,20-02-2023,darmahika@hotmail.com,7016223835,8
EMP01356,Suhana Sachar,37,Other,Customer Support,Customer Success Manager,Masters,58023,16,Hyderabad,19,No,3,2,5,2,44,10,7,7,0,2,4,No,Not Provided,09-07-2018,pbrar@bala.com,6920133535,7
EMP01357,Aaina Sandal,46,Female,Finance,Financial Analyst,Masters,33285,25,Mumbai,24,Yes,3,3,4,5,23,0,24,9,14,4,4,No,Not Provided,08-05-2020,chiragcomar@yahoo.com,5235768861,5
EMP01358,Saanvi Dara,24,Other,Finance,Finance Manager,MBA,141925,1,Chennai,26,No,3,4,3,1,2,1,3,6,13,4,4,No,Not Provided,16-01-2020,luthraonkar@sur.net,9946435414,8
EMP01359,Veer Randhawa,53,Female,Finance,Accountant,Diploma,152073,25,Bangalore,4,Yes,5,3,4,1,70,5,16,13,24,2,1,No,Not Provided,11-07-2019,mahikachandra@hotmail.com,8206296474,8
EMP01360,Yuvaan Banik,39,Female,Sales,Sales Manager,Diploma,93969,10,Hyderabad,23,Yes,2,1,3,4,73,7,1,10,1,1,1,Yes,"Poor Work Life Balance, Overtime, Low Job Satisfaction",18-03-2026,advikadar@hotmail.com,4815268034,14
EMP01361,Anika Bahl,42,Male,Marketing,Content Strategist,Bachelors,69124,17,Delhi,40,No,4,4,1,4,72,4,19,13,20,1,1,No,Not Provided,01-03-2026,doctorryan@yahoo.com,2188784696,5
EMP01362,Ehsaan Mallick,48,Other,Finance,Accountant,MBA,83372,21,Delhi,19,Yes,2,5,2,4,0,5,13,1,8,2,3,No,Not Provided,30-01-2024,nehmat76@hotmail.com,4693573825,9
EMP01363,Jayesh Bedi,36,Male,Customer Support,Support Executive,Bachelors,138352,15,Delhi,37,Yes,3,1,1,2,51,1,18,6,18,2,4,No,Not Provided,03-01-2021,zarahora@gmail.com,471345723,10
EMP01364,Sahil Sehgal,47,Female,Marketing,SEO Specialist,Masters,30718,20,Delhi,11,Yes,3,2,2,5,72,10,7,9,13,4,5,No,Not Provided,24-09-2019,taimurkeer@kata-sharaf.org,5683268549,12
EMP01365,Riaan Bobal,32,Female,Operations,Supply Chain Analyst,Bachelors,69065,9,Chennai,17,Yes,4,2,2,5,2,5,6,6,20,1,3,No,Not Provided,18-08-2017,talwarnavya@hotmail.com,567443871,9
EMP01366,Jayant Banerjee,52,Female,Operations,Supply Chain Analyst,Masters,54935,22,Noida,17,No,2,2,1,4,63,3,5,1,21,5,3,Yes,"Poor Work Life Balance, Low Job Satisfaction, High Stress",12-04-2018,sairasunder@singh-subramaniam.com,7325096067,13
EMP01367,Himmat Grover,34,Female,Operations,Supply Chain Analyst,Diploma,32489,8,Pune,40,Yes,5,2,4,2,10,4,22,3,12,4,5,No,Not Provided,19-02-2025,kulkarniishita@bedi-divan.com,1969243948,11
EMP01368,Riaan Vyas,43,Female,Operations,Operations Executive,Masters,126806,15,Kolkata,31,No,1,1,3,5,34,7,24,13,0,5,5,Yes,"Poor Work Life Balance, Low Job Satisfaction, High Stress",28-08-2025,xwason@hotmail.com,7814619104,14
EMP01369,Jivika Behl,46,Female,HR,HR Executive,Diploma,36674,19,Bangalore,14,Yes,3,1,5,5,44,1,12,9,14,4,2,No,Not Provided,18-08-2016,kashvisane@chauhan-rajan.com,5492468951,8
EMP01370,Aniruddh Choudhary,51,Other,Customer Support,Customer Success Manager,Bachelors,129621,28,Pune,6,Yes,5,3,4,3,7,8,9,6,22,5,3,No,Not Provided,27-05-2023,dhawansuhana@saraf.com,1459055776,7
EMP01371,Elakshi Rau,42,Male,Customer Support,Support Executive,Bachelors,26961,22,Hyderabad,22,No,4,5,1,5,64,1,22,4,10,3,4,No,Not Provided,20-07-2016,csodhi@yahoo.com,3544183507,2
EMP01372,Mannat Krishnan,56,Other,Operations,Operations Executive,Bachelors,152378,28,Bangalore,1,No,3,1,2,1,32,7,16,5,12,2,1,No,Not Provided,17-09-2020,gram@yahoo.com,1684544976,9
EMP01373,Vardaniya Jain,58,Female,Customer Support,Customer Success Manager,Bachelors,113656,33,Kolkata,16,Yes,1,3,2,4,8,10,25,3,22,1,2,No,Not Provided,24-10-2021,adiraratta@gmail.com,4063539864,9
EMP01374,Eva Chadha,52,Male,Marketing,SEO Specialist,Diploma,159938,22,Pune,34,No,2,2,5,1,32,4,19,11,11,4,2,Yes,"Poor Work Life Balance, Low Job Satisfaction, Manager Issues",24-07-2016,omangat@hotmail.com,3100688625,14
EMP01375,Arnav Dey,33,Male,Finance,Finance Manager,Bachelors,146016,8,Delhi,39,Yes,1,5,1,4,22,5,2,14,17,4,1,Yes,"Poor Work Life Balance, Overtime, High Stress",11-03-2024,baralsiya@hotmail.com,2217876591,17
EMP01376,Yashvi Sodhi,39,Female,Operations,Operations Executive,Bachelors,129621,18,Pune,38,No,2,1,3,4,40,4,8,1,20,5,1,No,Not Provided,03-01-2020,kaurshaan@yahoo.com,3557437902,10
EMP01377,Manjari Badal,50,Other,Operations,Operations Executive,Bachelors,145170,28,Bangalore,6,Yes,1,2,4,5,79,9,23,9,1,5,1,Yes,"Poor Work Life Balance, Overtime, Low Job Satisfaction",07-08-2016,devanlakshit@bahri.org,8226298833,13
EMP01378,Umang Chander,54,Male,Finance,Financial Analyst,MBA,106986,27,Delhi,20,No,4,4,5,4,16,2,0,10,15,5,3,No,Not Provided,28-01-2020,pranay18@mahal.com,1750274592,7
EMP01379,Elakshi Deo,58,Other,HR,Recruiter,Bachelors,81231,34,Mumbai,36,No,5,2,1,2,79,0,0,10,20,1,3,No,Not Provided,08-05-2018,nirvi50@gmail.com,2628246519,12
EMP01380,Alia Sanghvi,45,Female,HR,Recruiter,MBA,50740,25,Pune,11,No,3,4,1,2,11,4,2,8,7,2,5,No,Not Provided,23-04-2021,jiyengar@dugal.biz,9512163166,6
EMP01381,Ranbir Sawhney,21,Male,HR,HR Executive,Bachelors,74339,0,Chennai,9,Yes,5,4,4,4,45,10,20,12,17,2,1,No,Not Provided,27-10-2020,ela23@gmail.com,5528933414,6
EMP01382,Zeeshan Badami,59,Other,Operations,Supply Chain Analyst,Bachelors,136186,32,Kolkata,7,No,5,3,2,2,47,8,3,4,10,4,1,No,Not Provided,21-10-2017,krishnanaarna@sen.com,4603191851,11
EMP01383,Ranbir Shan,51,Male,Operations,Supply Chain Analyst,Diploma,27979,30,Kolkata,28,No,4,4,2,5,5,6,2,11,16,4,3,No,Not Provided,07-04-2024,mallneysa@madan-biswas.com,3518427345,12
EMP01384,Samaira Kamdar,54,Female,Marketing,Content Strategist,Bachelors,103188,32,Bangalore,24,Yes,3,5,3,2,74,8,14,13,5,5,3,No,Not Provided,27-04-2017,xkibe@datta.com,4369416313,11
EMP01385,Anahita Bansal,53,Other,Sales,Business Development Associate,Diploma,42798,25,Chennai,3,No,3,3,4,5,48,3,16,5,1,3,3,No,Not Provided,16-08-2019,nirvaansalvi@yahoo.com,4320143048,0
EMP01386,Shray Arora,32,Male,IT,Data Analyst,Bachelors,25476,5,Delhi,32,No,2,5,1,5,75,8,3,3,8,4,5,Yes,"Poor Work Life Balance, High Stress, No Promotion",08-05-2023,bhamini26@viswanathan-sharaf.biz,6113717585,13
EMP01387,Not Available,25,Other,Finance,Financial Analyst,MBA,71135,0,Bangalore,8,No,5,5,2,5,63,6,3,13,15,3,4,No,Not Provided,17-07-2019,diya56@hotmail.com,2855942105,8
EMP01388,Eva Grover,32,Male,Customer Support,Support Executive,MBA,29097,3,Mumbai,16,No,3,2,2,4,74,3,3,14,2,2,4,No,Not Provided,13-08-2020,hsabharwal@gmail.com,6688422189,9
EMP01389,Jayan Gulati,45,Other,Finance,Accountant,Diploma,163415,16,Kolkata,22,Yes,3,4,2,2,50,9,14,7,7,2,4,No,Not Provided,16-09-2016,anyabehl@gmail.com,5110507292,8
EMP01390,Baiju Tak,51,Male,Customer Support,Support Executive,Masters,62126,26,Kolkata,14,Yes,2,1,5,4,16,10,7,13,4,2,3,No,Not Provided,21-08-2023,kdhaliwal@gmail.com,6314387996,12
EMP01391,Mehul Bala,37,Male,Finance,Finance Manager,Masters,104049,8,Hyderabad,39,Yes,4,5,4,5,2,9,20,9,14,1,1,No,Not Provided,23-12-2023,ranbir05@yahoo.com,3753437717,5
EMP01392,Shalv Sabharwal,48,Other,Operations,Supply Chain Analyst,Diploma,60473,27,Bangalore,33,No,5,4,4,2,75,6,6,1,4,5,5,No,Not Provided,25-02-2022,vihaan07@yahoo.com,334160189,8
EMP01393,Priyansh Shanker,22,Other,HR,HR Manager,Diploma,33142,1,Pune,12,No,3,3,5,4,60,3,20,10,4,4,4,No,Not Provided,29-12-2016,samihasunder@gmail.com,7646247881,5
EMP01394,Nitya Brahmbhatt,21,Male,Finance,Accountant,Bachelors,102994,0,Noida,15,No,2,2,2,4,50,6,9,2,10,2,4,No,Not Provided,04-01-2017,manderyasmin@rajan.com,3697654814,10
EMP01395,Krish Bail,24,Female,Finance,Finance Manager,Bachelors,116278,2,Mumbai,18,Yes,3,3,1,4,25,8,19,6,2,1,4,No,Not Provided,25-12-2025,rjaggi@gmail.com,2655657032,6
EMP01396,Ira Hegde,34,Other,IT,Data Analyst,Diploma,74713,14,Kolkata,12,No,3,3,5,2,60,1,5,12,4,2,4,No,Not Provided,13-12-2018,arnav52@soni.com,8323580066,6
EMP01397,Fateh Mandal,49,Male,Not assigned,Supply Chain Analyst,Bachelors,155941,22,Bangalore,12,Yes,2,1,3,1,57,7,14,7,0,2,3,No,Not Provided,20-04-2026,bhargavaaarav@gmail.com,6113417993,12
EMP01398,Vihaan Butala,47,Other,HR,Recruiter,Bachelors,61149,24,Hyderabad,40,Yes,2,2,4,4,72,0,19,8,18,1,2,No,Not Provided,18-05-2025,tandonritvik@khurana.com,8131061273,9
EMP01399,Reyansh Datta,22,Female,Sales,Sales Manager,MBA,114137,0,Pune,14,Yes,5,3,1,5,49,7,16,6,7,1,3,No,Not Provided,25-08-2024,anay12@hotmail.com,3005401096,6
EMP01400,Indrajit Ravi,31,Male,Operations,Operations Executive,MBA,74213,8,Chennai,13,No,2,2,5,3,4,8,12,12,15,3,2,No,Not Provided,20-01-2021,raghavhayre@hotmail.com,7335357513,10
EMP01401,Biju Bandi,33,Female,Marketing,SEO Specialist,MBA,83862,6,Pune,12,No,3,5,3,2,71,6,21,10,2,5,1,No,Not Provided,06-12-2017,raghav44@gmail.com,2426097499,9
EMP01402,Dharmajan Comar,27,Other,Customer Support,Customer Success Manager,MBA,110785,0,Noida,13,No,1,4,5,1,52,9,8,6,2,3,4,No,Not Provided,28-03-2026,nkeer@agrawal-deo.org,5424679338,7
EMP01403,Mahika Wali,48,Male,Marketing,SEO Specialist,Masters,85471,22,Bangalore,21,No,5,1,2,1,73,9,21,6,22,5,1,No,Not Provided,04-10-2020,charvi59@chhabra.com,9331738389,12
EMP01404,Vidur Lala,42,Other,Finance,Accountant,MBA,107471,21,Bangalore,40,Yes,4,1,5,1,53,1,5,8,22,5,3,Yes,"Overtime, Low Job Satisfaction, Manager Issues",11-11-2017,vihaan26@loyal.com,8582840852,13
EMP01405,Mamooty Kale,40,Other,Finance,Financial Analyst,MBA,128786,16,Hyderabad,32,Yes,3,1,3,1,37,5,22,4,19,3,5,No,Not Provided,31-05-2024,mchaudhary@yahoo.com,2086222438,10
EMP01406,Piya Grewal,30,Other,Sales,Sales Manager,Diploma,96259,6,Noida,37,Yes,3,3,3,1,15,4,25,7,7,1,2,No,Not Provided,07-07-2019,nehmat91@yahoo.com,2496342578,5
EMP01407,Himmat Mannan,28,Male,HR,HR Manager,MBA,125579,0,Bangalore,17,Yes,4,4,1,4,62,0,7,12,15,3,3,No,Not Provided,01-03-2023,shalv95@yahoo.com,664654100,6
EMP01408,Rania Sinha,39,Female,Sales,Sales Manager,Diploma,77527,12,Bangalore,5,No,4,1,5,3,49,6,11,4,15,5,4,No,Not Provided,07-02-2026,mamootyjohal@bassi-sunder.com,8003914156,8
EMP01409,Neysa Ram,38,Other,Sales,Sales Manager,MBA,171493,17,Delhi,11,Yes,3,1,2,5,67,10,17,3,21,3,4,No,Not Provided,03-01-2019,mahikashroff@dada-sur.com,2800640968,9
EMP01410,Khushi Garg,36,Male,HR,Recruiter,Bachelors,79405,8,Noida,1,No,4,3,1,2,8,6,23,11,12,1,5,No,Not Provided,21-05-2021,hridaan79@sodhi.com,6395253338,8
EMP01411,Aarna Choudhury,50,Male,HR,HR Executive,Bachelors,59012,22,Kolkata,18,No,3,3,2,3,32,10,20,10,12,4,2,No,Not Provided,30-09-2017,nakul44@subramaniam.org,4228923089,9
EMP01412,Adah Tella,40,Male,IT,Software Engineer,Bachelors,99633,18,Noida,25,Yes,2,2,4,4,43,2,8,5,15,2,3,No,Not Provided,19-01-2023,ahana-yogi@iyengar-mander.com,9024914666,9
EMP01413,Vedika Lall,48,Female,HR,HR Executive,Masters,85986,19,Kolkata,7,Yes,4,1,1,5,79,1,24,15,16,5,2,No,Not Provided,27-02-2023,parinaaz76@mander-char.org,1018941629,12
EMP01414,Aaina Amble,25,Other,Customer Support,Support Executive,MBA,99555,4,Bangalore,7,No,4,4,2,4,69,6,1,11,4,5,3,No,Not Provided,22-06-2024,mroy@hotmail.com,1500909111,11
EMP01415,Nehmat Savant,35,Male,Marketing,Content Strategist,Masters,140814,8,Pune,10,Yes,5,3,3,4,73,5,17,11,3,2,1,No,Not Provided,04-12-2019,aaryahimalhotra@gmail.com,614940838,6
EMP01416,Tara Char,59,Other,Customer Support,Customer Success Manager,Diploma,147388,30,Kolkata,22,Yes,4,5,4,3,4,10,18,10,5,1,5,No,Not Provided,13-12-2018,tellaneysa@virk-grover.com,8436539529,6
EMP01417,Rati Sastry,55,Female,IT,Software Engineer,Bachelors,27877,35,Chennai,3,No,5,2,3,1,20,1,21,5,9,1,4,No,Not Provided,20-03-2019,himmat20@yahoo.com,6090926907,5
EMP01418,Farhan Deep,23,Other,HR,HR Executive,Diploma,39343,0,Noida,32,No,5,4,2,4,40,9,20,13,25,2,5,No,Not Provided,13-11-2018,zara16@hotmail.com,5133453182,7
EMP01419,Tanya Malhotra,29,Other,Marketing,Marketing Manager,MBA,174680,1,Kolkata,25,Yes,5,5,4,1,1,1,23,15,22,4,2,No,Not Provided,08-08-2021,shaankulkarni@magar.com,1646029086,10
EMP01420,Kaira Virk,38,Female,Sales,Sales Manager,MBA,111514,11,Kolkata,37,Yes,4,5,2,2,9,3,20,4,22,2,4,No,Not Provided,15-11-2018,lcherian@bhat-subramanian.com,7568144399,7
EMP01421,Armaan Sha,50,Other,IT,Data Analyst,Masters,109272,22,Noida,20,No,2,4,1,5,56,1,10,5,5,1,2,No,Not Provided,04-05-2018,gbir@dua.com,8864517692,5
EMP01422,Pranay Borah,55,Other,Operations,Operations Executive,Masters,42781,28,Noida,32,Yes,2,1,5,4,5,10,25,4,14,2,4,No,Not Provided,07-08-2023,zachariahhrishita@hotmail.com,1427316875,11
EMP01423,Priyansh Date,22,Female,Finance,Finance Manager,Masters,43168,1,Chennai,15,Yes,2,5,2,5,10,3,17,10,5,3,5,No,Not Provided,29-03-2024,farhantandon@saraf.com,9254983198,9
EMP01424,Emir Rajan,29,Female,HR,Recruiter,Bachelors,132252,6,Bangalore,40,No,5,2,3,4,1,4,4,10,16,4,5,No,Not Provided,12-01-2025,Not Generated,2113594918,11
EMP01425,Manikya Ghosh,59,Male,IT,Data Analyst,Diploma,45103,31,Bangalore,14,Yes,5,3,4,4,75,10,9,9,15,4,4,No,Not Provided,25-08-2021,oorjaraman@yahoo.com,2120313397,7
EMP01426,Tiya Deo,41,Other,Operations,Operations Executive,Diploma,63810,11,Bangalore,38,Yes,2,4,5,2,6,10,16,2,0,1,1,No,Not Provided,25-10-2021,gokulbava@jhaveri-varghese.org,3339952233,10
EMP01427,Aniruddh Gour,22,Other,Marketing,Marketing Manager,MBA,156736,2,Kolkata,21,No,3,3,2,3,35,10,1,1,25,3,3,No,Not Provided,03-01-2022,hariaradhya@bath.net,5504168271,6
EMP01428,Dhanuk Acharya,38,Female,Finance,Financial Analyst,Bachelors,59152,14,Delhi,21,No,3,1,4,2,7,3,9,14,5,4,5,No,Not Provided,26-07-2025,aradhya81@johal.biz,1875441351,10
EMP01429,Divyansh Rout,46,Female,Sales,Sales Manager,Masters,25998,17,Kolkata,18,Yes,2,4,5,5,68,5,19,8,16,5,1,No,Not Provided,06-04-2017,sharaflavanya@gmail.com,4879214003,10
EMP01430,Anaya Kapoor,38,Other,Marketing,Content Strategist,Diploma,93121,15,Pune,26,No,1,5,1,1,31,0,16,14,1,2,4,No,Not Provided,27-07-2021,handashaan@sarma-jaggi.info,2069820116,10
EMP01431,Manikya Dalal,36,Male,Finance,Financial Analyst,Masters,96015,16,Kolkata,27,Yes,5,1,5,5,35,3,13,11,16,3,1,No,Not Provided,21-05-2021,kguha@gmail.com,2224831217,8
EMP01432,Dhanush Cherian,23,Male,Sales,Sales Executive,MBA,172863,0,Hyderabad,39,No,1,1,4,4,52,2,17,9,17,4,3,No,Not Provided,20-02-2023,ykapadia@manne-sharma.biz,686320136,10
EMP01433,Kashvi Dani,53,Female,Operations,Supply Chain Analyst,Masters,30787,27,Mumbai,25,Yes,4,4,3,5,57,2,25,5,21,3,1,No,Not Provided,22-03-2024,asehgal@hotmail.com,3024153439,3
EMP01434,Nitya Behl,49,Female,HR,HR Manager,Diploma,84229,25,Kolkata,22,Yes,5,3,4,4,63,2,22,10,16,3,3,No,Not Provided,19-02-2022,karidivit@hotmail.com,6458642865,4
EMP01435,Shamik Karan,42,Other,HR,HR Manager,Bachelors,107054,21,Hyderabad,34,Yes,3,1,1,1,17,10,3,2,19,1,4,Yes,"Overtime, Low Job Satisfaction, Manager Issues",01-08-2019,xtoor@batra.com,760867077,14
EMP01436,Nitara Buch,36,Male,Operations,Operations Executive,Diploma,55624,10,Noida,29,No,1,2,5,2,14,7,16,7,1,3,2,No,Not Provided,19-03-2025,hacharya@gmail.com,2065530570,11
EMP01437,Tushar Contractor,58,Male,Marketing,Content Strategist,Diploma,138893,29,Bangalore,40,No,5,1,1,3,57,0,22,10,7,2,2,No,Not Provided,04-07-2017,uswaminathan@gill-kumer.info,9323699515,8
EMP01438,Rohan Khalsa,56,Female,HR,HR Manager,Diploma,76903,32,Hyderabad,37,No,3,3,1,5,68,5,3,12,18,5,2,No,Not Provided,10-02-2021,parinaaz20@yogi.com,6632440053,12
EMP01439,Aradhya Tripathi,23,Other,HR,Recruiter,Masters,176802,0,Hyderabad,2,Yes,2,2,3,5,33,8,15,2,22,2,3,No,Not Provided,14-03-2021,rloke@reddy.com,6029827976,10
EMP01440,Ojas Dani,44,Female,Operations,Supply Chain Analyst,MBA,115455,17,Hyderabad,19,Yes,1,4,4,5,62,3,18,15,25,2,4,No,Not Provided,13-07-2016,jivinram@gmail.com,2295763453,7
EMP01441,Abram Luthra,51,Other,Finance,Financial Analyst,Bachelors,90817,30,Hyderabad,14,No,3,2,3,3,41,0,18,3,21,1,5,No,Not Provided,22-12-2024,baildarshit@gokhale.com,3982660548,3
EMP01442,Alia Balay,22,Other,Marketing,SEO Specialist,Masters,52059,0,Mumbai,37,No,4,4,4,1,77,5,17,10,1,5,2,No,Not Provided,02-08-2018,raunakchada@gmail.com,7408966871,10
EMP01443,Ryan Malhotra,24,Male,Finance,Accountant,Bachelors,25850,0,Chennai,26,No,4,2,4,2,68,0,2,2,21,3,2,No,Not Provided,07-04-2020,hansh27@ganesan.com,3099938573,8
EMP01444,Oorja Char,23,Male,Operations,Supply Chain Analyst,Masters,144892,0,Mumbai,4,No,4,3,2,4,37,5,15,12,11,5,1,No,Not Provided,10-11-2023,vdate@yahoo.com,9694407785,9
EMP01445,Divit Tara,24,Female,Operations,Operations Executive,MBA,110033,0,Noida,17,No,3,4,3,1,77,4,22,12,9,4,4,No,Not Provided,26-10-2019,nirvitak@seth-dalia.com,3465020965,7
EMP01446,Romil Bava,48,Male,HR,Recruiter,Masters,65133,28,Kolkata,14,Yes,5,3,2,4,25,8,9,13,7,1,4,No,Not Provided,27-01-2024,neysa52@hotmail.com,2510644149,8
EMP01447,Nehmat Kara,50,Male,Customer Support,Customer Success Manager,Bachelors,142286,29,Kolkata,40,No,1,3,5,2,64,7,21,11,17,5,3,Yes,"Poor Work Life Balance, Manager Issues, High Stress",19-10-2025,miraansant@soman-bail.com,9964479059,13
EMP01448,Jayan Shere,53,Female,Marketing,Marketing Manager,Diploma,101970,24,Noida,18,No,1,2,5,1,35,9,16,11,10,1,1,No,Not Provided,12-01-2018,ivana02@kashyap.biz,8604892738,12
EMP01449,Nirvi Lall,29,Female,Marketing,SEO Specialist,Masters,118717,9,Noida,27,No,4,3,5,2,72,2,0,14,12,4,1,No,Not Provided,26-01-2017,kandafaiyaz@bir-ratti.com,9384941842,10
EMP01450,Zoya Varty,43,Other,Customer Support,Support Executive,Masters,168010,17,Delhi,12,Yes,1,4,2,2,2,0,15,10,14,2,1,No,Not Provided,21-02-2018,dadarasha@ganesan-gara.com,2478043046,11
EMP01451,Aayush Iyer,27,Other,Finance,Accountant,MBA,51162,0,Bangalore,27,No,1,2,2,5,8,5,13,4,21,2,4,No,Not Provided,20-04-2026,dasnehmat@yahoo.com,408507961,11
EMP01452,Vivaan Badal,27,Female,Marketing,SEO Specialist,Bachelors,93076,4,Delhi,4,Yes,3,2,4,4,66,8,21,5,16,3,1,No,Not Provided,15-10-2022,tgulati@lala-lad.com,6242845237,7
EMP01453,Neysa Sridhar,50,Other,Marketing,Content Strategist,Diploma,41816,22,Delhi,21,Yes,5,4,1,2,43,1,20,3,8,5,3,No,Not Provided,12-07-2022,thakerjivika@gmail.com,9906551030,9
EMP01454,Yakshit Bhatnagar,30,Other,Operations,Supply Chain Analyst,MBA,76788,4,Hyderabad,27,Yes,2,3,5,2,26,9,3,9,0,5,1,Yes,"Poor Work Life Balance, Overtime, Manager Issues",11-05-2017,thakkarjayant@sandal.com,9191244465,15
EMP01455,Not Available,25,Other,Sales,Business Development Associate,MBA,103760.1093,5,Kolkata,6,No,2,5,5,3,20,4,0,6,13,2,5,No,Not Provided,06-02-2019,tatashanaya@gmail.com,919849598,5
EMP01456,Inaaya  Atwal,54,Female,Sales,Sales Manager,MBA,140949,28,Bangalore,21,No,2,4,3,3,30,1,7,9,1,3,2,No,Not Provided,07-04-2026,bhattieshani@hotmail.com,7945853367,3
EMP01457,Lakshay Gaba,26,Other,HR,HR Executive,MBA,81018,0,Kolkata,26,Yes,5,2,2,5,18,5,9,2,10,4,2,Yes,"Overtime, Low Job Satisfaction, High Stress",22-06-2022,himmatkala@hotmail.com,1553308510,13
EMP01458,Navya Kashyap,33,Male,Marketing,SEO Specialist,Masters,175349,4,Mumbai,33,No,5,5,5,4,70,3,6,4,14,2,2,No,Not Provided,05-04-2017,fsamra@chandran-chander.org,5943212703,1
EMP01459,Ritvik Din,28,Female,Customer Support,Support Executive,Bachelors,144892,6,Kolkata,7,No,1,3,1,3,51,1,17,13,16,2,5,No,Not Provided,08-06-2017,sidhushamik@wali.org,4627307411,7
EMP01460,Misha Chawla,42,Female,Not assigned,Operations Executive,Diploma,59488,17,Delhi,30,Yes,4,1,2,5,11,8,0,1,17,3,5,No,Not Provided,19-05-2016,karamiraya@yahoo.com,7420507838,12
EMP01461,Parinaaz Bawa,40,Other,Not assigned,Support Executive,MBA,80316,18,Chennai,22,Yes,1,5,1,3,40,5,20,10,8,1,1,No,Not Provided,20-03-2024,ela38@hotmail.com,9500090714,11
EMP01462,Anika Verma,49,Male,HR,Recruiter,Diploma,174582,23,Hyderabad,22,Yes,2,2,3,5,41,9,13,7,18,3,5,No,Not Provided,29-04-2018,anya72@yahoo.com,5458437581,10
EMP01463,Misha Iyengar,45,Other,Not assigned,Support Executive,Masters,173386,16,Kolkata,37,Yes,1,5,4,3,33,10,5,4,13,3,5,No,Not Provided,15-05-2020,sarinanahita@yahoo.com,4354621380,10
EMP01464,Miraan Madan,60,Female,Operations,Supply Chain Analyst,Diploma,170501,33,Chennai,33,No,5,1,3,1,24,6,17,12,5,3,2,No,Not Provided,06-03-2022,tdora@gmail.com,9769653516,10
EMP01465,Bhavin Mallick,34,Other,Sales,Sales Executive,Masters,41267,10,Bangalore,33,Yes,4,3.039382866,5,4,12,9,11,10,20,3,1,No,Not Provided,07-10-2018,sankaralisha@babu.net,861548096,7
EMP01466,Indranil Baral,46,Female,Sales,Sales Executive,Masters,150790,21,Pune,4,Yes,2,4,3,1,8,7,19,4,18,3,3,No,Not Provided,18-06-2018,batraamira@dass.com,3298000525,9
EMP01467,Baiju Karan,59,Female,Finance,Financial Analyst,MBA,51414,33,Pune,18,No,3,1,3,2,54,3,18,11,0,3,5,No,Not Provided,09-06-2025,lakshit64@dutta.com,4870625271,7
EMP01468,Azad Kadakia,52,Other,Customer Support,Customer Success Manager,MBA,135372,25,Hyderabad,10,No,5,1,3,3,78,1,25,3,18,3,2,No,Not Provided,11-12-2025,mishtibatta@savant.info,9842932957,3
EMP01469,Misha Ganguly,22,Male,Operations,Operations Executive,Diploma,84881,0,Pune,16,No,4,3,4,5,0,0,18,14,1,4,2,No,Not Provided,13-10-2016,skoshy@sidhu.com,6593552502,5
EMP01470,Ivan Manda,54,Female,HR,HR Manager,MBA,36233,31,Chennai,8,Yes,3,2,5,2,67,6,5,13,9,2,2,Yes,"Overtime, Low Job Satisfaction, Manager Issues",12-01-2026,vshan@mand.com,1963026740,13
EMP01471,Eshani Hayre,43,Female,Finance,Financial Analyst,Diploma,56117,22,Noida,20,No,1,1,5,3,14,3,9,5,12,5,2,No,Not Provided,05-05-2018,smajumdar@chaudry.org,4844506653,9
EMP01472,Saira Varughese,27,Other,Operations,Operations Executive,Bachelors,45256,3,Bangalore,14,No,5,4,1,3,40,5,7,8,0,4,1,No,Not Provided,21-10-2023,lallshayak@kapur-joshi.com,8316464659,7
EMP01473,Seher Handa,55,Other,Operations,Operations Executive,MBA,37923,35,Chennai,35,No,1,5,3,2,74,10,16,6,16,1,5,No,Not Provided,03-06-2025,neelofarbatta@roy-rege.com,9949192543,8
EMP01474,Suhana Guha,22,Other,Operations,Operations Executive,Masters,35523,0,Bangalore,24,Yes,5,5,5,4,33,10,23,6,2,2,2,No,Not Provided,06-04-2023,kairadua@gmail.com,9868439166,4
EMP01475,Priyansh Rajan,42,Male,Customer Support,Support Executive,Bachelors,118887,19,Mumbai,7,No,3,1,1,2,19,5,12,3,15,2,5,No,Not Provided,07-06-2025,tiwariveer@chaudhari-gala.com,1617424896,9
EMP01476,Drishya Bhatia,58,Male,Sales,Sales Manager,Masters,53031,32,Noida,32,Yes,2,3,1,4,17,10,1,9,15,3,2,No,Not Provided,16-06-2019,lakshitkade@anne.net,8372430943,12
EMP01477,Madhav Dhar,46,Male,Marketing,Marketing Manager,Masters,40061,20,Pune,7,No,4,2,1,5,45,8,24,14,14,5,1,No,Not Provided,06-07-2022,kborah@yahoo.com,914398046,12
EMP01478,Renee Wali,47,Other,HR,Recruiter,Masters,131131,19,Delhi,16,No,3,1,3,1,69,1,24,12,7,5,5,No,Not Provided,09-10-2016,godashamik@hotmail.com,773855945,10
EMP01479,Pihu Shetty,31,Other,Sales,Business Development Associate,Bachelors,119020,8,Pune,32,Yes,1,1,5,3,29,4,0,4,5,4,3,Yes,"Poor Work Life Balance, Overtime, Low Job Satisfaction",26-02-2021,msaraf@yahoo.com,9599165624,14
EMP01480,Neelofar Vyas,58,Female,Sales,Sales Executive,Bachelors,76311,31,Mumbai,9,Yes,2,4,3,4,34,4,9,15,7,4,1,No,Not Provided,04-02-2025,kchoudhry@zacharia-bhargava.com,7705386602,10
EMP01481,Misha Kapur,23,Other,Finance,Finance Manager,Diploma,143089,0,Pune,18,No,5,1,3,2,52,8,18,15,3,5,2,No,Not Provided,04-03-2024,aarna56@yahoo.com,1462670402,12
EMP01482,Riya Kapoor,36,Female,Customer Support,Support Executive,Masters,25033,8,Chennai,25,No,4,4,2,1,10,10,1,10,17,4,5,Yes,"Manager Issues, High Stress, No Promotion",24-10-2021,priyanshsachar@yahoo.com,3527714507,14
EMP01483,Veer Banerjee,55,Other,Finance,Software Engineer,MBA,161963,35,Pune,29,No,1,4,5,2,31,8,3,3,11,4,1,Yes,"Poor Work Life Balance, Manager Issues, High Stress",29-03-2019,indrans38@hotmail.com,8955745876,13
EMP01484,Rhea Raval,36,Other,IT,Data Analyst,Bachelors,66922,12,Pune,17,Yes,5,3,3,2,65,0,7,8,22,4,2,No,Not Provided,24-01-2022,shayashvi@rama.com,2158021638,7
EMP01485,Anahita Gaba,33,Female,IT,System Admin,Masters,80657,12,Hyderabad,23,Yes,4,1,2,5,77,9,7,13,8,3,5,No,Not Provided,03-10-2019,ishaan20@hotmail.com,6306745237,11
EMP01486,Uthkarsh Sankar,56,Male,HR,HR Executive,MBA,133639,26,Bangalore,27,Yes,3,2,4,3,74,1,20,8,2,4,2,No,Not Provided,24-04-2023,irataneja@divan-garde.net,7310957214,9
EMP01487,Damini Hari,24,Other,Operations,Operations Executive,Diploma,26154,4,Delhi,18,Yes,1,1,4,5,58,7,21,1,24,3,2,No,Not Provided,25-10-2019,indranil04@yahoo.com,3001335833,10
EMP01488,Nakul Barad,53,Male,HR,Recruiter,MBA,50139,26,Hyderabad,6,Yes,2,2,4,4,21,3,4,12,12,1,1,No,Not Provided,13-11-2019,rkuruvilla@samra.com,4351331573,12
EMP01489,Jhanvi Raman,52,Male,IT,System Admin,Bachelors,41263,27,Noida,17,Yes,4,3,3,1,21,1,22,12,1,5,1,No,Not Provided,12-07-2021,miraanagate@raman-zacharia.com,6566391235,9
EMP01490,Rhea Sibal,52,Male,Operations,Operations Executive,Masters,120689,24,Hyderabad,15,Yes,2,4,1,5,41,3,18,15,2,3,3,No,Not Provided,08-01-2017,kadakiakabir@karan-keer.com,8256733768,9
EMP01491,Kiaan Bala,22,Male,Marketing,Marketing Manager,MBA,96528,0,Kolkata,2,No,2,3.039382866,2,5,6,5,24,3,8,4,5,No,Not Provided,25-05-2023,alishavarkey@hotmail.com,6787662736,10
EMP01492,Oorja Deol,30,Male,Marketing,Marketing Manager,MBA,97470,6,Mumbai,18,No,1,5,2,5,15,10,9,12,1,4,4,No,Not Provided,09-01-2017,zainabadami@yahoo.com,2886769404,12
EMP01493,Faiyaz Bora,54,Male,Customer Support,Customer Success Manager,Masters,105530.7044,25,Delhi,21,Yes,5,3,5,1,75,5,22,7,9,4,4,No,Not Provided,22-07-2016,shanindrajit@gmail.com,8520632622,9
EMP01494,Vivaan Gopal,57,Other,Sales,Sales Executive,Diploma,77282,33,Kolkata,23,Yes,3,5,3,3,29,3,18,15,5,2,4,No,Not Provided,13-12-2017,balavidur@lad-dugal.org,2777157195,4
EMP01495,Ira Chad,25,Male,Marketing,Content Strategist,Bachelors,162353,0,Pune,30,Yes,4,3,2,1,16,0,9,13,24,2,4,No,Not Provided,13-09-2024,yuvraj-vaidya@ganesh.com,7445132587,9
EMP01496,Parinaaz Thaker,29,Male,Customer Support,Support Executive,Diploma,58428,4,Chennai,24,No,3,4,4,5,56,9,3,11,23,5,5,No,Not Provided,02-05-2025,samihaloyal@edwin.net,9604557827,9
EMP01497,Rasha Dutt,33,Other,IT,Data Analyst,MBA,171194,11,Mumbai,7,Yes,2,1,1,5,9,4,0,3,18,4,5,Yes,"Poor Work Life Balance, Overtime, Low Job Satisfaction",11-02-2017,bhaktaayesha@hotmail.com,2873237566,15
EMP01498,Lakshay Warrior,44,Male,Sales,Sales Executive,Diploma,81834,16,Chennai,18,Yes,4,4,5,4,0,5,22,3,13,3,3,No,Not Provided,22-12-2023,riyatrivedi@gmail.com,9824095853,4
EMP01499,Veer Dube,44,Other,Sales,Sales Executive,Diploma,111888,14,Kolkata,39,No,1,3,4,3,54,1,24,4,11,1,5,No,Not Provided,20-10-2025,riyachaudhary@rout.com,1926572170,4
EMP01500,Oorja Ray,52,Other,Marketing,Marketing Manager,MBA,114360,32,Hyderabad,13,Yes,5,5,2,5,52,3,16,5,1,1,5,No,Not Provided,06-03-2021,samartak@hotmail.com,3688782480,4
EMP01501,Farhan Ratti,21,Female,HR,Recruiter,Diploma,166741,0,Mumbai,32,Yes,2,5,1,1,62,9,11,10,4,4,5,Yes,"Poor Work Life Balance, Overtime, Manager Issues",28-05-2018,mannatcheema@chad.org,2196167702,17
EMP01502,Manikya Mann,30,Female,Customer Support,Support Executive,Diploma,106482,5,Kolkata,29,No,1,1,3,3,56,7,25,10,0,4,3,Yes,"Poor Work Life Balance, Low Job Satisfaction, High Stress",06-02-2021,thakurgokul@chana.com,4956816507,14
EMP01503,Chirag Shan,33,Other,Marketing,SEO Specialist,Diploma,100115,9,Pune,24,No,1,1,5,4,24,2,6,5,9,3,1,No,Not Provided,04-09-2022,madhavcomar@chaudhari.net,1527498341,6
EMP01504,Abram Sarna,52,Female,IT,BI Developer,Diploma,148950,25,Pune,28,No,4,3,1,2,20,9,21,11,25,5,1,No,Not Provided,09-08-2016,shahbiju@dora.biz,3527438352,12
EMP01505,Anay Edwin,23,Female,Customer Support,Support Executive,Masters,80114,3,Pune,20,No,2,3,3,5,74,10,22,2,2,4,4,No,Not Provided,09-02-2026,devantrisha@yahoo.com,8855813295,8
EMP01506,Aarna Handa,25,Other,HR,HR Executive,Bachelors,101487,5,Hyderabad,10,Yes,1,1,3,4,4,9,19,13,3,3,1,No,Not Provided,16-12-2024,aaryahiraval@hotmail.com,6640755959,12
EMP01507,Ritvik Sandal,45,Female,Customer Support,Support Executive,Masters,140865,20,Kolkata,19,No,4,3,2,4,62,4,2,14,14,5,1,No,Not Provided,25-06-2021,nirvaanvohra@dhingra-solanki.net,8568658850,9
EMP01508,Shray Divan,38,Female,Marketing,SEO Specialist,Bachelors,130173,11,Bangalore,28,Yes,5,3,2,4,59,1,16,15,19,1,1,No,Not Provided,05-08-2022,dsodhi@yahoo.com,1064473517,7
EMP01509,Hiran Khare,21,Female,IT,Software Engineer,Bachelors,41387,0,Chennai,13,No,4,2,4,2,25,8,18,10,12,2,3,No,Not Provided,13-10-2017,jayant81@hotmail.com,1916005083,9
EMP01510,Madhup Balakrishnan,52,Male,HR,HR Executive,Diploma,121264,28,Noida,1,Yes,4,5,2,5,8,1,7,4,22,4,2,No,Not Provided,02-06-2022,bahrichirag@yahoo.com,4953134939,7
EMP01511,Jayesh Sethi,27,Other,Customer Support,Customer Success Manager,Masters,95380,7,Mumbai,32,No,4,1,5,3,21,7,15,10,4,3,5,No,Not Provided,17-04-2021,hsami@gmail.com,1142439620,8
EMP01512,Romil Chhabra,47,Female,Finance,Accountant,Diploma,83131,24,Hyderabad,6,Yes,1,2,5,5,21,10,19,15,10,5,1,Yes,"Poor Work Life Balance, Overtime, Low Job Satisfaction",03-09-2016,banikbhavin@sibal.info,2947502602,15
EMP01513,Advik Gade,44,Male,Finance,Accountant,Masters,62395,21,Hyderabad,6,No,1,2,1,4,32,5,5,3,1,5,3,Yes,"Poor Work Life Balance, Low Job Satisfaction, High Stress",24-10-2023,mastergokul@gmail.com,7145719451,15
EMP01514,Nishith Dewan,53,Male,Finance,Financial Analyst,Masters,100788,26,Noida,29,Yes,2,3,1,1,50,4,0,6,4,1,5,No,Not Provided,16-02-2024,dharmajangoyal@gmail.com,5900788331,12
EMP01515,Raunak Mangat,24,Male,Operations,Supply Chain Analyst,MBA,119976,3,Bangalore,24,Yes,3,5,5,1,24,6,23,6,18,4,5,No,Not Provided,14-02-2019,tripathiemir@gmail.com,5369145833,9
EMP01516,Kismat Gola,38,Other,Sales,Business Development Associate,Diploma,179492,9,Chennai,12,Yes,1,2,2,3,14,0,14,12,20,5,5,Yes,"Poor Work Life Balance, Overtime, Low Job Satisfaction",10-03-2025,vchaudhary@manda-shroff.net,8311855282,15
EMP01517,Kiaan Luthra,60,Male,Customer Support,Support Executive,Masters,123135,35,Delhi,9,No,1,2,1,2,25,7,13,3,19,5,1,Yes,"Poor Work Life Balance, Low Job Satisfaction, Manager Issues",31-08-2018,siyataneja@kulkarni-goda.biz,5032981597,15
EMP01518,Sumer Sarin,55,Male,Customer Support,Support Executive,MBA,31390,34,Delhi,4,No,5,5,2,2,25,0,8,1,6,4,4,No,Not Provided,17-02-2026,oraja@yahoo.com,1627188843,7
EMP01519,Uthkarsh Shere,59,Female,Customer Support,Support Executive,Diploma,121076,30,Mumbai,27,No,5,3,4,5,17,10,22,2,14,3,1,No,Not Provided,28-10-2016,samairamanne@hotmail.com,5720619286,3
EMP01520,Zain Amble,31,Other,Marketing,Marketing Manager,Diploma,76980,9,Delhi,2,No,5,4,1,2,57,2,0,5,21,4,4,No,Not Provided,19-12-2018,zaradora@yadav.biz,9834528240,9
EMP01521,Shray Balan,53,Male,Finance,Accountant,Masters,93865,28,Delhi,12,No,3,1,1,2,2,9,16,3,22,3,2,No,Not Provided,12-12-2019,saanvi70@shah.com,7043790733,9
EMP01522,Urvi Kari,36,Female,Finance,Accountant,Masters,47512,9,Mumbai,22,Yes,5,2,2,3,46,6,13,14,7,3,2,No,Not Provided,31-01-2024,aptepurab@arya.com,8475108425,11
EMP01523,Ela Buch,22,Female,HR,HR Executive,Masters,101613,0,Kolkata,34,Yes,2,5,1,1,7,10,8,2,20,2,2,No,Not Provided,16-05-2017,ivanabatta@gmail.com,8314258291,12
EMP01524,Aarav Salvi,46,Female,Operations,Operations Executive,Bachelors,46288,25,Hyderabad,10,Yes,1,1,1,3,45,8,12,10,3,5,3,Yes,"Poor Work Life Balance, Overtime, Low Job Satisfaction",15-09-2022,urvi56@srivastava.com,1514207384,17
EMP01525,Hunar Chahal,43,Other,Finance,Accountant,MBA,70888,20,Delhi,35,No,5,4,2,5,69,9,1,14,20,1,3,No,Not Provided,02-09-2017,parinaazsinghal@butala-de.biz,5427408186,9
EMP01526,Nishith Bhardwaj,23,Female,Customer Support,Customer Success Manager,Bachelors,44090,0,Noida,37,No,3,4,1,4,50,9,22,7,11,2,2,No,Not Provided,28-06-2023,diyasahota@garg-bhatti.com,7188166089,5
EMP01527,Hunar Sem,53,Other,IT,Software Engineer,Bachelors,54488,23,Kolkata,26,No,3,5,3,4,33,3,0,2,25,5,1,No,Not Provided,09-12-2024,lakshitkalita@gmail.com,8590207332,6
EMP01528,Shaan Amble,30,Female,Finance,Finance Manager,MBA,163803,8,Mumbai,10,Yes,4,3,4,3,13,1,23,4,7,2,5,No,Not Provided,09-10-2020,rraj@hotmail.com,8339192921,2
EMP01529,Kashvi Dass,41,Female,Marketing,Content Strategist,MBA,72487,18,Mumbai,10,No,2,3,5,2,29,2,10,13,3,2,5,No,Not Provided,16-12-2022,suhanachaudhuri@hotmail.com,8158290202,7
EMP01530,Mahika Dutta,41,Male,IT,Data Analyst,Bachelors,84819,17,Kolkata,38,Yes,5,1,2,2,33,8,18,9,20,1,3,No,Not Provided,09-09-2020,shray39@kalla.org,3613150912,12
EMP01531,Myra Divan,28,Male,HR,HR Manager,Diploma,165282,3,Chennai,9,Yes,5,5,1,4,26,5,15,1,15,3,5,No,Not Provided,20-12-2022,cchaudhry@gmail.com,6329050221,6
EMP01532,Myra Sahota,55,Male,Operations,Supply Chain Analyst,Masters,98582,26,Noida,8,Yes,2,3,4,5,29,2,15,11,7,4,1,No,Not Provided,04-01-2017,kagrawal@doctor-agarwal.com,6474263371,10
EMP01533,Zeeshan Borde,54,Female,Operations,Supply Chain Analyst,Diploma,172109,24,Bangalore,39,Yes,3,2,2,3,6,8,7,5,4,5,3,Yes,"Overtime, Low Job Satisfaction, High Stress",23-07-2018,shamik55@grewal.com,3255974102,13
EMP01534,Taimur Ghosh,43,Other,Sales,Business Development Associate,MBA,64742,19,Bangalore,26,Yes,1,4,3,1,66,6,11,10,14,5,2,Yes,"Poor Work Life Balance, Overtime, Manager Issues",13-04-2022,diyadada@acharya.com,8517079160,15
EMP01535,Vanya Sen,26,Male,HR,HR Manager,Diploma,98835,4,Delhi,22,No,2,5,3,5,14,5,22,13,16,4,2,No,Not Provided,02-03-2026,vidurbahl@khare.com,418893627,10
EMP01536,Nitya Sengupta,48,Female,Finance,Financial Analyst,MBA,159501,24,Delhi,1,No,2,1,5,3,6,6,9,3,12,3,2,No,Not Provided,23-10-2025,yuvaan74@ramanathan-dubey.net,2416411803,8
EMP01537,Alia Ganesan,43,Female,Sales,Sales Executive,Bachelors,108151,14,Noida,3,No,4,4,4,5,20,3,7,15,23,3,3,No,Not Provided,03-10-2018,elakshi94@yahoo.com,1787037945,2
EMP01538,Lavanya Tailor,32,Female,Operations,Operations Executive,Masters,139961,10,Pune,34,Yes,4,1,4,4,21,10,12,5,9,1,1,No,Not Provided,11-06-2018,ghoshmiraya@mandal-iyengar.com,2507641122,8
EMP01539,Romil Ghosh,59,Male,HR,HR Executive,MBA,27041,33,Pune,29,No,2,4,4,1,49,6,8,15,0,3,1,No,Not Provided,14-07-2020,onkartella@yahoo.com,661682748,10
EMP01540,Anya Borra,45,Male,IT,System Admin,MBA,61824,20,Bangalore,34,No,1,4,2,2,37,9,20,2,6,2,4,No,Not Provided,03-09-2021,walimamooty@jaggi-gade.com,9160141808,10
EMP01541,Neysa Jaggi,51,Female,Not assigned,Customer Success Manager,Bachelors,133513,22,Mumbai,6,No,2,5,4,2,29,5,3,10,17,3,1,No,Not Provided,12-10-2020,mannatchandra@yahoo.com,6560211236,11
EMP01542,Mishti Bajaj,30,Male,Sales,Sales Executive,MBA,49493,8,Mumbai,33,No,4,2,3,5,25,9,21,8,5,1,5,No,Not Provided,01-03-2026,sahilsarkar@gmail.com,2338565354,6
EMP01543,Jayant Sen,56,Male,Sales,Business Development Associate,MBA,68079,33,Mumbai,1,No,3,5,4,3,21,8,4,1,24,4,3,No,Not Provided,16-11-2016,wjain@gmail.com,4310198388,7
EMP01544,Tara Jha,52,Male,Operations,Operations Executive,Bachelors,82207,26,Pune,24,No,1,5,1,2,78,4,17,11,0,5,1,No,Not Provided,13-10-2023,sinhamahika@khanna-dash.com,40337565,12
EMP01545,Nayantara Kibe,60,Male,Operations,Supply Chain Analyst,Bachelors,94659,32,Delhi,3,Yes,4,1,1,2,53,5,21,1,1,5,2,Yes,"Overtime, Low Job Satisfaction, Manager Issues",11-05-2023,samar15@borde.net,909681000,14
EMP01546,Diya Das,22,Male,Marketing,Marketing Manager,Masters,117680,0,Hyderabad,19,Yes,3,1,1,4,31,1,24,14,8,5,1,No,Not Provided,28-12-2016,samihacherian@hotmail.com,1576215951,12
EMP01547,Ira Garde,53,Female,IT,BI Developer,MBA,41125,25,Delhi,25,No,4,1,5,4,57,2,12,3,2,2,2,No,Not Provided,03-04-2020,zainadara@bir.com,8828634501,4
EMP01548,Dharmajan Bora,22,Female,Finance,Finance Manager,MBA,113068,0,Chennai,18,Yes,2,2,1,5,35,9,11,6,21,4,3,Yes,"Poor Work Life Balance, Overtime, Low Job Satisfaction",11-03-2026,ndara@gmail.com,1016673355,15
EMP01549,Baiju Lata,55,Female,Marketing,Content Strategist,MBA,177256,25,Pune,22,Yes,3,5,1,3,79,10,6,4,2,4,2,No,Not Provided,15-02-2023,jkohli@yahoo.com,5298063796,9
EMP01550,Ishaan Dara,57,Male,Finance,Accountant,Bachelors,168803,32,Chennai,5,Yes,1,3,1,4,48,7,19,6,1,2,4,No,Not Provided,30-10-2019,divitvora@sengupta.org,6550561844,9
EMP01551,Jivin Lalla,60,Male,Customer Support,Customer Success Manager,Bachelors,126659,32,Noida,7,No,4,4,1,4,70,8,16,9,10,5,1,No,Not Provided,29-03-2023,dhingrazara@gola.info,2711047015,7
EMP01552,Neysa Bala,47,Female,Sales,Business Development Associate,Bachelors,147967,22,Delhi,26,No,5,4,1,4,12,8,14,2,20,3,4,No,Not Provided,16-05-2022,raghavchaudhry@hotmail.com,1936848975,5
EMP01553,Saksham Virk,47,Female,Operations,Operations Executive,MBA,136675,22,Hyderabad,15,Yes,1,1,3,3,44,7,2,7,18,3,4,No,Not Provided,13-07-2024,charnakul@wagle.org,341647909,12
EMP01554,Eva Krishnan,53,Male,HR,HR Manager,Bachelors,176071,26,Chennai,24,No,5,5,5,5,53,8,20,11,13,2,1,No,Not Provided,13-08-2016,vritika08@sankar.com,9929474619,4
EMP01555,Rati Sem,59,Male,Marketing,Marketing Manager,Masters,33717,36,Pune,13,Yes,2,2,5,2,44,2,12,3,2,4,1,Yes,"Poor Work Life Balance, Overtime, Low Job Satisfaction",03-04-2022,nirvi44@gmail.com,2628967459,13
EMP01556,Vritika Guha,41,Male,Not assigned,Supply Chain Analyst,Diploma,177329,14,Pune,8,Yes,5,1,3,3,13,7,8,12,10,1,1,No,Not Provided,20-01-2023,khalsashamik@gandhi.org,7997199112,9
EMP01557,Riya Sandal,27,Other,HR,Recruiter,Masters,148927,7,Hyderabad,27,Yes,4,1,2,3,49,7,10,2,19,5,3,Yes,"Overtime, Low Job Satisfaction, High Stress",07-04-2018,grastogi@yahoo.com,1876070891,13
EMP01558,Ira Raman,22,Female,Finance,Finance Manager,Masters,98627,0,Hyderabad,34,No,5,4,5,1,63,3,24,7,12,3,2,No,Not Provided,19-08-2019,ojasbaral@char.info,9878576859,3
EMP01559,Shanaya Manne,54,Other,Not assigned,Operations Executive,Bachelors,177757,28,Hyderabad,12,Yes,2,5,4,1,73,8,3,15,8,2,1,Yes,"Poor Work Life Balance, Overtime, Manager Issues",11-05-2020,keya10@hotmail.com,3093709780,13
EMP01560,Uthkarsh Babu,42,Other,Operations,Supply Chain Analyst,Masters,164369,16,Delhi,33,No,4,4,5,4,38,0,12,3,2,2,1,No,Not Provided,12-10-2022,kchoudhary@rajagopal.com,6238847848,1
EMP01561,Sana Joshi,52,Female,HR,HR Manager,MBA,114097,28,Pune,34,No,2,1,2,1,24,9,21,8,9,4,4,Yes,"Poor Work Life Balance, Low Job Satisfaction, Manager Issues",12-11-2019,ochawla@gmail.com,886885552,16
EMP01562,Armaan Bhardwaj,26,Female,Customer Support,Support Executive,Bachelors,64564,4,Hyderabad,27,No,4,5,4,2,4,1,15,8,18,1,4,No,Not Provided,27-05-2024,ykeer@gmail.com,4122413018,3
EMP01563,Neelofar Grewal,40,Other,Operations,Operations Executive,Masters,78998,17,Delhi,38,Yes,1,3,4,2,20,5,14,3,8,1,4,No,Not Provided,06-09-2021,vardaniyaatwal@ramesh.com,905341583,10
EMP01564,Parinaaz Deol,44,Female,Marketing,Content Strategist,Masters,58867,21,Delhi,31,No,4,3,4,5,56,1,20,8,15,2,1,No,Not Provided,11-05-2024,himmat53@gmail.com,3518230946,1
EMP01565,Purab Subramaniam,46,Other,Marketing,SEO Specialist,Bachelors,94495,21,Chennai,16,Yes,1,5,4,4,39,5,1,2,9,1,2,No,Not Provided,18-03-2020,tejaslad@yahoo.com,225418699,9
EMP01566,Gokul Basak,25,Male,Sales,Business Development Associate,MBA,82101,3,Noida,38,Yes,3,4,5,4,56,10,4,6,15,2,1,No,Not Provided,04-11-2025,mgaba@yahoo.com,726355560,7
EMP01567,Devansh Goyal,51,Female,Operations,Operations Executive,Bachelors,58447,28,Bangalore,17,Yes,4,3,3,4,50,4,3,8,18,5,5,No,Not Provided,07-03-2018,hridaanchauhan@hotmail.com,4544698236,7
EMP01568,Shamik Karpe,28,Other,Customer Support,Support Executive,MBA,48630,0,Chennai,21,No,1,4,4,5,18,3,22,5,2,2,5,No,Not Provided,14-05-2022,prerakratti@hotmail.com,160892909,3
EMP01569,Eva Arora,41,Male,Finance,Finance Manager,Diploma,67210,15,Pune,33,Yes,3,4,1,5,60,7,11,2,18,2,1,No,Not Provided,21-09-2019,udhawan@srinivas.info,7957293228,7
EMP01570,Pari Andra,45,Other,Customer Support,Support Executive,Diploma,171227,25,Hyderabad,6,Yes,3,5,4,4,68,3,24,8,20,5,5,No,Not Provided,24-05-2018,mannegokul@yahoo.com,1772785081,5
EMP01571,Rohan Doshi,56,Female,Operations,Supply Chain Analyst,Diploma,26260,29,Chennai,37,No,4,2,4,1,53,5,13,3,14,2,3,No,Not Provided,09-12-2016,indranilkarnik@gmail.com,3488097660,8
EMP01572,Piya Dave,43,Female,IT,Software Engineer,MBA,129890,13,Bangalore,21,Yes,1,4,4,2,17,2,18,5,24,2,5,No,Not Provided,22-09-2024,kgola@butala-barad.com,447111868,7
EMP01573,Anvi Sidhu,53,Other,Sales,Sales Executive,Masters,116293,31,Delhi,15,No,4,2,3,3,78,4,17,7,13,3,5,No,Not Provided,05-03-2022,mahajankaira@yahoo.com,8648628847,3
EMP01574,Abram Keer,38,Male,Customer Support,Customer Success Manager,Masters,111270,18,Chennai,5,No,2,3,3,3,50,7,17,7,15,4,3,No,Not Provided,03-08-2023,zde@hotmail.com,746351401,8
EMP01575,Yashvi Seth,47,Female,Marketing,Content Strategist,Diploma,142398,22,Pune,18,No,4,2,3,3,3,4,18,1,24,5,2,No,Not Provided,15-05-2024,kapoorhunar@zacharia-kaur.net,7906017986,6
EMP01576,Ivana Toor,32,Female,Sales,Sales Manager,Bachelors,111762,9,Bangalore,27,Yes,2,2,1,2,8,3,3,1,8,4,1,Yes,"Poor Work Life Balance, Overtime, Low Job Satisfaction",04-07-2016,renee77@kant.net,1589882760,18
EMP01577,Siya Balan,55,Female,HR,HR Manager,Diploma,159885,33,Chennai,35,No,4,5,4,3,43,2,22,10,19,2,5,No,Not Provided,12-09-2021,ykapoor@bajaj.com,2960093685,3
EMP01578,Anika Kuruvilla,60,Male,Customer Support,Support Executive,MBA,125065,36,Hyderabad,19,No,4,3,2,5,4,1,1,6,18,2,1,No,Not Provided,12-05-2022,jbarman@yahoo.com,6390849086,4
EMP01579,Sana Salvi,40,Female,Operations,Operations Executive,MBA,134843,17,Delhi,39,No,3,5,4,5,18,0,17,14,9,4,1,No,Not Provided,22-03-2024,vedikarama@hotmail.com,9044496044,6
EMP01580,Vivaan Varkey,34,Other,HR,Recruiter,Masters,82072,13,Bangalore,20,No,2,4,1,4,9,8,4,12,7,2,4,No,Not Provided,06-08-2016,kabirdyal@krishna-sood.com,7392954629,11
EMP01581,Ojas Deol,28,Male,Sales,Sales Manager,Masters,106070,4,Delhi,21,Yes,1,3,5,1,7,3,19,15,15,1,3,No,Not Provided,09-01-2023,manjari17@gmail.com,6720494693,9
EMP01582,Dishani Iyengar,24,Other,Operations,Operations Executive,Diploma,44639,0,Kolkata,20,No,5,5,1,5,65,1,14,1,9,3,4,No,Not Provided,24-02-2020,shaangarde@raja-sanghvi.com,1477374802,2
EMP01583,Farhan Guha,40,Other,Customer Support,Support Executive,Masters,163224,17,Pune,9,Yes,2,3,2,4,70,2,15,10,18,1,3,No,Not Provided,20-04-2025,rde@swaminathan-sahota.com,7152173507,9
EMP01584,Samar Subramanian,21,Male,IT,Data Analyst,MBA,164782,0,Delhi,30,Yes,1,2,1,3,12,10,15,6,0,2,2,Yes,"Poor Work Life Balance, Overtime, Low Job Satisfaction",15-05-2021,reyanshranganathan@sathe.com,4875600531,13
EMP01585,Not Available,57,Other,Customer Support,Customer Success Manager,Masters,77835,27,Noida,17,Yes,1,1,2,3,14,6,3,15,6,5,1,Yes,"Poor Work Life Balance, Overtime, Low Job Satisfaction",18-08-2022,samairabalan@goswami.com,9031938281,19
EMP01586,Samar Rattan,40,Other,Marketing,Marketing Manager,MBA,49039,12,Noida,38,Yes,4,4,5,3,54,6,1,13,5,4,5,No,Not Provided,15-03-2026,fjohal@kar-varughese.info,2869646505,12
EMP01587,Darshit Dalal,54,Other,Sales,Business Development Associate,Masters,72152,32,Mumbai,18,No,4,2,3,5,10,3,16,3,3,1,5,No,Not Provided,04-02-2024,raunakhegde@hotmail.com,668451688,3
EMP01588,Vihaan Khurana,35,Female,IT,Software Engineer,Diploma,129900,7,Delhi,31,Yes,4,3,4,4,0,4,23,2,19,4,5,No,Not Provided,19-02-2019,ojastandon@gmail.com,9481102451,6
EMP01589,Heer Sami,60,Other,IT,System Admin,Bachelors,50274,38,Noida,3,Yes,4,3,5,1,2,10,23,6,11,2,4,No,Not Provided,14-12-2016,samihaiyer@deep-cheema.biz,6399720056,6
EMP01590,Siya Zachariah,60,Male,IT,Software Engineer,Diploma,30835,31,Delhi,4,Yes,5,1,3,3,30,9,18,12,21,3,5,No,Not Provided,09-04-2022,miraanbrar@yahoo.com,3733757783,9
EMP01591,Aarush Doshi,51,Other,Marketing,Content Strategist,Masters,85293,24,Bangalore,35,Yes,3,1,3,5,34,1,14,1,21,1,1,No,Not Provided,17-07-2019,amanivora@gmail.com,2922544990,6
EMP01592,Aarna Barman,38,Female,Marketing,Marketing Manager,Diploma,98933,10,Chennai,25,No,4,5,5,5,19,6,25,10,23,5,1,No,Not Provided,14-12-2019,sakshambava@solanki.info,3425263217,8
EMP01593,Mahika Buch,41,Male,Finance,Financial Analyst,Masters,77217,14,Kolkata,28,No,3,5,3,4,51,0,25,7,24,1,1,No,Not Provided,01-07-2021,aarush46@hotmail.com,7497863331,1
EMP01594,Biju Sarna,40,Female,Customer Support,Support Executive,MBA,139777,19,Delhi,13,No,5,3,1,3,19,6,25,15,5,4,1,No,Not Provided,08-11-2016,emir52@hotmail.com,9692223853,9
EMP01595,Kiaan Viswanathan,52,Male,Marketing,SEO Specialist,Masters,56748,27,Noida,33,Yes,5,3,1,2,48,1,16,8,25,3,1,No,Not Provided,04-03-2024,qmandal@mangal.com,6042069738,7
EMP01596,Rania Soman,26,Female,Sales,Business Development Associate,MBA,137094,6,Chennai,14,No,3,5,2,2,67,6,14,4,22,4,5,No,Not Provided,30-07-2020,gsahni@yahoo.com,8015631183,9
EMP01597,Indranil Raman,33,Male,Customer Support,Support Executive,Bachelors,159732,6,Noida,37,Yes,2,1,4,2,47,3,16,5,12,2,4,No,Not Provided,13-06-2025,advikamallick@khare.com,938551149,11
EMP01598,Krish Kalita,54,Female,Finance,Accountant,Diploma,140691,26,Noida,30,Yes,3,4,2,5,28,9,21,14,1,4,2,No,Not Provided,05-05-2021,fmallick@varma-kunda.info,739958117,12
EMP01599,Shanaya Hans,27,Female,HR,HR Manager,Masters,53251,4,Chennai,19,No,2,5,4,4,52,6,24,6,11,1,2,No,Not Provided,06-03-2020,ira90@yahoo.com,3725012604,5
EMP01600,Hazel Kanda,56,Male,Operations,Supply Chain Analyst,MBA,55970,31,Bangalore,5,Yes,3,5,1,4,44,6,13,4,11,4,4,No,Not Provided,15-09-2021,neysa49@hotmail.com,9515941986,9
EMP01601,Badal Rana,54,Female,Marketing,Content Strategist,Bachelors,167812,27,Hyderabad,34,Yes,5,5,1,4,66,4,8,10,9,4,1,No,Not Provided,04-05-2025,Not Generated,1231931451,10
EMP01602,Zeeshan Andra,57,Female,Customer Support,Customer Success Manager,Bachelors,68047,32,Delhi,19,Yes,2,1,1,4,47,5,23,3,10,2,4,No,Not Provided,30-01-2021,fagarwal@chaudhuri.com,929478245,12
EMP01603,Hansh Batra,23,Female,HR,Recruiter,Masters,133085,0,Mumbai,14,No,5,5,4,1,30,0,1,8,19,4,5,No,Not Provided,21-10-2022,koshysana@hotmail.com,9185129032,7
EMP01604,Shray Chada,25,Other,Marketing,SEO Specialist,MBA,122559,0,Chennai,18,No,4,2,4,5,67,0,4,7,25,4,3,No,Not Provided,13-04-2026,zkumer@agrawal.biz,3877883239,8
EMP01605,Sara Salvi,31,Other,HR,Recruiter,MBA,117141,3,Noida,31,No,1,3,3,2,54,9,14,12,12,1,5,No,Not Provided,01-04-2022,bhattirhea@chahal.com,1301528868,10
EMP01606,Misha Shankar,51,Female,Operations,Supply Chain Analyst,Bachelors,172920,29,Chennai,12,Yes,4,5,2,5,70,4,21,2,5,4,3,No,Not Provided,23-01-2019,vardaniya58@yohannan-dani.net,9317385312,7
EMP01607,Samar Ghosh,42,Female,IT,BI Developer,Diploma,65631,20,Noida,33,Yes,2,5,4,4,33,7,23,14,24,4,4,Yes,"Poor Work Life Balance, Overtime, High Stress",24-04-2024,rmannan@dara.com,6408027077,13
EMP01608,Fateh Ratti,51,Other,Customer Support,Support Executive,Diploma,104634.8542,24,Delhi,39,Yes,1,4,2,1,24,10,22,15,18,2,4,Yes,"Poor Work Life Balance, Overtime, Manager Issues",01-04-2023,jvarghese@johal.net,803369274,14
EMP01609,Samarth Varkey,36,Other,HR,HR Executive,Bachelors,134584,12,Bangalore,28,Yes,5,5,1,4,15,2,3,13,25,4,1,No,Not Provided,01-09-2023,jayan34@buch.info,1528942454,12
EMP01610,Hansh Dhawan,24,Male,HR,HR Manager,Masters,163295,0,Delhi,16,Yes,1,5,4,3,57,4,12,5,17,3,3,No,Not Provided,12-04-2022,ivan14@yahoo.com,6834982564,5
EMP01611,Zain Bhandari,55,Female,Operations,Operations Executive,MBA,57230,31,Mumbai,9,Yes,3,1,3,2,37,1,4,9,6,2,3,No,Not Provided,16-02-2017,stuvan49@chokshi.com,322991190,9
EMP01612,Miraya Gera,31,Male,Finance,Finance Manager,Bachelors,95699,6,Hyderabad,11,No,1,4,5,1,53,2,14,14,12,4,5,No,Not Provided,18-03-2024,bhardwajanay@gmail.com,9467970877,10
EMP01613,Kartik Kara,27,Female,HR,Recruiter,MBA,147144,0,Bangalore,32,No,1,2,5,1,47,3,18,12,12,5,5,Yes,"Poor Work Life Balance, Low Job Satisfaction, Manager Issues",21-10-2020,xsidhu@rama-tara.biz,2340652134,14
EMP01614,Keya Ravi,33,Male,HR,Recruiter,MBA,159556,11,Pune,36,No,5,5,1,2,35,10,24,11,17,4,5,No,Not Provided,11-12-2018,akhurana@lata.com,8725524848,12
EMP01615,Rati Wadhwa,41,Male,Operations,Operations Executive,Diploma,102936.097,12,Hyderabad,18,No,4,2,1,1,21,7,18,6,8,2,1,No,Not Provided,15-10-2019,tarini37@hotmail.com,8653357906,9
EMP01616,Anika Rajan,44,Other,Customer Support,Support Executive,Bachelors,106249,15,Hyderabad,15,No,2,3,1,5,68,9,10,12,13,3,1,No,Not Provided,03-09-2024,vkannan@yahoo.com,1043738193,9
EMP01617,Diya Kunda,32,Male,Sales,Sales Manager,MBA,124155,10,Mumbai,4,Yes,2,2,5,4,75,10,6,3,9,4,5,Yes,"Poor Work Life Balance, Overtime, Low Job Satisfaction",06-11-2017,dayalsiya@hotmail.com,3266447690,13
EMP01618,Mahika Sabharwal,22,Female,HR,HR Manager,Masters,66500,0,Mumbai,21,No,2,4,2,2,15,1,15,3,7,1,4,No,Not Provided,21-03-2025,chiragkalla@hotmail.com,3092844590,7
EMP01619,Reyansh Lad,39,Female,Finance,Accountant,Masters,125872,15,Hyderabad,40,Yes,4,5,4,5,30,1,19,1,25,4,3,No,Not Provided,07-04-2024,kondasamarth@yahoo.com,6963138011,6
EMP01620,Anay Madan,51,Female,Finance,Accountant,Masters,155554,26,Kolkata,32,No,2,5,2,1,22,0,4,2,9,3,2,No,Not Provided,24-10-2018,gokul83@gara.biz,3409829085,10
EMP01621,Advika Krishna,25,Female,HR,Recruiter,Bachelors,48631,4,Hyderabad,18,No,1,5,4,1,55,9,7,4,15,2,5,No,Not Provided,29-03-2018,sarmaalisha@hotmail.com,4754939381,7
EMP01622,Kismat Yogi,37,Other,IT,Software Engineer,MBA,87305,10,Kolkata,14,Yes,1,4,2,4,35,7,24,1,9,1,5,No,Not Provided,28-04-2021,shaan97@arya.com,9084562868,9
EMP01623,Vivaan Gour,28,Female,Marketing,SEO Specialist,Masters,147153,0,Mumbai,29,Yes,1,5,3,5,8,4,23,9,12,1,2,No,Not Provided,12-03-2023,kandabhavin@dyal.net,6292004729,6
EMP01624,Dhruv Tandon,24,Other,IT,SEO Specialist,MBA,113903,0,Hyderabad,12,No,5,5,4,1,74,4,23,14,5,1,1,No,Not Provided,19-08-2017,bandidiya@verma.org,4015332311,4
EMP01625,Samaira Chhabra,56,Female,IT,System Admin,Diploma,45940,26,Chennai,23,No,3,1,3,4,59,8,14,9,5,2,1,No,Not Provided,13-02-2025,cbalan@yahoo.com,7420451517,5
EMP01626,Madhup Thakkar,24,Male,Sales,Sales Manager,MBA,135005,3,Noida,11,No,3,2,4,2,8,6,21,5,2,4,2,No,Not Provided,16-07-2018,miraya06@chana.com,9016665858,10
EMP01627,Miraan Kara,56,Other,Sales,Business Development Associate,Diploma,59612,34,Hyderabad,28,No,3,2,3,1,10,1,19,7,8,4,1,No,Not Provided,17-05-2019,samarthwali@mander.biz,1003147563,9
EMP01628,Rania Rajagopal,28,Male,HR,HR Manager,Bachelors,172778,0,Pune,22,No,5,1,1,5,36,0,3,12,20,4,1,No,Not Provided,23-08-2019,korpalyashvi@lata.com,870494254,12
EMP01629,Devansh Sibal,60,Female,HR,HR Manager,Masters,78945,30,Pune,10,No,3,1,3,4,11,5,8,1,8,4,3,No,Not Provided,10-03-2020,sumer44@ahuja-bora.com,9024518987,8
EMP01630,Manjari Dhillon,21,Male,Customer Support,Customer Success Manager,MBA,98611,0,Mumbai,9,No,4,2,3,4,30,4,21,11,12,4,3,No,Not Provided,22-11-2024,psen@hotmail.com,2281360973,8
EMP01631,Aaryahi Dyal,41,Male,IT,Software Engineer,Masters,163383,17,Pune,8,Yes,1,1,5,1,19,10,16,14,9,1,1,Yes,"Poor Work Life Balance, Overtime, Low Job Satisfaction",28-06-2021,dchana@yahoo.com,7089947188,14
EMP01632,Eva Ray,24,Male,Not assigned,Finance Manager,Diploma,93858,4,Mumbai,14,No,5,2,5,3,53,9,2,2,18,2,2,No,Not Provided,06-02-2022,ela30@varma-sundaram.org,6574678588,7
EMP01633,Rasha Shah,47,Female,Sales,Sales Executive,Bachelors,77269,26,Chennai,7,Yes,2,5,2,3,40,5,12,15,3,2,1,No,Not Provided,25-12-2022,ashankar@halder.com,7893064102,11
EMP01634,Nitara Khalsa,60,Other,Customer Support,Customer Success Manager,Masters,176773,37,Mumbai,10,Yes,5,4,5,4,39,10,25,4,2,4,4,No,Not Provided,01-05-2018,lalaadira@hotmail.com,7444668515,7
EMP01635,Yuvaan Kant,59,Other,Sales,Business Development Associate,Bachelors,155498,35,Chennai,32,No,5,3,5,3,9,4,19,3,15,4,2,No,Not Provided,02-11-2020,ttella@gmail.com,5732235778,4
EMP01636,Taimur Bobal,60,Male,Operations,Operations Executive,Diploma,68944,36,Hyderabad,1,Yes,1,3,4,1,1,2,9,5,10,5,5,No,Not Provided,14-10-2024,gopalbaiju@yahoo.com,8710566608,10
EMP01637,Zaina Rajan,39,Male,IT,Data Analyst,Diploma,145431,16,Noida,5,No,3,5,2,5,17,1,5,1,2,2,5,No,Not Provided,18-12-2020,nehmat88@shankar.com,930231229,4
EMP01638,Lakshay Raval,25,Male,HR,HR Manager,MBA,152589,0,Kolkata,36,No,3,1,2,4,41,4,6,4,1,5,4,No,Not Provided,17-11-2024,vaibhavraja@gmail.com,2551593178,9
EMP01639,Raghav Vohra,59,Male,Operations,Supply Chain Analyst,MBA,115983,33,Hyderabad,28,No,2,3,5,4,18,4,4,14,17,4,2,No,Not Provided,26-05-2019,lsubramanian@hotmail.com,7063027678,11
EMP01640,Hunar De,55,Female,Marketing,Marketing Manager,Bachelors,43693,29,Hyderabad,27,Yes,5,3,4,1,15,9,8,5,0,2,1,No,Not Provided,26-04-2019,dinadvik@gmail.com,732968740,7
EMP01641,Uthkarsh Korpal,23,Female,Finance,Accountant,Masters,169737,0,Mumbai,20,Yes,2,1,2,5,53,9,17,13,14,5,4,Yes,"Poor Work Life Balance, Overtime, Low Job Satisfaction",08-05-2021,atalwar@yahoo.com,1557132350,17
EMP01642,Zara Shankar,59,Female,IT,BI Developer,Bachelors,89973,35,Bangalore,18,Yes,4,2,1,3,46,6,24,6,16,3,4,No,Not Provided,23-11-2024,gandhitrisha@hotmail.com,6676083130,9
EMP01643,Divij Sridhar,59,Other,Sales,Sales Executive,Bachelors,156442,38,Hyderabad,17,Yes,4,5,2,5,67,5,18,12,4,3,2,No,Not Provided,19-12-2024,hiranmandal@brar.com,6329159862,8
EMP01644,Charvi Chaudhari,32,Female,Operations,Operations Executive,Diploma,60978,3,Chennai,13,No,1,3,2,3,10,9,15,7,13,3,1,No,Not Provided,28-06-2022,aarna15@gmail.com,1771611405,7
EMP01645,Heer Bandi,46,Male,Marketing,Marketing Manager,Masters,118418,17,Mumbai,6,Yes,5,1,5,5,4,5,3,6,4,1,3,No,Not Provided,02-12-2020,uhanda@amble-reddy.net,5584531839,9
EMP01646,Shayak Garde,31,Male,Sales,Sales Manager,Bachelors,178181,5,Delhi,36,Yes,4,5,1,1,55,2,21,7,6,5,3,No,Not Provided,21-05-2020,alisha20@hotmail.com,5502899028,10
EMP01647,Aarush Reddy,37,Other,Finance,Accountant,Diploma,42017,17,Noida,29,No,2,1,3,3,14,8,7,2,14,2,5,No,Not Provided,13-09-2022,biswasojas@gmail.com,6749861586,9
EMP01648,Amani Kumer,34,Male,Sales,Sales Executive,Bachelors,94081,7,Noida,31,Yes,1,5,3,4,15,1,4,11,22,1,4,No,Not Provided,22-11-2025,sahotahimmat@yahoo.com,7399512443,10
EMP01649,Onkar Joshi,25,Other,Customer Support,Support Executive,Diploma,31252,3,Chennai,23,Yes,2,2,4,4,36,8,9,2,3,4,2,Yes,"Poor Work Life Balance, Overtime, Low Job Satisfaction",14-11-2023,Not Generated,9524902573,13
EMP01650,Azad Kunda,33,Other,Marketing,Content Strategist,Diploma,125896,13,Noida,33,No,3,1,4,2,16,10,10,1,18,4,3,No,Not Provided,01-11-2022,anika07@yahoo.com,7848646989,11
EMP01651,Riaan Anand,44,Female,Finance,Accountant,Bachelors,119478,21,Mumbai,36,No,4,2,2,3,60,7,15,5,4,3,2,No,Not Provided,28-11-2022,raghavdin@bhavsar-koshy.org,4524982737,8
EMP01652,Faiyaz Walia,38,Female,Marketing,Marketing Manager,Bachelors,51935,16,Kolkata,11,Yes,3,1,5,5,55,5,5,2,16,3,1,No,Not Provided,13-11-2021,heer40@keer.com,7147098191,9
EMP01653,Anaya Saxena,46,Other,IT,Data Analyst,MBA,169485,22,Kolkata,6,No,1,4,2,4,17,9,10,7,4,5,5,No,Not Provided,24-05-2021,dsanghvi@kumar-bali.info,5114631446,10
EMP01654,Tejas Bath,52,Male,Marketing,Marketing Manager,MBA,163364,24,Delhi,36,Yes,5,2,5,4,62,4,25,4,8,5,1,No,Not Provided,01-03-2023,samraaaina@babu-varughese.com,2777544498,9
EMP01655,Lavanya Ganesh,50,Other,HR,HR Executive,Bachelors,94944,27,Mumbai,23,Yes,2,4,1,1,55,7,21,9,0,3,3,No,Not Provided,06-02-2018,frajagopal@gmail.com,5865090015,11
EMP01656,Nakul Rana,37,Other,Not assigned,Sales Executive,Masters,37139,10,Chennai,25,No,1,2,3,4,61,1,11,5,6,2,5,No,Not Provided,26-12-2022,mviswanathan@hotmail.com,3484818124,7
EMP01657,Shlok Talwar,45,Female,Customer Support,Customer Success Manager,MBA,51929,21,Pune,28,No,4,3,1,3,69,0,6,1,23,4,1,No,Not Provided,15-01-2024,hvarghese@yahoo.com,6864444779,6
EMP01658,Anaya Banerjee,36,Female,Finance,Financial Analyst,Diploma,164306,7,Delhi,13,Yes,1,4,2,1,63,4,9,13,3,3,4,No,Not Provided,21-02-2022,faiyaz66@gmail.com,1888933941,11
EMP01659,Charvi Anand,31,Female,Finance,Financial Analyst,Masters,153017,9,Kolkata,35,Yes,1,2,5,3,35,4,10,3,21,5,5,No,Not Provided,01-04-2025,agarwalakarsh@kar.com,8217136838,12
EMP01660,Lakshay Sama,25,Female,IT,System Admin,MBA,37437,0,Mumbai,32,No,2,4,4,4,35,1,11,12,15,2,3,No,Not Provided,10-11-2021,ebhalla@hotmail.com,5281264683,6
EMP01661,Jiya Jha,46,Female,Finance,Accountant,Bachelors,41765,23,Chennai,25,No,5,4,3,2,43,1,17,7,0,5,2,No,Not Provided,19-02-2017,dhaliwalishaan@yahoo.com,9482711610,6
EMP01662,Fateh Dass,31,Other,Finance,Business Development Associate,MBA,133241,1,Bangalore,26,No,2,1,5,4,52,6,9,5,12,1,2,No,Not Provided,16-12-2024,fateh36@hotmail.com,3711571823,9
EMP01663,Nitya Ramakrishnan,45,Female,Operations,Operations Executive,Bachelors,74101,18,Kolkata,26,Yes,2,5,1,4,14,0,10,8,16,2,4,No,Not Provided,22-10-2016,abram90@thaker.com,1561469058,8
EMP01664,Ishita Edwin,36,Male,Sales,Business Development Associate,Masters,111855,12,Hyderabad,26,No,1,3,1,1,7,10,24,1,7,5,2,Yes,"Poor Work Life Balance, Manager Issues, High Stress",16-05-2016,uthkarshmann@samra.net,4682598596,13
EMP01665,Aaina Sandhu,22,Other,HR,HR Executive,MBA,106855,0,Bangalore,28,No,1,4,3,5,35,3,16,2,22,2,1,No,Not Provided,26-12-2025,dharmajanmanne@bora-lad.biz,9672839543,4
EMP01666,Yashvi Doctor,45,Female,IT,BI Developer,Diploma,156710,24,Delhi,26,No,3,5,2,5,30,8,12,3,3,4,4,No,Not Provided,03-05-2024,ylal@shukla.com,4130424435,8
EMP01667,Riaan Bose,41,Other,Sales,Business Development Associate,Masters,53466,12,Chennai,22,Yes,5,4,4,2,52,5,3,13,6,4,3,Yes,"Overtime, Manager Issues, High Stress",01-10-2024,devansh94@lad.com,7066677326,13
EMP01668,Eshani Iyer,24,Other,Operations,Supply Chain Analyst,Bachelors,147837,0,Mumbai,19,No,2,1,2,1,53,9,25,8,12,2,3,No,Not Provided,11-05-2019,piyaray@thakkar.com,9169098753,12
EMP01669,Kanav Mann,30,Female,Customer Support,Support Executive,Bachelors,106401,0,Kolkata,40,No,5,1,2,1,77,6,10,6,5,3,1,No,Not Provided,04-10-2020,thamanheer@kaur.com,997206282,10
EMP01670,Pranay Krishna,59,Other,Customer Support,Support Executive,MBA,73457,31,Bangalore,38,Yes,1,3,5,5,60,5,9,2,21,4,5,No,Not Provided,20-02-2024,Not Generated,3826709732,11
EMP01671,Veer Konda,54,Female,Finance,Accountant,Bachelors,56361,28,Bangalore,15,No,5,5,1,5,43,5,14,15,4,5,3,No,Not Provided,31-07-2022,samarjha@tiwari.com,4859981443,9
EMP01672,Adira Chana,40,Male,HR,HR Executive,Bachelors,25837,20,Pune,29,Yes,3,4,5,5,53,0,2,9,1,1,2,No,Not Provided,09-09-2024,kimaya22@hotmail.com,9281736334,5
EMP01673,Yuvaan Jha,54,Female,Sales,Sales Executive,Masters,169560,33,Noida,3,Yes,1,4,2,4,33,10,12,7,4,1,3,No,Not Provided,17-03-2022,asani@yahoo.com,6236080853,9
EMP01674,Nehmat Raju,52,Male,Sales,Business Development Associate,Diploma,159414,25,Bangalore,22,No,1,1,1,3,40,4,1,8,20,2,1,No,Not Provided,05-10-2020,anahigarde@yahoo.com,1913425382,10
EMP01675,Urvi Singhal,23,Male,Operations,Supply Chain Analyst,MBA,26794,3,Kolkata,4,No,4,4,4,1,6,8,5,12,12,3,3,No,Not Provided,02-12-2017,ganesaneva@saraf.com,8080784829,8
EMP01676,Shanaya Aggarwal,31,Female,HR,HR Executive,MBA,74490,9,Mumbai,27,Yes,3,3,2,2,17,7,22,2,1,4,4,No,Not Provided,22-05-2022,alisha95@gmail.com,37778330,12
EMP01677,Zara Bumb,46,Male,IT,System Admin,Diploma,129330,25,Noida,35,No,1,5,2,2,51,7,13,9,11,3,4,No,Not Provided,06-01-2024,qsant@yahoo.com,4124793236,10
EMP01678,Nirvi Kalita,27,Other,Sales,Sales Executive,Diploma,99949,0,Hyderabad,29,Yes,1,3,2,2,27,1,3,15,25,3,5,Yes,"Poor Work Life Balance, Overtime, Manager Issues",16-03-2018,anahi18@dhawan.info,5824822199,14
EMP01679,Adira Sant,34,Other,Sales,Sales Executive,Diploma,153925,7,Chennai,27,No,1,2,1,5,19,10,0,7,23,4,5,Yes,"Poor Work Life Balance, Low Job Satisfaction, High Stress",07-12-2016,fatehchaudhari@gmail.com,491605540,16
EMP01680,Rhea Dora,42,Other,HR,HR Executive,Diploma,29843,14,Noida,17,No,5,4,1,2,44,3,17,12,3,3,1,No,Not Provided,23-06-2019,kandaraghav@yahoo.com,8769354793,6
EMP01681,Devansh Ratti,29,Male,Operations,Supply Chain Analyst,MBA,75974,4,Pune,1,Yes,4,3,5,4,14,3,11,7,3,3,4,No,Not Provided,07-08-2023,ekata@yahoo.com,8690491929,2
EMP01682,Misha Dutt,57,Other,Marketing,Marketing Manager,Bachelors,159833,37,Pune,12,No,4,1,4,5,14,2,22,3,23,2,4,No,Not Provided,24-09-2017,siyavarughese@sangha.info,7439565103,3
EMP01683,Shaan Ravel,22,Female,IT,BI Developer,Masters,114932,0,Bangalore,24,Yes,2,2,5,3,4,0,9,4,4,5,2,No,Not Provided,10-04-2022,ctandon@gmail.com,3265684460,11
EMP01684,Lavanya Dash,39,Female,Customer Support,Support Executive,Diploma,45515,18,Delhi,19,No,3,3,4,3,60,0,23,1,14,1,3,No,Not Provided,12-03-2018,umanggole@gmail.com,9167962240,0
EMP01685,Onkar Kaur,59,Male,IT,Software Engineer,Bachelors,29351,30,Mumbai,28,No,4,1,3,3,37,1,25,13,11,5,4,No,Not Provided,04-07-2025,madhav08@shetty-thakur.com,7961862997,9
EMP01686,Samarth Kala,23,Other,IT,Data Analyst,MBA,113445,0,Chennai,34,Yes,1,2,4,2,42,6,15,15,24,5,1,Yes,"Poor Work Life Balance, Overtime, Low Job Satisfaction",12-04-2020,vidur17@yahoo.com,1570503750,18
EMP01687,Ahana  Sharma,52,Male,Finance,Finance Manager,Bachelors,67165,25,Chennai,21,No,2,1,1,1,25,5,22,12,10,5,5,Yes,"Poor Work Life Balance, Low Job Satisfaction, Manager Issues",26-12-2021,wbuch@khatri.com,5840637631,17
EMP01688,Vritika Zacharia,38,Female,Finance,Accountant,Diploma,84839,9,Hyderabad,3,Yes,2,3,2,4,10,0,10,10,19,3,5,No,Not Provided,02-04-2020,daliatiya@manne-bedi.net,5299233380,9
EMP01689,Nitya Korpal,60,Male,Marketing,Content Strategist,Diploma,82704,33,Delhi,23,Yes,3,3,2,2,71,1,23,6,10,4,2,No,Not Provided,15-01-2026,shuklavidur@gmail.com,5249987249,9
EMP01690,Hunar Atwal,38,Female,Sales,Sales Manager,MBA,131940,18,Hyderabad,11,No,5,5,2,5,43,6,0,10,22,3,5,No,Not Provided,31-05-2023,darshitgola@gmail.com,1166892437,8
EMP01691,Mannat Kapur,38,Male,Sales,Sales Manager,Masters,51214,12,Pune,24,Yes,5,3,3,1,2,8,2,9,4,4,2,No,Not Provided,03-12-2020,chokshiadvik@yahoo.com,1169033877,11
EMP01692,Shamik Dada,27,Female,IT,System Admin,MBA,37365,7,Mumbai,3,No,3,5,4,1,48,4,17,6,7,5,3,No,Not Provided,09-12-2019,samamadhup@mannan-suri.com,9119502476,5
EMP01693,Lagan Bhavsar,23,Male,IT,BI Developer,Bachelors,39690,2,Pune,29,No,4,2,4,1,11,4,25,5,18,4,4,No,Not Provided,29-07-2016,deshpandedishani@ganesan.com,3603628150,9
EMP01694,Prerak Arora,44,Other,IT,Data Analyst,MBA,70787,14,Noida,18,Yes,3,2,2,2,23,5,15,9,20,1,2,No,Not Provided,21-12-2024,sanghvineysa@hotmail.com,4761966578,11
EMP01695,Rasha Venkatesh,41,Female,IT,Data Analyst,Diploma,33447,17,Pune,11,Yes,5,3.039382866,1,1,32,6,9,9,15,4,4,No,Not Provided,14-12-2017,dhanush35@sant-gupta.com,1351201103,11
EMP01696,Nirvaan Vyas,60,Male,Marketing,Content Strategist,MBA,110347,30,Mumbai,29,No,3,3,2,2,60,7,4,13,7,3,4,No,Not Provided,25-01-2019,wdevi@yahoo.com,3784516147,11
EMP01697,Stuvan Dasgupta,44,Male,IT,Data Analyst,Diploma,74868,19,Chennai,3,Yes,4,4,4,1,30,8,13,9,2,1,3,No,Not Provided,23-01-2022,advika39@loke-anne.info,6954404050,6
EMP01698,Badal Ram,27,Other,Sales,Sales Executive,Bachelors,128168,0,Mumbai,13,No,1,3,5,5,20,4,2,9,4,5,5,No,Not Provided,04-12-2020,onkarsankar@gour.com,872313580,8
EMP01699,Trisha Saini,60,Female,Operations,Supply Chain Analyst,Diploma,51925,38,Hyderabad,36,No,3,4,3,3,46,0,0,10,20,3,5,No,Not Provided,09-03-2025,parinaazrajagopal@divan.net,5606163216,5
EMP01700,Ivana Hari,55,Male,Finance,Supply Chain Analyst,Diploma,66237,35,Mumbai,9,No,5,3,1,4,68,8,21,3,16,4,2,No,Not Provided,14-08-2021,madananiruddh@grewal.com,3072332014,7
EMP01701,Krish D’Alia,35,Female,Customer Support,Support Executive,Bachelors,145957,15,Kolkata,13,Yes,3,2,5,5,24,2,9,8,3,4,2,No,Not Provided,08-04-2025,darapurab@hotmail.com,2085109629,8
EMP01702,Damini Kumar,21,Other,Operations,Operations Executive,Bachelors,43149,0,Kolkata,5,Yes,1,4,5,1,24,3,1,7,25,3,3,No,Not Provided,01-12-2016,yakshit52@hotmail.com,8523507353,9
EMP01703,Yasmin Jhaveri,51,Other,Sales,Sales Manager,Bachelors,163155,21,Hyderabad,37,Yes,2,1,5,2,61,8,22,6,10,2,4,Yes,"Poor Work Life Balance, Overtime, Low Job Satisfaction",16-04-2021,anaya29@hotmail.com,8938113034,13
EMP01704,Charvi Sidhu,24,Female,IT,System Admin,Bachelors,40304,0,Hyderabad,20,No,5,4,1,5,9,7,14,2,21,2,5,No,Not Provided,02-04-2026,nthaker@hotmail.com,9949099447,4
EMP01705,Ayesha Dada,30,Other,Operations,Operations Executive,MBA,129553,9,Pune,23,Yes,5,2,4,4,76,2,19,11,6,4,4,No,Not Provided,15-05-2019,ladtrisha@hotmail.com,7933114000,10
EMP01706,Tara Varma,24,Female,IT,Software Engineer,Masters,97955,4,Mumbai,29,No,3,3,2,3,25,8,24,15,25,2,3,No,Not Provided,20-07-2023,drishyadutt@hotmail.com,5958735334,7
EMP01707,Ojas Butala,41,Male,Finance,Accountant,Masters,41935,19,Kolkata,28,No,2,5,3,3,14,2,8,10,0,4,5,No,Not Provided,30-07-2018,aarav05@bhasin-bal.com,6029028046,9
EMP01708,Bhamini Dayal,51,Female,Finance,Finance Manager,Masters,71262,23,Delhi,1,Yes,4,2,2,3,62,4,18,14,3,3,3,No,Not Provided,15-04-2017,dvenkatesh@kanda.biz,3902046351,9
EMP01709,Shamik Bumb,36,Other,IT,Data Analyst,Diploma,140353,7,Hyderabad,30,Yes,2,2,1,3,40,5,24,9,22,5,5,Yes,"Poor Work Life Balance, Overtime, Low Job Satisfaction",26-04-2022,hdate@jha.org,3183072373,16
EMP01710,Anay Char,28,Other,Marketing,SEO Specialist,MBA,65209,0,Bangalore,2,Yes,1,2,1,3,14,7,23,9,14,4,4,Yes,"Poor Work Life Balance, Overtime, Low Job Satisfaction",08-06-2024,fateh24@gandhi.com,3970986132,15
EMP01711,Anay Sethi,43,Male,IT,System Admin,Bachelors,124954,19,Mumbai,6,No,3,5,4,5,58,8,1,12,1,5,3,No,Not Provided,31-12-2022,keya27@gmail.com,4228016243,9
EMP01712,Alia Luthra,55,Female,Sales,Sales Manager,MBA,115954,34,Chennai,2,No,4,2,2,4,77,6,0,13,3,3,1,No,Not Provided,16-10-2024,subramanianryan@dutt.biz,6264131715,11
EMP01713,Indrans Raj,37,Other,Sales,Sales Manager,Bachelors,45419,17,Bangalore,2,Yes,1,2,2,4,19,9,7,4,24,5,5,Yes,"Poor Work Life Balance, Overtime, Low Job Satisfaction",03-02-2026,malhotrarania@yahoo.com,1737333150,15
EMP01714,Ryan Dar,53,Male,Operations,Operations Executive,MBA,77616,33,Bangalore,19,Yes,2,4,2,4,54,4,1,5,20,1,2,No,Not Provided,23-06-2017,obhardwaj@hotmail.com,3586320059,9
EMP01715,Dharmajan Sidhu,33,Female,Customer Support,Support Executive,Masters,154328,8,Bangalore,36,No,5,1,5,4,6,1,13,6,24,2,3,No,Not Provided,24-11-2024,tejaskar@gmail.com,3988057849,4
EMP01716,Uthkarsh Bhattacharyya,42,Other,Marketing,Marketing Manager,MBA,163454,13,Bangalore,21,No,3,3.039382866,1,1,20,3,5,11,13,4,2,No,Not Provided,11-08-2025,Not Generated,9528128976,11
EMP01717,Divyansh Soni,32,Female,Finance,Financial Analyst,Masters,36795,9,Noida,18,No,3,3,2,1,80,7,11,10,10,4,4,No,Not Provided,18-07-2025,madhupsidhu@desai-master.net,7237499703,11
EMP01718,Stuvan Karpe,44,Male,Operations,Supply Chain Analyst,Diploma,159742,16,Chennai,31,No,2,5,2,4,72,9,25,9,16,4,5,No,Not Provided,19-09-2020,ikamdar@gmail.com,949304563,11
EMP01719,Divit Soni,58,Other,Sales,Business Development Associate,Diploma,103760.1093,37,Mumbai,28,Yes,3,2,5,3,17,5,9,6,25,1,2,No,Not Provided,21-08-2021,jayansastry@hotmail.com,3400847859,8
EMP01720,Rhea Ratta,47,Female,Customer Support,Customer Success Manager,Masters,174021,20,Noida,32,No,5,3,1,4,37,0,14,2,1,4,4,No,Not Provided,06-06-2024,zdin@yahoo.com,7250890952,6
EMP01721,Miraan Sama,47,Other,Marketing,Content Strategist,MBA,79963,22,Bangalore,8,Yes,1,3,2,2,43,9,7,15,15,5,5,Yes,"Poor Work Life Balance, Overtime, Manager Issues",03-09-2023,cacharya@dave.net,1085169410,16
EMP01722,Shaan Vala,51,Female,Marketing,Content Strategist,Diploma,118513,26,Pune,16,No,1,2,1,3,34,9,9,1,24,2,2,No,Not Provided,24-05-2016,hunar41@kala.com,1082435940,10
EMP01723,Nirvaan Bail,48,Female,IT,Support Executive,Bachelors,173432,21,Hyderabad,31,No,4,3,4,3,62,4,20,1,7,4,2,No,Not Provided,25-08-2021,bhavsaranya@gmail.com,5990527767,4
EMP01724,Ayesha Divan,37,Male,Customer Support,Support Executive,Diploma,92655,12,Noida,24,Yes,2,3,2,5,15,9,22,3,17,4,5,No,Not Provided,11-07-2025,darshit07@sodhi-tiwari.com,961527445,12
EMP01725,Oorja Sama,55,Male,IT,System Admin,Bachelors,94622,31,Delhi,15,Yes,1,2,4,4,5,4,9,6,1,2,1,No,Not Provided,04-10-2020,senyuvaan@grewal-varughese.org,980797706,8
EMP01726,Priyansh Zachariah,52,Other,Finance,Financial Analyst,MBA,75457,23,Bangalore,26,Yes,3,3,5,1,7,9,19,1,11,3,2,No,Not Provided,22-01-2026,kiaantrivedi@hotmail.com,8260928259,7
EMP01727,Samiha Kale,42,Other,Operations,Supply Chain Analyst,Bachelors,100196.4006,17,Noida,16,Yes,3,3,1,5,56,5,18,5,16,2,4,No,Not Provided,18-09-2016,sdhar@gmail.com,384476992,6
EMP01728,Shamik Gokhale,42,Other,Operations,Supply Chain Analyst,Bachelors,165454,15,Bangalore,16,Yes,5,5,2,1,60,7,17,3,23,4,1,No,Not Provided,12-09-2021,sarinraunak@yahoo.com,574544142,11
EMP01729,Pari Shanker,30,Female,Marketing,Marketing Manager,Masters,175016,9,Noida,33,No,1,4,5,2,48,5,24,1,9,1,1,No,Not Provided,29-04-2020,chaudhariadah@golla.org,2295598053,8
EMP01730,Kaira Dube,28,Female,Not assigned,Business Development Associate,Masters,26567,0,Hyderabad,22,No,2,4,4,3,21,10,1,12,21,5,4,No,Not Provided,13-11-2024,heer89@khatri-bhatia.com,7387918746,12
EMP01731,Nitara Agrawal,46,Female,Operations,Operations Executive,MBA,177617,23,Delhi,37,Yes,5,5,2,2,35,1,14,15,3,1,5,No,Not Provided,08-04-2025,veerrastogi@rana.com,133308794,9
EMP01732,Adah Kant,17,Other,Sales,Sales Executive,Diploma,62870,11,Noida,5,No,5,1,4,1,9,10,11,15,21,5,2,No,Not Provided,12-05-2017,diyaganesan@chadha-shroff.info,8363698,12
EMP01733,Faiyaz Kaur,45,Other,Finance,SEO Specialist,Masters,139922,23,Noida,26,No,5,3.039382866,2,3,33,7,1,5,12,5,3,No,Not Provided,26-03-2017,mehul46@vaidya.com,4851879736,10
EMP01734,Aniruddh Rao,31,Male,IT,Data Analyst,Masters,71402,8,Mumbai,9,Yes,4,2,3,5,72,4,13,12,9,4,1,No,Not Provided,26-12-2019,saira18@kapadia-agrawal.info,6286966541,10
EMP01735,Jhanvi Rao,51,Female,IT,BI Developer,Diploma,85061,28,Kolkata,38,No,5,1,4,1,9,8,25,6,22,3,1,No,Not Provided,03-11-2023,bassiarmaan@deep.info,6528258356,8
EMP01736,Nayantara Thakur,34,Female,IT,BI Developer,Bachelors,142195,4,Delhi,25,Yes,2,2,3,5,26,9,16,1,23,4,3,Yes,"Poor Work Life Balance, Overtime, Low Job Satisfaction",08-05-2019,ravipriyansh@hotmail.com,6020967750,14
EMP01737,Riaan Chander,43,Male,Finance,Financial Analyst,Masters,57999,15,Chennai,38,Yes,1,2,4,2,6,4,24,14,6,5,1,Yes,"Poor Work Life Balance, Overtime, Low Job Satisfaction",09-01-2021,gopalehsaan@gmail.com,1580197871,16
EMP01738,Oorja Sagar,57,Female,Finance,Financial Analyst,MBA,91576,33,Delhi,27,Yes,2,1,5,4,35,2,9,9,20,4,5,No,Not Provided,16-03-2022,prege@hotmail.com,1138224546,12
EMP01739,Miraya Guha,26,Male,IT,Software Engineer,Diploma,101089,0,Hyderabad,38,No,3,4,2,2,52,2,6,6,14,2,2,No,Not Provided,30-04-2022,ocherian@kapadia-bal.net,3488457512,5
EMP01740,Rasha Uppal,28,Male,Customer Support,Support Executive,Masters,127519,8,Bangalore,28,No,3,1,3,2,60,7,12,8,19,2,3,No,Not Provided,30-07-2022,onkarupadhyay@kumer.com,1355367033,8
EMP01741,Kiara Rama,21,Other,HR,HR Manager,MBA,92274,0,Noida,12,Yes,4,2,4,2,22,0,0,11,24,3,2,No,Not Provided,04-09-2024,qsidhu@dave-srinivasan.com,4626714832,11
EMP01742,Ishaan Srivastava,43,Female,Operations,Operations Executive,Diploma,163595,21,Hyderabad,30,No,1,4,2,4,54,7,18,11,10,3,1,No,Not Provided,25-01-2023,duttyuvaan@hotmail.com,7924711062,10
EMP01743,Romil Srinivasan,28,Other,Operations,Supply Chain Analyst,Masters,111517,5,Bangalore,16,Yes,3,2,5,2,7,5,12,11,7,5,2,Yes,"Overtime, Low Job Satisfaction, Manager Issues",20-03-2019,Not Generated,6930518177,14
EMP01744,Eva Magar,54,Female,HR,HR Manager,Diploma,85142,34,Delhi,9,No,2,2,3,2,38,4,21,3,4,1,3,No,Not Provided,01-04-2018,rheahari@mahal.com,3603281581,8
EMP01745,Lakshit Bansal,43,Other,IT,Data Analyst,Bachelors,53416,22,Mumbai,4,Yes,5,1,1,2,26,3,23,13,21,2,3,No,Not Provided,28-12-2017,sakshambera@hari-sarraf.biz,7601666958,11
EMP01746,Mehul Grover,44,Female,Customer Support,Support Executive,Masters,42189,15,Bangalore,21,No,4,2,5,3,56,4,0,5,23,2,5,No,Not Provided,11-04-2017,mirayasachdeva@gmail.com,1329450276,5
EMP01747,Mishti Cheema,33,Male,Marketing,Marketing Manager,Masters,75852,7,Kolkata,12,Yes,5,1,5,2,73,1,20,9,10,3,4,No,Not Provided,20-09-2024,samidevansh@gmail.com,4801037945,7
EMP01748,Divij Raja,55,Other,Marketing,SEO Specialist,MBA,71949,31,Chennai,15,No,3,4,1,3,50,7,1,7,9,4,5,No,Not Provided,20-01-2022,dhanuk90@wali-lala.com,3722409530,9
EMP01749,Umang Bhardwaj,25,Other,IT,BI Developer,Diploma,113691,0,Hyderabad,40,No,4,3,5,1,62,8,5,15,6,4,3,No,Not Provided,21-10-2024,charvichhabra@gmail.com,2408442227,12
EMP01750,Damini Sagar,60,Male,IT,Data Analyst,Masters,100593,32,Hyderabad,1,Yes,3,4,3,5,25,6,5,3,22,4,2,No,Not Provided,30-03-2019,manikya91@hotmail.com,1756833201,9
EMP01751,Onkar Samra,34,Other,IT,System Admin,Diploma,127175,9,Pune,8,No,4,5,2,5,65,9,5,11,18,1,5,No,Not Provided,04-07-2022,chauhannehmat@yahoo.com,8523764716,8
EMP01752,Rati Basu,34,Female,Operations,Operations Executive,Masters,148473,9,Hyderabad,3,No,1,3,2,4,39,7,3,9,12,4,1,No,Not Provided,22-08-2019,lavanya39@yahoo.com,6263857837,12
EMP01753,Rania Bera,57,Other,IT,Software Engineer,Masters,123914,29,Kolkata,30,No,4,5,5,3,71,10,10,11,18,3,3,No,Not Provided,24-10-2016,eshani58@hotmail.com,7388623536,5
EMP01754,Krish Sidhu,59,Male,Operations,Operations Executive,MBA,81978,37,Pune,1,No,3,5,3,3,65,7,19,13,24,3,1,No,Not Provided,18-09-2021,wsaran@rattan-balasubramanian.org,2898333585,4
EMP01755,Rasha Arya,52,Female,IT,Software Engineer,Bachelors,126461,25,Chennai,31,Yes,2,2,1,1,56,5,3,15,2,2,1,Yes,"Poor Work Life Balance, Overtime, Low Job Satisfaction",26-01-2017,isane@ganesan.biz,5417495643,19
EMP01756,Yuvraj  Mammen,54,Other,HR,HR Manager,Masters,168564,33,Hyderabad,36,Yes,5,1,2,5,63,2,24,5,11,5,5,No,Not Provided,13-03-2017,krish58@hotmail.com,9895279188,11
EMP01757,Renee Subramaniam,48,Other,Sales,Sales Executive,Bachelors,103545,22,Kolkata,9,Yes,2,5,5,5,20,8,12,9,17,3,1,No,Not Provided,01-02-2020,dishani77@dixit.com,7711089487,7
EMP01758,Ishita Manne,32,Female,Sales,Sales Executive,Masters,111207,2,Delhi,20,No,5,1,5,5,47,1,25,6,10,4,3,No,Not Provided,04-03-2021,gbadal@tara-aurora.biz,4556750270,6
EMP01759,Renee Bali,32,Female,Sales,Sales Executive,Bachelors,172466,4,Delhi,19,No,5,2,1,3,32,7,9,4,10,3,5,No,Not Provided,09-02-2026,kartikbalan@kala.org,3009450224,7
EMP01760,Nayantara Bassi,53,Female,HR,HR Executive,Diploma,90770,27,Hyderabad,30,No,5,1,4,5,60,0,24,8,11,2,5,No,Not Provided,21-06-2023,chirag02@dalia.com,2881444153,4
EMP01761,Bhavin Behl,58,Male,Sales,Business Development Associate,Diploma,87848,35,Noida,33,No,2,1,4,2,8,2,16,11,13,3,3,No,Not Provided,25-03-2024,anvilata@yahoo.com,7240570927,11
EMP01762,Dhanuk Goswami,47,Male,Marketing,SEO Specialist,Masters,75409,19,Noida,30,No,5,1,3,1,7,1,22,15,10,4,1,No,Not Provided,29-08-2016,dateonkar@srinivasan-ganguly.com,2808523380,11
EMP01763,Jivin Datta,43,Other,Sales,Sales Executive,MBA,65443,15,Hyderabad,10,Yes,3,1,4,3,34,9,23,12,7,5,2,No,Not Provided,10-09-2023,chaudhryseher@char.com,4626696040,12
EMP01764,Rhea Date,51,Male,HR,HR Executive,Bachelors,27909,22,Chennai,6,Yes,3,4,5,5,80,10,4,6,1,5,4,No,Not Provided,23-12-2023,uthkarsh76@agate-grover.biz,979328077,9
EMP01765,Saira Sankar,21,Male,HR,HR Manager,Masters,60680,0,Hyderabad,16,Yes,4,5,1,5,37,1,6,11,16,4,1,No,Not Provided,20-11-2024,drishyaarora@hotmail.com,9063154969,9
EMP01766,Nitara Uppal,52,Male,Marketing,Marketing Manager,Bachelors,27230,30,Mumbai,7,Yes,4,5,3,5,62,2,17,4,11,5,5,No,Not Provided,30-06-2022,siyacheema@hotmail.com,9718574992,5
EMP01767,Kiaan Balakrishnan,59,Other,Finance,Financial Analyst,Masters,25245,35,Kolkata,33,Yes,2,4,2,2,39,5,15,10,14,3,5,Yes,"Poor Work Life Balance, Overtime, Manager Issues",17-12-2017,navyaseshadri@gmail.com,132250906,14
EMP01768,Lakshay Chada,59,Male,Customer Support,Support Executive,MBA,162001,30,Noida,36,No,1,5,2,2,31,5,8,9,18,3,4,No,Not Provided,28-11-2019,choudhryivan@gmail.com,4165719081,10
EMP01769,Pihu Mandal,41,Female,Customer Support,Support Executive,MBA,33927,20,Chennai,26,Yes,5,2,2,1,55,10,18,10,4,4,5,Yes,"Overtime, Low Job Satisfaction, Manager Issues",21-04-2026,viswanathancharvi@gmail.com,1816156144,17
EMP01770,Riya Sawhney,25,Male,Customer Support,Customer Success Manager,MBA,69294,2,Chennai,11,Yes,4,4,4,5,36,2,9,12,8,5,2,No,Not Provided,22-02-2024,nakulmangat@ghose.com,9323770912,7
EMP01771,Farhan Madan,52,Male,Finance,Accountant,MBA,88956,32,Hyderabad,38,Yes,2,4,2,3,30,4,20,7,13,5,3,No,Not Provided,11-10-2017,nehmat59@hotmail.com,8843109714,11
EMP01772,Divit Rege,35,Female,Finance,Finance Manager,Bachelors,93388,6,Kolkata,33,Yes,4,3,1,4,80,4,18,12,5,3,3,No,Not Provided,16-05-2022,mehulbhattacharyya@yahoo.com,3052883025,7
EMP01773,Samiha Sarkar,58,Other,Finance,Accountant,Bachelors,39217,33,Noida,10,No,1,1,2,5,63,0,1,10,10,2,1,No,Not Provided,08-11-2021,vivaan24@chawla.net,9038991139,12
EMP01774,Jayan Bhargava,35,Male,Operations,Supply Chain Analyst,Diploma,101771,8,Noida,10,No,1,4,5,1,10,8,24,4,6,3,5,No,Not Provided,09-02-2022,aaryahigala@gmail.com,7240688182,7
EMP01775,Saanvi Sunder,30,Female,HR,Recruiter,Masters,94248,2,Pune,6,Yes,4,2,1,3,73,1,24,14,5,4,1,No,Not Provided,21-01-2019,etripathi@behl.biz,1748055151,12
EMP01776,Rhea Rajagopalan,32,Female,Customer Support,Support Executive,Masters,28062,6,Hyderabad,8,No,2,4,2,5,12,7,11,3,24,4,1,No,Not Provided,07-12-2020,vigrati@sankar-ramesh.com,221368754,10
EMP01777,Taimur Rastogi,36,Male,Operations,Operations Executive,Bachelors,53619,8,Delhi,18,Yes,1,5,4,1,33,2,6,8,18,4,3,No,Not Provided,15-05-2023,chanachirag@kapadia-aurora.com,3902240656,10
EMP01778,Aaryahi Varty,56,Male,Marketing,Content Strategist,Masters,63754,35,Delhi,32,No,5,3,3,3,73,3,18,4,9,5,1,No,Not Provided,17-09-2022,janiindrajit@hotmail.com,2281560625,4
EMP01779,Ayesha Seth,24,Male,HR,HR Manager,Masters,77254,0,Delhi,9,Yes,2,4,1,4,66,2,6,3,1,2,5,No,Not Provided,17-07-2018,ishaankala@vala.org,1198582045,7
EMP01780,Dhanuk Sinha,21,Female,Marketing,SEO Specialist,MBA,139620,0,Delhi,39,No,3,2,4,1,3,1,16,1,3,5,3,No,Not Provided,18-04-2022,tbaral@grewal-sandal.info,6469395981,9
EMP01781,Armaan Khosla,22,Female,Operations,Supply Chain Analyst,Masters,39713,0,Noida,24,No,4,2,1,3,41,10,13,11,25,2,5,No,Not Provided,28-12-2018,adira75@chaudhary.com,6464494875,9
EMP01782,Shamik Seshadri,50,Other,Operations,Supply Chain Analyst,Bachelors,89335,26,Bangalore,15,No,4,5,3,4,60,3,20,5,8,5,1,No,Not Provided,04-10-2024,venkateshvaibhav@raj.com,6891239080,3
EMP01783,Riya Bajwa,30,Other,IT,System Admin,Masters,97311,4,Bangalore,15,Yes,2,3,3,3,23,6,6,3,4,3,4,No,Not Provided,06-12-2019,jivika25@sharma.com,4651522218,7
EMP01784,Parinaaz Vyas,24,Female,Operations,Operations Executive,MBA,161276,0,Pune,26,No,5,1,2,5,6,9,0,2,24,3,3,No,Not Provided,22-04-2023,qatwal@gmail.com,683558122,10
EMP01785,Rhea Kashyap,44,Female,Operations,Operations Executive,Masters,146725,19,Noida,12,No,2,5,3,5,26,6,12,8,15,3,2,No,Not Provided,23-07-2018,bathkeya@hotmail.com,8882326582,5
EMP01786,Hiran Loyal,41,Male,HR,HR Executive,MBA,153183,12,Bangalore,17,Yes,2,2,2,3,76,9,12,4,24,1,1,No,Not Provided,17-11-2024,uchada@hotmail.com,308894016,12
EMP01787,Kiaan Rege,29,Female,Customer Support,Support Executive,MBA,131245,2,Mumbai,25,Yes,4,1,1,1,51,0,8,12,11,1,5,No,Not Provided,25-01-2023,hlad@hora.com,5153769900,12
EMP01788,Ela Luthra,41,Other,Operations,Operations Executive,MBA,118062,15,Chennai,31,Yes,3,5,5,2,45,9,18,2,10,3,5,No,Not Provided,03-04-2018,wasonpihu@shetty.com,6513918489,7
EMP01789,Rhea Karan,55,Other,Sales,Business Development Associate,Bachelors,50545,28,Chennai,6,No,2,2,5,4,24,7,15,2,20,1,2,No,Not Provided,09-02-2019,kabir81@lalla.com,6552658743,8
EMP01790,Tiya Bajaj,54,Female,Operations,Supply Chain Analyst,Bachelors,90269,26,Pune,18,No,4,3,2,3,2,10,6,1,22,5,1,No,Not Provided,12-01-2024,gouryakshit@hotmail.com,5672405929,7
EMP01791,Kimaya Venkatesh,46,Female,IT,Software Engineer,Bachelors,73748,17,Kolkata,16,Yes,3,3,4,5,77,10,3,15,19,5,1,No,Not Provided,11-12-2018,advik29@swaminathan.com,3500912404,11
EMP01792,Vanya Chakrabarti,27,Other,Finance,Accountant,MBA,108174,7,Mumbai,31,No,4,1,2,1,62,7,13,15,10,2,5,No,Not Provided,09-12-2021,aayushsarma@yahoo.com,5741000860,12
EMP01793,Aniruddh Badami,24,Female,IT,BI Developer,Masters,150330,0,Chennai,33,Yes,3,2,4,3,32,5,18,10,15,4,4,Yes,"Overtime, Low Job Satisfaction, High Stress",11-02-2019,aaina22@hotmail.com,8103089595,13
EMP01794,Aaryahi Ghose,46,Male,Sales,Business Development Associate,Bachelors,86389,20,Kolkata,4,Yes,3,4,3,1,71,9,13,14,8,2,2,No,Not Provided,19-07-2025,ggola@boase.com,6689808512,8
EMP01795,Aniruddh Chandra,23,Other,Finance,Financial Analyst,Masters,61252,2,Pune,1,No,4,2,5,5,62,5,23,8,20,4,5,No,Not Provided,22-05-2020,dshroff@venkataraman-kaul.net,2159796844,8
EMP01796,Faiyaz Bansal,24,Female,Finance,Accountant,Bachelors,39417,0,Chennai,14,No,1,2,1,3,73,9,2,14,3,1,5,Yes,"Poor Work Life Balance, Low Job Satisfaction, No Promotion",19-12-2018,urvigrewal@hotmail.com,3359324502,14
EMP01797,Ritvik Upadhyay,31,Other,Finance,Accountant,Bachelors,171200,2,Noida,16,Yes,1,1,1,2,3,4,15,13,17,2,4,Yes,"Poor Work Life Balance, Overtime, Low Job Satisfaction",28-06-2017,buchkismat@gmail.com,4168889864,14
EMP01798,Tarini Suri,40,Male,Marketing,Content Strategist,MBA,177247,13,Noida,16,No,4,4,3,1,76,4,20,14,12,4,2,No,Not Provided,06-01-2018,zainalad@doctor-chakrabarti.com,849819498,7
EMP01799,Anvi Dar,43,Female,HR,HR Executive,Diploma,79177,16,Delhi,9,Yes,2,2,5,1,6,6,8,6,2,1,5,No,Not Provided,30-07-2019,badalkimaya@yahoo.com,7167910911,12
EMP01800,Anvi Lad,27,Male,Finance,Finance Manager,Bachelors,179996,4,Delhi,26,No,2,5,2,5,53,1,3,14,7,1,5,No,Not Provided,22-02-2025,deyneysa@dhar-chad.com,9191361286,10
EMP01801,Kismat Bhatnagar,53,Female,HR,HR Executive,MBA,133370,23,Hyderabad,15,Yes,4,2,5,3,4,6,2,8,10,5,3,No,Not Provided,31-05-2022,suhanajaggi@gmail.com,5508258443,12
EMP01802,Aarush Chandran,26,Other,Marketing,SEO Specialist,Masters,38343,0,Noida,10,Yes,4,4,5,5,24,7,13,12,7,3,4,No,Not Provided,01-09-2019,miraan85@hotmail.com,7833395909,6
EMP01803,Shlok Bhandari,40,Other,Finance,Finance Manager,Diploma,175752,17,Hyderabad,6,No,1,3,1,1,44,5,22,2,8,2,5,No,Not Provided,25-05-2024,bhagatalisha@datta.com,254779456,9
EMP01804,Zara Karan,23,Female,Marketing,SEO Specialist,Masters,77481,0,Delhi,16,No,1,1,4,1,19,9,3,10,24,1,4,Yes,"Poor Work Life Balance, Low Job Satisfaction, Manager Issues",03-02-2018,dhruv28@lad.biz,3256249384,14
EMP01805,Hunar Walla,53,Male,Sales,Sales Executive,MBA,159458,24,Pune,32,No,4,4,2,4,4,3,11,14,10,4,5,No,Not Provided,12-08-2016,reyansh20@gmail.com,9457128665,8
EMP01806,Baiju Rajagopal,45,Other,IT,Software Engineer,Masters,149947,20,Pune,36,No,2,2,5,3,76,9,2,15,11,1,3,Yes,"Poor Work Life Balance, Low Job Satisfaction, No Promotion",09-04-2021,divit57@gmail.com,5317288659,13
EMP01807,Ojas Ramanathan,35,Other,IT,System Admin,Diploma,33279,5,Pune,33,Yes,5,3.039382866,2,3,5,0,3,11,23,4,4,No,Not Provided,16-06-2024,bramaswamy@kapoor.biz,3010205423,12
EMP01808,Misha Dutta,30,Male,HR,HR Executive,MBA,101048,8,Delhi,22,No,2,4,1,2,65,0,17,7,6,3,5,No,Not Provided,25-02-2021,rkuruvilla@gmail.com,1408105310,7
EMP01809,Yasmin Ray,22,Male,Operations,Operations Executive,Diploma,138237,0,Bangalore,19,No,3,4,3,1,66,9,12,15,13,5,5,No,Not Provided,20-11-2017,zeeshan73@yahoo.com,8320644118,9
EMP01810,Tejas Sarraf,53,Other,Marketing,Marketing Manager,Diploma,150732,27,Hyderabad,21,No,1,2,5,3,80,1,21,9,0,3,5,No,Not Provided,27-02-2017,dhruv33@hotmail.com,9684442897,6
EMP01811,Prerak Varty,60,Female,Operations,Supply Chain Analyst,Masters,136101,37,Pune,22,Yes,3,4,1,1,45,9,9,5,21,3,4,No,Not Provided,31-07-2023,borahyuvraj@hotmail.com,541754170,8
EMP01812,Not Available,60,Male,Marketing,Marketing Manager,Bachelors,76583,39,Bangalore,30,No,5,5,1,5,35,10,2,15,23,2,4,No,Not Provided,09-11-2025,tejasrajagopal@gmail.com,7741234516,9
EMP01813,Aaina Cherian,54,Female,Not assigned,Business Development Associate,Diploma,112739,34,Mumbai,32,Yes,2,1,1,5,36,6,15,8,0,5,4,Yes,"Poor Work Life Balance, Overtime, Low Job Satisfaction",17-08-2024,trisha84@koshy.com,3776779418,16
EMP01814,Hridaan Kapur,48,Male,Operations,Operations Executive,MBA,93425,23,Mumbai,35,No,2,2,4,5,56,0,20,6,3,2,4,No,Not Provided,05-09-2019,ojasbehl@jayaraman-buch.biz,3067790571,7
EMP01815,Adira Sengupta,32,Other,Operations,Operations Executive,MBA,177589,5,Chennai,24,Yes,4,4,1,2,29,9,9,6,8,2,1,No,Not Provided,31-10-2022,ravaltrisha@thaker.info,3485803761,8
EMP01816,Misha Kar,54,Male,Not assigned,Recruiter,Bachelors,96979,30,Hyderabad,15,No,2,1,1,3,52,2,19,9,21,2,1,No,Not Provided,22-10-2022,bailraghav@kota-taneja.com,5892656286,8
EMP01817,Dharmajan Sodhi,33,Other,Sales,Business Development Associate,Masters,93121,7,Kolkata,26,Yes,3,3,3,2,75,2,14,15,0,3,2,No,Not Provided,26-05-2023,saira06@gmail.com,9131384515,7
EMP01818,Tejas Amble,32,Male,Operations,Supply Chain Analyst,MBA,28618,5,Pune,37,Yes,2,2,3,1,10,7,6,1,18,2,2,Yes,"Poor Work Life Balance, Overtime, Low Job Satisfaction",05-01-2019,riya08@hotmail.com,7949842503,13
EMP01819,Mishti Aurora,54,Other,Customer Support,Support Executive,MBA,54428,26,Noida,5,Yes,3,1,1,3,61,1,25,7,9,2,1,No,Not Provided,28-03-2022,goyalzoya@yahoo.com,2540592506,7
EMP01820,Miraan Dixit,43,Other,IT,BI Developer,Diploma,121636,13,Bangalore,14,No,3,2,5,3,37,3,12,7,21,5,1,No,Not Provided,25-06-2023,cthaman@lata.biz,715832336,6
EMP01821,Jivika Choudhry,43,Other,Finance,Accountant,Diploma,60835,20,Delhi,40,Yes,2,1,1,5,71,10,25,11,6,1,1,Yes,"Poor Work Life Balance, Overtime, Low Job Satisfaction",15-05-2019,ebala@gmail.com,5155305664,15
EMP01822,Yuvraj  Swamy,53,Female,HR,HR Executive,MBA,104884,31,Delhi,6,Yes,3,2,1,4,28,10,11,2,13,5,3,No,Not Provided,09-06-2016,bansalriya@gmail.com,1308077745,12
EMP01823,Neysa Vaidya,32,Male,Operations,Operations Executive,Masters,104847,4,Mumbai,31,Yes,4,4,2,2,10,4,15,13,1,5,3,No,Not Provided,09-02-2022,basakpurab@hotmail.com,8009984435,12
EMP01824,Seher Thaman,42,Other,Operations,Supply Chain Analyst,Diploma,171049,19,Delhi,27,Yes,5,2,3,5,55,9,7,11,11,2,3,No,Not Provided,23-04-2026,ybhagat@krishnamurthy.com,586345088,10
EMP01825,Nitya Saxena,37,Other,Finance,Finance Manager,Masters,159356,10,Bangalore,23,No,3,1,5,2,74,1,24,5,9,5,2,No,Not Provided,07-08-2017,zoya41@gmail.com,3367540818,8
EMP01826,Yasmin Raj,23,Other,IT,Software Engineer,Diploma,166748,3,Noida,9,Yes,3,1,1,4,58,7,15,2,3,3,5,No,Not Provided,14-10-2020,tataprisha@majumdar.info,2508047204,9
EMP01827,Umang Ray,51,Female,Sales,Business Development Associate,Bachelors,135451,28,Kolkata,29,Yes,1,5,2,5,50,0,18,14,14,1,1,No,Not Provided,02-01-2019,gadenakul@guha-chaudhuri.com,5543091661,10
EMP01828,Shaan Varughese,57,Male,Finance,Finance Manager,MBA,84118,27,Pune,29,Yes,4,5,1,2,25,9,23,4,0,2,5,No,Not Provided,23-09-2024,bhagatjivin@hotmail.com,8097667476,9
EMP01829,Abram Kapoor,58,Other,Sales,Sales Manager,MBA,49690,38,Delhi,22,Yes,5,2,2,1,65,6,18,5,4,2,5,No,Not Provided,07-11-2022,parinaaz19@hotmail.com,5979134451,11
EMP01830,Ritvik Mangat,46,Female,Operations,Supply Chain Analyst,Diploma,113175,26,Delhi,20,Yes,4,3,3,2,78,2,16,13,22,3,2,No,Not Provided,01-04-2021,anika09@iyengar.com,2980028416,6
EMP01831,Nakul Koshy,51,Female,IT,Data Analyst,Masters,75122,25,Bangalore,34,Yes,2,1,4,5,65,9,3,6,15,3,5,Yes,"Poor Work Life Balance, Overtime, Low Job Satisfaction",01-09-2022,paribhandari@butala-kalla.org,1514035439,13
EMP01832,Dhanush Gade,41,Female,Marketing,Content Strategist,Diploma,160930,19,Pune,19,Yes,4,3,2,5,48,0,18,8,20,1,5,No,Not Provided,25-03-2021,ojasjohal@khurana-jhaveri.net,3392306501,4
EMP01833,Aarna Mall,26,Male,Finance,Financial Analyst,Masters,121191,0,Bangalore,39,Yes,3,3,2,3,62,0,18,6,4,5,3,No,Not Provided,18-09-2024,fgoda@hotmail.com,7345281876,8
EMP01834,Jivin Dasgupta,31,Other,HR,HR Executive,Masters,52316,6,Chennai,16,Yes,1,3,4,5,44,1,8,6,22,1,4,No,Not Provided,19-05-2017,dalialakshay@hotmail.com,7522331095,5
EMP01835,Adah Khatri,53,Other,HR,Recruiter,Diploma,38219,29,Kolkata,23,Yes,2,3,5,3,45,9,25,12,18,2,4,No,Not Provided,06-03-2018,lakshayvirk@hotmail.com,5295482675,9
EMP01836,Riaan Ranganathan,21,Male,Sales,Business Development Associate,Diploma,53271,0,Noida,10,Yes,1,1,4,3,24,2,23,4,8,5,2,No,Not Provided,18-03-2017,asachar@hotmail.com,6228532707,11
EMP01837,Eshani Kale,32,Other,Operations,Operations Executive,Diploma,160685,3,Hyderabad,8,Yes,1,4,2,4,54,1,16,3,4,4,1,No,Not Provided,13-10-2024,kartikissac@gmail.com,7331201127,10
EMP01838,Shaan Sinha,21,Female,Operations,Supply Chain Analyst,Bachelors,157392,0,Hyderabad,38,No,5,3,4,2,4,9,18,11,19,3,3,No,Not Provided,02-03-2026,kkrishnamurthy@hotmail.com,1883939967,7
EMP01839,Hunar Bose,21,Other,Customer Support,Support Executive,Diploma,93702,0,Bangalore,4,No,3,2,1,4,13,8,9,13,4,4,4,No,Not Provided,13-11-2025,ivan01@kale-rege.com,1099582471,12
EMP01840,Riya Divan,35,Female,Operations,Supply Chain Analyst,Diploma,151994,7,Noida,24,Yes,5,4,3,1,43,8,2,8,25,4,4,No,Not Provided,23-11-2018,rsem@mand-swaminathan.com,4595454580,11
EMP01841,Bhavin Sehgal,59,Female,Customer Support,Customer Success Manager,Diploma,118501,35,Mumbai,39,No,1,2,2,4,13,1,7,9,14,2,1,No,Not Provided,01-01-2020,uppalraunak@hotmail.com,2718789519,9
EMP01842,Yakshit Chaudhary,42,Female,HR,HR Manager,Bachelors,157729,15,Noida,10,No,3,3,1,4,16,10,5,7,19,2,2,No,Not Provided,01-09-2023,anaya42@brar.com,3380926798,6
EMP01843,Nishith Sehgal,24,Female,Finance,Financial Analyst,Masters,136690,1,Bangalore,6,No,4,5,5,1,4,3,7,12,12,3,3,No,Not Provided,13-11-2020,rania19@gmail.com,3024563331,4
EMP01844,Madhav Tailor,45,Female,Marketing,Content Strategist,Bachelors,89847,22,Delhi,19,Yes,2,4,2,1,57,2,14,10,9,5,3,Yes,"Poor Work Life Balance, Overtime, Manager Issues",03-08-2025,hanshdugal@sibal.biz,9047999496,14
EMP01845,Hrishita Borra,46,Male,Customer Support,Support Executive,MBA,111011,17,Pune,18,Yes,5,5,1,4,49,7,24,4,6,1,5,No,Not Provided,11-11-2017,udayal@varkey.com,5450908599,6
EMP01846,Shalv Goel,59,Male,IT,Data Analyst,Bachelors,36733,39,Bangalore,5,Yes,4,2,1,1,55,6,23,1,0,4,4,Yes,"Overtime, Low Job Satisfaction, Manager Issues",11-08-2016,inaaya-26@yahoo.com,6763453234,14
EMP01847,Kabir Mani,45,Female,Sales,Sales Manager,Bachelors,104540,22,Bangalore,30,No,5,3,5,3,67,3,11,5,15,2,2,No,Not Provided,15-07-2025,dhruv07@sura-issac.org,6163203609,1
EMP01848,Arnav Konda,47,Female,IT,BI Developer,Bachelors,163321,18,Bangalore,40,Yes,2,3,1,1,5,6,17,4,6,2,4,No,Not Provided,08-07-2021,advik17@hotmail.com,3234671142,12
EMP01849,Azad Saraf,49,Female,HR,Recruiter,MBA,146810,23,Pune,23,No,1,5,3,5,74,2,23,14,24,1,2,No,Not Provided,15-06-2020,kborra@yahoo.com,8404884558,5
EMP01850,Rati Balakrishnan,75,Male,Sales,Sales Executive,Diploma,166178,2,Mumbai,35,No,2,4,2,1,11,9,8,3,9,1,3,No,Not Provided,02-12-2020,ggala@gmail.com,9876061513,10
EMP01851,Hridaan Vasa,24,Female,Sales,Sales Executive,Diploma,154674,0,Kolkata,28,Yes,5,2,2,4,50,3,11,11,7,2,2,No,Not Provided,14-05-2019,kharelakshit@hotmail.com,8569119679,10
EMP01852,Manikya Balay,56,Male,Sales,Sales Manager,Diploma,148529,33,Chennai,10,Yes,3,1,1,1,4,2,15,4,11,4,2,No,Not Provided,02-04-2024,neelofar72@hotmail.com,4323780764,12
EMP01853,Aarush Tailor,52,Other,Operations,Operations Executive,Bachelors,87483,30,Pune,9,Yes,4,3.039382866,2,3,22,4,11,5,7,4,3,No,Not Provided,30-07-2024,Not Generated,1509526331,7
EMP01854,Stuvan Varty,23,Female,Marketing,SEO Specialist,Diploma,93536,0,Chennai,4,Yes,5,3,2,2,21,3,10,6,25,4,1,No,Not Provided,16-06-2016,sarafira@hotmail.com,7085960592,9
EMP01855,Diya Sankar,45,Male,Operations,Operations Executive,Masters,32512,21,Delhi,13,No,5,5,3,1,31,6,1,4,12,4,5,No,Not Provided,16-07-2024,goelromil@yahoo.com,3907899580,9
EMP01856,Kaira Lal,54,Female,Marketing,Content Strategist,Bachelors,77428,31,Kolkata,9,No,5,5,1,2,52,2,8,1,6,4,1,No,Not Provided,25-04-2019,aradhya18@kari-kumar.org,8780406987,7
EMP01857,Lagan Sinha,49,Male,HR,HR Executive,Diploma,57690,27,Chennai,4,Yes,1,3,5,5,21,6,0,8,18,4,5,No,Not Provided,24-07-2016,ojasganguly@buch.com,1825544425,12
EMP01858,Vivaan Rattan,49,Male,Customer Support,Support Executive,Masters,34021,29,Bangalore,7,No,4,2,4,2,7,9,16,14,1,5,2,No,Not Provided,02-07-2019,esandhu@basu.com,4235591332,12
EMP01859,Not Available,29,Female,Operations,Operations Executive,MBA,172343,0,Noida,40,Yes,4,2,4,2,1,7,18,12,18,3,3,No,Not Provided,23-05-2023,slad@balasubramanian.com,4864471783,12
EMP01860,Anaya Varughese,37,Male,Finance,Accountant,Bachelors,78332,17,Pune,17,Yes,2,3.039382866,1,4,80,8,3,13,2,5,5,Yes,"Poor Work Life Balance, Overtime, High Stress",18-05-2021,nishithbehl@hotmail.com,2547472809,16
EMP01861,Anvi Kaul,57,Female,HR,Recruiter,Bachelors,141905,30,Kolkata,25,No,5,3,4,1,36,2,16,15,11,3,4,No,Not Provided,22-05-2022,himmatbhandari@sami.com,2310518540,5
EMP01862,Zain Bose,52,Male,Operations,Supply Chain Analyst,MBA,62921,30,Noida,8,Yes,4,3,2,1,31,2,10,4,23,2,3,No,Not Provided,24-04-2017,gchopra@de.com,5093304953,6
EMP01863,Nehmat Randhawa,50,Other,Customer Support,Customer Success Manager,MBA,48355,28,Chennai,34,No,5,2,5,1,22,1,12,14,2,1,4,No,Not Provided,23-03-2018,zkannan@borah-gara.net,5775352243,8
EMP01864,Samiha Kibe,21,Male,Sales,Sales Executive,MBA,107401.1714,0,Mumbai,13,Yes,1,1,3,1,79,10,15,6,4,2,2,No,Not Provided,28-12-2016,sanabalay@dora.com,5541835967,12
EMP01865,Anahita Bains,50,Female,Sales,Business Development Associate,Bachelors,122063,27,Hyderabad,24,Yes,5,1,2,5,14,3,21,11,13,1,3,No,Not Provided,06-06-2025,ehsaan98@goda-mall.com,945727271,9
EMP01866,Eva Bedi,54,Other,HR,HR Executive,MBA,26729,24,Kolkata,18,No,5,1,4,1,7,0,15,12,3,4,3,No,Not Provided,19-10-2016,sumer43@yahoo.com,5878088203,10
EMP01867,Kartik Sengupta,30,Female,Customer Support,Customer Success Manager,Diploma,105530.7044,9,Bangalore,4,No,1,1,5,4,69,5,9,5,2,3,1,No,Not Provided,26-06-2022,ybahri@suresh.com,4355325453,8
EMP01868,Indranil Sarraf,25,Female,HR,HR Manager,Diploma,84698,0,Chennai,31,No,2,2,4,4,32,4,21,9,5,3,2,No,Not Provided,23-01-2022,yasmin57@wadhwa.com,8136156666,7
EMP01869,Stuvan Grewal,45,Other,IT,BI Developer,Masters,159398,19,Chennai,21,No,5,1,3,3,50,1,13,14,19,3,5,No,Not Provided,17-06-2018,fateh27@chad.com,9920175619,5
EMP01870,Diya Bail,44,Other,Marketing,Content Strategist,Masters,94143,24,Pune,5,No,3,5,1,2,54,10,18,9,22,4,1,No,Not Provided,08-02-2020,emir99@goyal.com,162028760,9
EMP01871,Priyansh Hari,38,Male,HR,Recruiter,MBA,102528,15,Mumbai,7,No,2,4,3,4,17,0,14,3,0,3,3,No,Not Provided,25-01-2023,zara43@shukla.biz,2392123795,3
EMP01872,Vritika Sawhney,46,Female,Sales,Business Development Associate,Diploma,39075,18,Pune,20,No,3,1,5,1,61,9,18,8,10,4,2,No,Not Provided,23-09-2021,savantnirvi@hotmail.com,858138604,10
EMP01873,Heer Singhal,22,Male,Finance,Financial Analyst,Diploma,169608,0,Noida,8,Yes,1,1,4,5,73,5,8,7,15,4,2,Yes,"Poor Work Life Balance, Overtime, Low Job Satisfaction",14-09-2018,cluthra@issac.com,8646516680,13
EMP01874,Saira Shere,57,Male,HR,HR Manager,MBA,76993,35,Delhi,25,No,2,1,5,1,78,5,6,5,12,5,1,Yes,"Poor Work Life Balance, Low Job Satisfaction, Manager Issues",03-03-2018,toormanikya@yahoo.com,3388923181,14
EMP01875,Anya Viswanathan,40,Male,IT,Software Engineer,Diploma,123751,18,Mumbai,19,Yes,1,1,5,2,25,6,3,6,1,4,1,Yes,"Poor Work Life Balance, Overtime, Low Job Satisfaction",22-03-2026,ira31@solanki.com,8530502077,17
EMP01876,Nakul Sachar,48,Other,Finance,Financial Analyst,Diploma,80793,26,Mumbai,19,Yes,2,1,3,2,46,3,21,1,17,1,1,No,Not Provided,08-09-2020,xhayre@gmail.com,4143274290,10
EMP01877,Azad Dixit,44,Other,Marketing,Marketing Manager,Diploma,116766,17,Mumbai,34,Yes,1,2,1,1,34,5,10,9,2,3,1,Yes,"Poor Work Life Balance, Overtime, Low Job Satisfaction",08-09-2018,hsetty@gmail.com,5090694385,15
EMP01878,Samaira Tara,48,Other,Operations,Operations Executive,Masters,174660,20,Delhi,30,No,5,3,4,5,23,6,12,10,21,3,1,No,Not Provided,20-02-2017,kavya37@lall.net,131713446,5
EMP01879,Hazel Baria,60,Other,IT,Software Engineer,Diploma,84556,36,Mumbai,30,No,1,3,5,3,74,0,13,7,10,3,4,No,Not Provided,04-07-2022,jayantranganathan@yahoo.com,4926726768,4
EMP01880,Saira Maharaj,49,Other,IT,System Admin,Diploma,112922,28,Pune,15,No,1,2,4,1,79,5,16,10,18,4,5,Yes,"Poor Work Life Balance, Low Job Satisfaction, Manager Issues",24-09-2017,rameshkrish@wagle-saran.com,6315886211,15
EMP01881,Yasmin Brahmbhatt,44,Female,IT,Accountant,Masters,98351,24,Kolkata,2,Yes,2,4,1,2,67,6,11,14,11,1,2,Yes,"Poor Work Life Balance, Overtime, Manager Issues",11-11-2016,veer05@sangha.info,1400125426,13
EMP01882,Krish Sethi,43,Male,HR,HR Executive,Masters,45364,20,Noida,4,Yes,2,4,5,4,47,9,23,11,5,3,1,No,Not Provided,12-10-2023,drishyaatwal@kunda.org,273431645,9
EMP01883,Zain Bansal,46,Female,Customer Support,Support Executive,Masters,72729,26,Bangalore,8,Yes,4,1,2,2,16,1,23,12,17,5,3,Yes,"Overtime, Low Job Satisfaction, Manager Issues",25-07-2023,ravelvritika@anne-sankaran.com,1171971352,14
EMP01884,Rati Ramachandran,26,Female,IT,Data Analyst,MBA,127058,0,Pune,12,No,1,2,2,5,4,6,16,11,9,2,5,No,Not Provided,20-11-2017,johalsaira@yahoo.com,3185434641,12
EMP01885,Vanya Manda,24,Female,Customer Support,Customer Success Manager,MBA,107145,3,Pune,23,Yes,1,3,2,4,49,0,3,14,16,5,2,Yes,"Poor Work Life Balance, Overtime, High Stress",10-06-2023,ahluwaliarenee@yahoo.com,9528606965,14
EMP01886,Ojas Choudhury,37,Female,Finance,Financial Analyst,MBA,168859,11,Bangalore,24,Yes,5,4,5,3,69,10,18,12,12,2,5,No,Not Provided,01-05-2020,nitarasunder@hotmail.com,4260466385,6
EMP01887,Hazel Kaul,51,Male,IT,System Admin,MBA,158897,31,Delhi,30,Yes,5,3,5,5,1,6,17,6,6,3,3,No,Not Provided,08-04-2025,fthakkar@yahoo.com,9076677611,5
EMP01888,Kavya Shah,48,Male,IT,Data Analyst,Diploma,30281,18,Delhi,16,No,3,2,5,4,28,0,10,10,21,3,4,No,Not Provided,22-11-2021,wadhwayashvi@hotmail.com,8210839125,5
EMP01889,Vardaniya Gulati,26,Female,Finance,Financial Analyst,Masters,170432,0,Noida,33,No,2,5,5,5,12,4,18,9,4,1,5,No,Not Provided,18-12-2017,mallickfarhan@shere.biz,3105742022,4
EMP01890,Fateh Ray,23,Male,Customer Support,Customer Success Manager,Masters,87029,3,Chennai,39,Yes,2,5,1,4,37,0,14,13,0,2,3,No,Not Provided,10-11-2025,samairacherian@mangat.com,1045678760,10
EMP01891,Ahana  Khurana,47,Other,HR,Recruiter,Diploma,81089,26,Kolkata,30,No,2,4,5,1,5,8,12,11,16,5,4,Yes,"Poor Work Life Balance, Manager Issues, High Stress",30-03-2024,adiramaster@gmail.com,5089469171,13
EMP01892,Yashvi Vyas,43,Other,IT,Software Engineer,Masters,160777,14,Chennai,24,No,2,3,3,5,9,2,5,4,5,1,2,No,Not Provided,30-07-2021,dhaliwaltiya@yahoo.com,951094908,5
EMP01893,Shaan Basak,35,Female,IT,System Admin,Diploma,56505,7,Pune,25,Yes,3,3,5,4,74,9,13,14,2,5,1,No,Not Provided,19-10-2016,saxenaryan@kannan-ben.com,9162273494,10
EMP01894,Eva Sarin,30,Female,Not assigned,Content Strategist,Bachelors,161376,0,Chennai,36,Yes,2,4,5,5,77,5,0,15,5,2,4,No,Not Provided,27-01-2026,vivaan94@yahoo.com,7640631716,12
EMP01895,Stuvan Dhawan,30,Female,Marketing,SEO Specialist,Diploma,92827,1,Bangalore,7,Yes,4,2,2,1,72,6,21,8,19,1,4,No,Not Provided,03-12-2017,dbassi@gmail.com,7235204872,11
EMP01896,Elakshi Sundaram,33,Other,HR,HR Executive,Masters,129465,5,Chennai,30,No,3,2,4,1,16,8,6,12,2,1,3,No,Not Provided,22-07-2024,zaina66@yahoo.com,5429053357,10
EMP01897,Kiara Viswanathan,27,Male,Sales,Sales Manager,Masters,47394,7,Bangalore,14,No,3,5,3,4,46,0,22,4,11,1,2,No,Not Provided,27-08-2023,saanvi13@sood.biz,9367786336,0
EMP01898,Nakul Gopal,34,Female,Sales,Sales Manager,Masters,152191,4,Chennai,21,No,3,3,5,4,6,6,4,11,4,3,5,No,Not Provided,28-04-2025,tiya56@yahoo.com,8675034163,6
EMP01899,Pranay Rege,60,Other,Sales,Sales Manager,Bachelors,163608,33,Mumbai,11,No,4,4,3,1,34,5,8,5,3,3,2,No,Not Provided,05-05-2018,aayushsavant@gmail.com,2873145251,4
EMP01900,Diya Magar,53,Female,Marketing,Content Strategist,Masters,57926,27,Bangalore,33,No,5,5,4,1,45,5,17,13,0,5,1,No,Not Provided,08-01-2026,Not Generated,2792685464,10
EMP01901,Devansh Seth,27,Other,HR,Recruiter,MBA,156355,5,Mumbai,40,No,4,5,5,5,73,10,11,7,10,1,1,No,Not Provided,08-10-2021,divannirvaan@ramesh.com,4219329863,3
EMP01902,Siya Som,31,Other,IT,BI Developer,Bachelors,41071,7,Chennai,33,Yes,4,2,5,4,63,0,8,11,0,5,3,No,Not Provided,12-10-2018,divitkonda@garde.com,9664322616,11
EMP01903,Damini Kulkarni,33,Male,Customer Support,Customer Success Manager,Bachelors,121181,8,Delhi,14,Yes,2,4,2,3,31,1,4,2,7,5,2,No,Not Provided,21-03-2022,parinaaz75@thakur.com,3537399960,12
EMP01904,Chirag Bhagat,46,Female,Sales,Sales Manager,Diploma,93026,25,Mumbai,2,Yes,3,5,1,1,24,10,23,12,9,1,5,No,Not Provided,22-10-2020,kaira99@gmail.com,51867486,10
EMP01905,Sara Randhawa,55,Female,HR,HR Manager,Bachelors,53846,33,Bangalore,15,Yes,1,2,3,3,64,2,8,14,4,3,1,No,Not Provided,26-10-2016,tusharkashyap@gmail.com,9942406342,10
EMP01906,Piya Bahl,42,Other,Sales,Business Development Associate,Masters,103760.1093,13,Hyderabad,40,No,3,4,2,4,8,0,11,15,7,2,4,No,Not Provided,10-06-2025,tsuresh@yahoo.com,412828,5
EMP01907,Hrishita Bansal,28,Male,HR,HR Executive,Masters,118553,0,Bangalore,24,Yes,4,4,4,1,38,4,5,5,13,1,1,No,Not Provided,07-12-2025,balamanjari@gmail.com,9953302354,6
EMP01908,Elakshi Baria,29,Female,Sales,Sales Executive,Bachelors,128661,8,Delhi,29,No,2,5,5,3,69,2,4,15,22,3,5,No,Not Provided,19-04-2023,krishnaivana@hotmail.com,1249390344,8
EMP01909,Nakul Sagar,24,Female,Not assigned,HR Manager,Diploma,28800,4,Pune,12,No,2,5,2,2,35,9,16,14,8,2,1,No,Not Provided,15-01-2021,rasha14@bhatia-chaudry.com,5549271623,11
EMP01910,Ritvik Chaudhuri,34,Male,HR,HR Executive,MBA,83042,6,Mumbai,15,No,4,2,5,5,28,5,5,11,18,3,2,No,Not Provided,16-09-2019,chanderkrish@shere-cheema.org,8840208971,9
EMP01911,Aarna Shetty,30,Female,Customer Support,Customer Success Manager,Bachelors,167175,1,Delhi,7,No,3,5,5,4,74,6,16,5,17,1,3,No,Not Provided,23-05-2021,advika51@gmail.com,7506684413,2
EMP01912,Anaya Grewal,40,Male,Sales,Business Development Associate,Masters,108350,16,Mumbai,21,Yes,5,5,3,3,11,2,16,9,1,2,1,No,Not Provided,17-09-2016,lbutala@hotmail.com,9400208332,2
EMP01913,Ishita Mangat,37,Other,Operations,Supply Chain Analyst,Bachelors,120402,15,Bangalore,10,Yes,1,4,4,1,32,4,21,14,16,5,1,No,Not Provided,02-08-2024,fsaraf@yahoo.com,9540944293,12
EMP01914,Kimaya Contractor,44,Male,HR,HR Manager,Masters,161218,15,Pune,31,No,4,5,5,1,54,2,9,15,17,1,4,No,Not Provided,09-04-2021,esridhar@yahoo.com,3016131047,5
EMP01915,Nehmat Kaul,25,Other,Sales,Business Development Associate,Masters,81784,3,Hyderabad,36,Yes,2,2,2,3,79,10,5,4,6,2,5,Yes,"Poor Work Life Balance, Overtime, Low Job Satisfaction",14-02-2019,kakarvidur@gmail.com,9807502025,15
EMP01916,Saksham Rajagopalan,37,Female,Marketing,Marketing Manager,MBA,37292,11,Pune,24,Yes,4,1,2,4,37,5,24,15,24,4,5,Yes,"Overtime, Low Job Satisfaction, High Stress",10-12-2023,kavyasolanki@yahoo.com,7076402009,14
EMP01917,Not Available,52,Female,Operations,Operations Executive,MBA,102936.097,24,Delhi,19,No,1,3,2,1,40,6,15,7,15,1,5,No,Not Provided,14-11-2019,hayreanya@aggarwal.info,3606452369,9
EMP01918,Riya Golla,52,Female,Sales,Business Development Associate,Diploma,112551,23,Kolkata,22,No,4,3,4,5,36,9,18,15,20,5,5,No,Not Provided,09-07-2025,fdutta@comar.com,8700190358,7
EMP01919,Piya Agate,36,Female,HR,HR Manager,MBA,160988,10,Bangalore,4,No,4,2,1,5,1,9,15,14,1,5,4,No,Not Provided,26-06-2017,ramakrishnanpurab@yahoo.com,4831546200,12
EMP01920,Gokul Randhawa,26,Other,IT,Software Engineer,Diploma,145043,3,Bangalore,23,No,2,1,3,3,78,7,24,11,24,5,1,Yes,"Poor Work Life Balance, Low Job Satisfaction, High Stress",18-04-2026,ebabu@gmail.com,3183625373,13
EMP01921,Khushi Kalita,53,Female,Sales,Sales Executive,Diploma,128795,32,Pune,16,Yes,5,5,5,5,0,10,8,2,2,3,1,No,Not Provided,08-02-2022,dharaaina@kurian.com,2936768580,4
EMP01922,Aarav Goswami,57,Other,Operations,Operations Executive,Bachelors,31406,37,Kolkata,15,No,4,3,3,3,68,0,10,11,2,5,5,No,Not Provided,17-04-2026,sbawa@yahoo.com,4625122074,5
EMP01923,Anay Chawla,40,Male,Operations,Operations Executive,Diploma,176495,13,Pune,1,No,1,2,5,2,4,2,19,10,14,2,4,No,Not Provided,13-01-2017,stuvanmalhotra@hotmail.com,4540619531,10
EMP01924,Aarush Ranganathan,57,Other,HR,Recruiter,MBA,128975,35,Pune,35,Yes,3,1,3,2,56,5,4,12,7,3,5,Yes,"Overtime, Low Job Satisfaction, Manager Issues",01-07-2024,zroy@hotmail.com,7387398049,14
EMP01925,Myra Thakur,34,Other,Marketing,SEO Specialist,Diploma,175491,9,Pune,25,No,1,5,2,1,14,9,4,14,9,1,1,Yes,"Poor Work Life Balance, Manager Issues, No Promotion",17-10-2016,Not Generated,2854643957,14
EMP01926,Biju Maharaj,31,Male,HR,HR Manager,Diploma,84306,4,Pune,8,No,4,1,3,4,75,3,12,9,21,5,3,No,Not Provided,15-04-2018,adira79@ranganathan-ray.info,2428528957,6
EMP01927,Lakshit Mani,35,Male,IT,Data Analyst,Diploma,31740,5,Kolkata,26,Yes,3,5,2,5,67,10,15,14,21,5,3,No,Not Provided,08-12-2020,vihaan59@gmail.com,7141947065,12
EMP01928,Madhav Tara,49,Other,Finance,Accountant,Masters,145872,22,Mumbai,28,Yes,3,4,2,1,80,5,16,7,7,2,4,No,Not Provided,14-05-2021,vedika33@yahoo.com,594172248,9
EMP01929,Sana Kumar,43,Male,Finance,Finance Manager,Bachelors,144423,21,Pune,1,No,4,3,5,5,32,6,3,8,4,2,2,No,Not Provided,20-12-2017,cyohannan@gmail.com,468152034,4
EMP01930,Sara Cheema,34,Male,Operations,Operations Executive,Masters,25077,8,Bangalore,37,No,5,4,2,4,58,2,20,1,17,2,2,No,Not Provided,18-01-2018,kabir94@hotmail.com,7220482233,3
EMP01931,Gatik Sachar,60,Female,Finance,Accountant,Diploma,159840,38,Kolkata,13,No,4,2,2,1,74,9,1,10,15,3,5,Yes,"Low Job Satisfaction, Manager Issues, No Promotion",16-09-2020,dshere@dixit-hora.com,6268281540,13
EMP01932,Aaryahi Agrawal,49,Female,Customer Support,Customer Success Manager,Bachelors,102818,26,Chennai,33,Yes,5,2,5,3,77,7,1,1,4,1,3,No,Not Provided,25-05-2022,subramaniamindranil@hotmail.com,5435720041,10
EMP01933,Aarush Krish,17,Female,Finance,Financial Analyst,MBA,68398,18,Chennai,22,No,5,5,3,2,48,8,4,12,17,1,1,No,Not Provided,04-12-2024,thakerarmaan@jani-bobal.com,999681927,8
EMP01934,Indrans Chacko,46,Female,HR,HR Manager,Diploma,149729,25,Delhi,22,Yes,3,3,1,3,10,0,11,10,7,3,3,No,Not Provided,20-11-2016,ehsaanborah@barad-sastry.com,99973198,6
EMP01935,Kiaan Basak,47,Female,HR,HR Executive,Diploma,76590,21,Hyderabad,25,Yes,3,2,3,1,40,1,2,12,2,4,3,Yes,"Overtime, Low Job Satisfaction, Manager Issues",09-08-2022,cdivan@yahoo.com,4144250304,15
EMP01936,Darshit Bobal,59,Male,Operations,Supply Chain Analyst,Diploma,63455,37,Kolkata,7,Yes,4,4,3,2,59,2,2,7,3,5,1,No,Not Provided,10-05-2020,hbala@dalia-jayaraman.com,7232636607,9
EMP01937,Heer Bose,60,Other,Customer Support,Customer Success Manager,Masters,114078,32,Kolkata,39,No,2,5,3,1,1,10,0,15,0,3,2,No,Not Provided,26-04-2017,ishaan50@sarkar-aurora.org,5618371484,12
EMP01938,Nitara De,24,Female,IT,BI Developer,Diploma,28057,4,Hyderabad,31,Yes,4,4,3,1,50,2,2,3,7,2,5,No,Not Provided,13-01-2024,annedamini@bansal.info,1887719249,7
EMP01939,Ira Gaba,56,Female,HR,HR Executive,Bachelors,124311,26,Hyderabad,32,Yes,1,2,5,3,47,2,2,13,13,5,4,Yes,"Poor Work Life Balance, Overtime, Low Job Satisfaction",13-03-2017,tellayuvaan@chaudhuri.com,7923463635,16
EMP01940,Renee Kanda,37,Male,Sales,Sales Executive,Diploma,153172,16,Chennai,18,No,4,1,2,1,55,0,23,14,20,4,3,No,Not Provided,03-05-2025,keya26@soman.com,7557030802,12
EMP01941,Anvi Chand,56,Other,Operations,Supply Chain Analyst,Diploma,110774,27,Bangalore,31,No,4,5,4,2,72,5,6,5,10,4,4,No,Not Provided,08-12-2019,anikakeer@yahoo.com,3278091969,8
EMP01942,Parinaaz Chatterjee,26,Other,Operations,Operations Executive,MBA,114301,3,Kolkata,3,No,3,2,2,2,48,2,10,6,18,4,4,No,Not Provided,25-12-2016,zoyabasak@dutta.com,7230016979,10
EMP01943,Kaira Sarin,48,Other,Not assigned,Sales Executive,MBA,168625,25,Delhi,9,No,1,4,4,4,79,3,20,1,23,3,2,No,Not Provided,26-07-2024,zoya01@rastogi-kala.com,7777998840,3
EMP01944,Tarini Subramanian,31,Male,Finance,Accountant,MBA,92813,10,Kolkata,37,Yes,1,4,1,3,50,10,8,3,13,4,2,Yes,"Poor Work Life Balance, Overtime, High Stress",21-12-2022,jhanvi77@yahoo.com,3151193908,13
EMP01945,Eva Sehgal,33,Female,Finance,Accountant,Diploma,97540,7,Kolkata,38,Yes,2,5,2,2,74,4,11,6,18,1,4,No,Not Provided,15-08-2022,dhaliwalmehul@gmail.com,7676599546,10
EMP01946,Anika Bumb,45,Male,Finance,Accountant,Diploma,85606,19,Delhi,10,Yes,1,5,5,4,64,1,10,14,12,2,4,No,Not Provided,24-03-2019,kondakashvi@gmail.com,7137947192,7
EMP01947,Vardaniya Sibal,49,Other,Sales,Business Development Associate,Masters,170436,20,Delhi,27,No,4,3,3,4,79,10,25,2,23,4,5,No,Not Provided,18-11-2016,tborah@yahoo.com,5727628555,6
EMP01948,Faiyaz Dyal,51,Male,Operations,Operations Executive,Bachelors,33845,29,Hyderabad,29,Yes,3,5,5,2,0,2,18,7,15,4,4,No,Not Provided,18-01-2022,bhamini38@hotmail.com,4099542478,8
EMP01949,Madhav Borde,31,Male,HR,Recruiter,MBA,104119,5,Hyderabad,12,Yes,2,5,1,5,75,2,8,15,24,4,4,No,Not Provided,06-09-2022,anika91@dhar.com,7821180618,12
EMP01950,Urvi Sen,56,Female,Sales,Sales Manager,Masters,92091,27,Kolkata,7,Yes,1,2,3,4,46,5,7,8,3,5,5,Yes,"Poor Work Life Balance, Overtime, Low Job Satisfaction",28-12-2021,subramaniamkiaan@gmail.com,954860965,13
EMP01951,Kismat Tandon,58,Other,Finance,Accountant,Bachelors,152726,33,Kolkata,29,Yes,1,5,1,2,68,2,12,2,17,3,3,No,Not Provided,16-12-2016,lsankaran@yahoo.com,999490297,10
EMP01952,Manikya Chawla,39,Other,Marketing,SEO Specialist,Masters,171785,19,Noida,4,No,4,5,5,2,0,8,23,13,22,1,1,No,Not Provided,14-10-2016,sabharwalpurab@gmail.com,2885747011,6
EMP01953,Dhanush Trivedi,43,Male,IT,System Admin,Masters,141703,16,Bangalore,4,Yes,4,1,5,5,78,5,7,15,4,1,3,No,Not Provided,27-08-2018,fcontractor@acharya.com,4864162723,9
EMP01954,Hansh Dhillon,43,Other,HR,HR Manager,Masters,29576,16,Kolkata,39,Yes,5,1,1,5,26,9,24,5,5,4,1,Yes,"Overtime, Low Job Satisfaction, High Stress",25-01-2021,sana56@tella-gola.com,3947775119,13
EMP01955,Aaina Yadav,28,Female,Marketing,Marketing Manager,Masters,87591,0,Hyderabad,5,No,4,3.039382866,1,2,13,9,3,9,14,2,4,No,Not Provided,31-12-2016,dchadha@yahoo.com,6121016460,8
EMP01956,Reyansh Shroff,54,Female,Operations,Operations Executive,Diploma,161482,27,Hyderabad,33,No,4,5,1,2,52,9,23,4,5,2,2,No,Not Provided,21-11-2025,krishrajan@das.net,348060218,7
EMP01957,Mohanlal Chandran,22,Other,Marketing,Marketing Manager,Diploma,54264,0,Noida,24,Yes,4,4,4,4,41,9,18,14,5,5,4,No,Not Provided,23-04-2018,hayeruthkarsh@chatterjee.com,5677954356,9
EMP01958,Emir Mall,58,Female,HR,HR Executive,Diploma,170978,35,Chennai,26,Yes,4,2,2,3,75,0,21,3,23,1,4,No,Not Provided,24-07-2024,jayesh60@bali.net,1107794454,8
EMP01959,Tushar Kohli,45,Male,Marketing,Marketing Manager,Diploma,55377,25,Bangalore,18,Yes,5,3,4,2,76,1,18,2,18,2,1,No,Not Provided,13-08-2022,kiara79@gmail.com,9996222701,4
EMP01960,Sahil Golla,51,Male,Sales,Sales Executive,Masters,99259,24,Noida,9,No,3,4,3,5,19,9,22,14,7,5,1,No,Not Provided,03-07-2022,tkhanna@vora-chandran.org,6874479145,7
EMP01961,Fateh Bhargava,37,Female,Marketing,Content Strategist,MBA,70683,16,Bangalore,15,Yes,5,4,4,4,72,9,7,11,6,3,2,No,Not Provided,04-01-2024,ravalrhea@ramesh.com,6695162231,6
EMP01962,Gatik Chana,46,Male,IT,BI Developer,Masters,35933,22,Delhi,25,Yes,2,4,2,3,73,6,18,8,4,4,1,Yes,"Poor Work Life Balance, Overtime, High Stress",08-05-2017,oacharya@gmail.com,2067880376,13
EMP01963,Rania Cheema,49,Other,Finance,Accountant,Bachelors,123732,26,Noida,30,Yes,2,3,4,2,39,0,19,10,12,1,3,No,Not Provided,31-03-2023,abhatia@yahoo.com,7488250507,10
EMP01964,Tanya Kumer,25,Male,Customer Support,Customer Success Manager,MBA,148642,0,Hyderabad,27,Yes,2,4,5,2,68,5,12,8,22,4,1,Yes,"Poor Work Life Balance, Overtime, Manager Issues",26-10-2019,chirag18@gmail.com,3706357800,13
EMP01965,Sahil Bhavsar,49,Other,Customer Support,Customer Success Manager,Bachelors,49600,19,Kolkata,32,Yes,3,3,5,2,76,8,10,6,4,5,3,No,Not Provided,11-01-2024,tkade@kara.biz,3082959756,10
EMP01966,Kabir D’Alia,33,Male,Operations,Supply Chain Analyst,MBA,167719,8,Mumbai,6,No,1,4,3,4,43,2,17,14,12,5,4,No,Not Provided,07-05-2018,gokul33@gmail.com,5719604806,8
EMP01967,Ishaan Venkataraman,33,Male,IT,System Admin,Bachelors,150106,8,Delhi,5,No,2,4,4,2,27,7,10,5,20,1,2,No,Not Provided,02-04-2021,lakshitkant@hotmail.com,2519348238,7
EMP01968,Ivan Khare,30,Female,Operations,Operations Executive,Diploma,43646,5,Kolkata,25,No,2,5,4,5,28,3,21,14,13,3,1,No,Not Provided,29-05-2017,sdubey@hotmail.com,9646266698,6
EMP01969,Heer Babu,30,Male,IT,System Admin,Diploma,52671,4,Noida,27,No,1,4,1,4,38,4,15,5,5,5,3,No,Not Provided,13-05-2026,mkorpal@hotmail.com,6770349236,9
EMP01970,Sara Mangal,60,Male,Sales,Sales Manager,MBA,73628,40,Bangalore,27,Yes,5,3,2,1,29,0,23,12,4,3,2,No,Not Provided,06-02-2021,urvimanne@khosla-bhagat.com,3070757981,9
EMP01971,Anika Sha,50,Female,Operations,Supply Chain Analyst,Masters,140170,20,Bangalore,3,No,3,2,5,5,51,6,20,1,24,1,3,No,Not Provided,28-05-2016,lavanya80@dua-sheth.com,9835573838,5
EMP01972,Dharmajan Arya,55,Male,HR,HR Manager,Diploma,161132,32,Chennai,22,Yes,2,3,1,2,2,1,24,12,21,3,4,No,Not Provided,15-02-2024,hiransawhney@hotmail.com,9428496828,11
EMP01973,Abram Upadhyay,44,Male,IT,Software Engineer,Masters,113346,24,Noida,6,Yes,3,2,5,1,3,7,16,14,15,3,5,No,Not Provided,19-12-2018,vaibhav10@hotmail.com,6691440334,11
EMP01974,Arnav Deol,26,Other,Marketing,Content Strategist,Diploma,38384,0,Chennai,33,No,5,3,1,2,27,10,0,10,8,1,2,No,Not Provided,31-08-2018,indrans59@yahoo.com,9899723717,11
EMP01975,Nirvi Gopal,24,Female,Sales,Sales Executive,Bachelors,121072,0,Delhi,13,No,2,3,1,1,28,5,14,15,25,2,2,No,Not Provided,06-02-2021,tariniluthra@bhandari.com,3291885568,11
EMP01976,Arhaan Kuruvilla,59,Male,HR,HR Executive,Masters,82968,35,Delhi,9,Yes,5,5,3,5,36,8,7,1,22,5,5,No,Not Provided,13-06-2016,uchawla@yahoo.com,2837734275,7
EMP01977,Jivika Ganesan,51,Male,HR,Recruiter,Bachelors,121602,31,Delhi,2,No,5,3,4,2,79,6,1,14,11,3,4,No,Not Provided,26-01-2019,akarshghosh@gupta-kara.com,2131040391,8
EMP01978,Dhruv Tara,47,Female,Operations,Supply Chain Analyst,MBA,58673,21,Delhi,6,Yes,3,4,5,1,19,10,8,8,24,5,5,No,Not Provided,07-05-2024,charvidash@hotmail.com,8656683678,9
EMP01979,Nakul Dora,60,Male,Finance,Finance Manager,Bachelors,172298,40,Chennai,35,Yes,2,2,3,1,37,1,16,5,21,5,2,Yes,"Poor Work Life Balance, Overtime, Low Job Satisfaction",02-08-2024,wableindranil@kulkarni.com,4743589580,14
EMP01980,Ranbir Varghese,29,Male,Finance,Financial Analyst,Masters,124910,0,Hyderabad,30,Yes,2,4,4,1,62,4,19,2,1,5,1,No,Not Provided,23-04-2018,dishanibal@gmail.com,4113439721,11
EMP01981,Madhup Agrawal,57,Female,IT,System Admin,MBA,66651,37,Mumbai,24,Yes,2,5,5,1,57,1,17,1,13,1,4,No,Not Provided,22-07-2022,sairasridhar@chawla.net,4399298541,7
EMP01982,Manikya Doctor,51,Other,Operations,Supply Chain Analyst,MBA,78580,29,Delhi,37,No,3,4,4,4,55,8,14,8,22,4,5,No,Not Provided,11-03-2020,aniruddhchana@gmail.com,4286856926,6
EMP01983,Madhup Sane,17,Female,Marketing,Marketing Manager,Diploma,138849,6,Hyderabad,29,No,1,4,5,4,15,8,1,5,15,5,4,No,Not Provided,16-02-2020,varmazain@yahoo.com,4027630141,11
EMP01984,Badal Bath,55,Male,IT,BI Developer,Masters,28649,30,Delhi,27,No,3,1,1,3,80,8,7,2,16,1,4,No,Not Provided,04-02-2017,aiyengar@bala.com,7984355871,8
EMP01985,Rasha Hayre,56,Male,HR,HR Manager,Bachelors,87098,27,Mumbai,40,Yes,5,1,3,1,74,6,3,2,6,2,2,No,Not Provided,27-06-2016,nishithsanghvi@bakshi.com,3048913836,12
EMP01986,Hazel Bahri,60,Other,Customer Support,Customer Success Manager,Masters,110502,33,Mumbai,6,Yes,4,1,1,5,16,2,19,15,5,2,3,No,Not Provided,03-10-2019,abram33@yahoo.com,658643552,9
EMP01987,Jayan Deep,51,Other,Operations,Supply Chain Analyst,Diploma,58975,27,Bangalore,21,Yes,5,2,3,3,25,7,1,11,14,1,5,No,Not Provided,12-12-2020,samarth58@hotmail.com,1788157911,11
EMP01988,Darshit Mander,53,Male,Sales,Business Development Associate,MBA,81392,31,Kolkata,26,No,5,4,4,3,41,1,14,14,19,4,3,No,Not Provided,06-05-2025,tbalay@gokhale.net,5153267790,6
EMP01989,Saanvi Zachariah,48,Female,Finance,Finance Manager,Diploma,115865,27,Noida,8,No,3,3,1,1,21,5,24,15,2,2,2,No,Not Provided,10-10-2023,zchacko@chowdhury.com,5720339253,8
EMP01990,Eva Baria,24,Male,Finance,Financial Analyst,Masters,106854,4,Chennai,16,No,1,4,2,3,46,1,2,11,21,5,2,No,Not Provided,03-04-2017,kapadiakaira@gmail.com,3820008159,12
EMP01991,Armaan Bahri,21,Other,Customer Support,Support Executive,Masters,80670,0,Chennai,8,No,1,5,2,1,44,6,24,11,4,4,2,Yes,"Poor Work Life Balance, Manager Issues, High Stress",04-03-2025,ravaljivika@ganguly-borra.com,2824247894,14
EMP01992,Anaya Varkey,21,Male,Customer Support,Customer Success Manager,Diploma,77556,0,Mumbai,14,Yes,2,2,4,4,6,7,8,5,12,1,5,No,Not Provided,29-05-2021,mkamdar@hotmail.com,6366641901,10
EMP01993,Yashvi Gala,50,Other,Customer Support,Support Executive,MBA,87351,26,Mumbai,26,No,5,4,3,2,35,8,24,9,16,3,4,No,Not Provided,14-03-2023,bhattuthkarsh@kade-zachariah.net,9878100261,5
EMP01994,Alia Saini,49,Other,Operations,Operations Executive,Masters,64308,19,Kolkata,37,No,4,1,5,5,49,9,2,3,25,5,4,No,Not Provided,19-09-2020,dashgatik@ramaswamy.org,9149859207,11
EMP01995,Gatik Kaur,39,Female,Operations,Operations Executive,Diploma,75859,11,Chennai,7,Yes,2,1,2,5,65,7,19,3,2,4,4,Yes,"Poor Work Life Balance, Overtime, Low Job Satisfaction",15-02-2022,divijlall@hotmail.com,5339246273,15
EMP01996,Nayantara Divan,49,Other,Finance,Finance Manager,MBA,103414.5185,25,Noida,34,Yes,2,3,2,4,7,10,0,10,21,2,1,Yes,"Poor Work Life Balance, Overtime, No Promotion",11-08-2020,kapoorlagan@gmail.com,9659952263,14
EMP01997,Ryan Dutta,60,Female,HR,Recruiter,Diploma,108917,33,Bangalore,11,No,4,4,4,2,45,2,9,14,12,5,3,No,Not Provided,21-10-2017,pswamy@luthra.biz,8874485498,7
EMP01998,Armaan Kalita,36,Female,Marketing,Content Strategist,Masters,80102,14,Kolkata,29,Yes,3,5,2,5,43,5,10,11,8,1,4,No,Not Provided,07-06-2023,edwinlagan@gmail.com,4363158018,9
EMP01999,Abram Apte,42,Other,HR,Recruiter,Bachelors,175211,15,Mumbai,1,Yes,5,1,2,3,6,2,22,10,10,1,2,No,Not Provided,11-01-2023,chakrabartiumang@kumer-sura.com,6285908516,9
EMP02000,Vardaniya Kadakia,28,Female,Marketing,SEO Specialist,Bachelors,107815,7,Noida,38,No,1,3,4,4,56,10,24,4,0,2,3,No,Not Provided,24-07-2021,ojasbhardwaj@hotmail.com,3736228515,6
EMP02001,Samarth Ganesan,41,Male,Sales,Sales Manager,MBA,37946,18,Noida,23,No,7,5,2,2,25,4,12,14,16,2,5,No,Not Provided,16-06-2023,hbasak@gmail.com,7343422896,6
EMP02002,Saanvi Sawhney,59,Male,Marketing,Content Strategist,Masters,54227,29,Bangalore,19,Yes,5,4,2,4,16,0,18,7,20,4,1,No,Not Provided,09-07-2018,neelofarchaudhry@gmail.com,4605275356,7
EMP02003,Zain Madan,35,Male,Sales,Business Development Associate,Masters,42782,6,Noida,37,No,2,5,5,3,20,6,12,12,4,4,1,No,Not Provided,31-05-2022,mkrishnan@hotmail.com,1560123737,11
EMP02004,Renee Ben,49,Female,IT,BI Developer,Bachelors,101012,27,Pune,20,No,4,3,4,2,5,10,4,11,2,5,2,No,Not Provided,15-03-2018,hrishitaboase@hotmail.com,3323002348,11
EMP02005,Zara Chopra,25,Male,Finance,Financial Analyst,Bachelors,89359,0,Mumbai,24,No,3,4,3,3,80,9,19,4,7,4,4,No,Not Provided,11-08-2023,purabdayal@hotmail.com,100522154,5
EMP02006,Mehul Madan,36,Other,IT,Accountant,Diploma,120408,7,Delhi,26,Yes,1,1,3,4,8,5,15,2,24,4,2,Yes,"Poor Work Life Balance, Overtime, Low Job Satisfaction",17-02-2020,kismatbajwa@kota-setty.info,5131421957,14
EMP02007,Lavanya Suri,43,Male,Sales,Business Development Associate,Masters,128095,23,Hyderabad,22,No,2,5,3,5,32,2,12,6,3,2,2,No,Not Provided,19-01-2017,pkapur@yahoo.com,8461634972,3
EMP02008,Rania Jhaveri,47,Other,IT,Data Analyst,MBA,33834,17,Pune,3,Yes,1,2,5,3,40,10,8,8,4,3,3,No,Not Provided,29-12-2022,riyahans@yahoo.com,5632722281,10
EMP02009,Jivin Gaba,24,Male,Finance,Accountant,MBA,160786,3,Noida,4,No,2,4,1,2,72,2,15,15,2,3,3,No,Not Provided,22-09-2025,urvi42@bhagat.info,4183597488,9
EMP02010,Shayak Joshi,39,Female,IT,System Admin,MBA,144545,9,Delhi,2,No,2,4,5,5,64,2,20,4,21,2,1,No,Not Provided,21-07-2023,wasonhimmat@hotmail.com,322257487,3
EMP02011,Ryan Gupta,55,Female,IT,System Admin,Masters,159864,26,Hyderabad,31,Yes,4,1,5,2,77,8,18,11,10,3,1,No,Not Provided,13-09-2024,rchaudhuri@gmail.com,4082473443,12
EMP02012,Vivaan Kaur,37,Male,Customer Support,Support Executive,Diploma,126282,14,Noida,16,No,4,1,4,5,48,0,12,1,17,3,5,No,Not Provided,11-03-2025,yrout@yahoo.com,6628480983,3
EMP02013,Nirvi Bhatti,42,Other,Finance,Financial Analyst,MBA,62974,21,Bangalore,15,No,3,3,4,2,60,0,9,2,20,3,4,No,Not Provided,22-09-2022,semnakul@hotmail.com,8556230023,2
EMP02014,Neelofar Sama,53,Female,Sales,Sales Manager,Bachelors,66304,29,Noida,32,Yes,4,5,1,1,28,2,24,8,0,5,2,No,Not Provided,23-05-2025,bhavin03@hotmail.com,8722916179,10
EMP02015,Lakshit Sinha,58,Other,IT,Software Engineer,Bachelors,88563,37,Chennai,21,No,1,5,1,1,46,8,5,6,22,1,3,No,Not Provided,11-12-2023,wwali@garg.com,6280466565,11
EMP02016,Zeeshan Buch,29,Female,Operations,Supply Chain Analyst,Diploma,52522,0,Kolkata,21,Yes,3,2,5,5,7,9,4,9,13,3,3,No,Not Provided,15-07-2020,tkhare@gola-shenoy.com,4895930482,9
EMP02017,Jivika Tank,23,Other,Marketing,SEO Specialist,Bachelors,86791,1,Delhi,4,Yes,2,4,5,4,5,1,20,4,23,1,1,No,Not Provided,16-07-2021,taran75@yahoo.com,2692150537,5
EMP02018,Madhup Krishna,57,Male,Operations,Supply Chain Analyst,Bachelors,170225,30,Chennai,32,No,5,2,3,5,78,4,3,11,5,2,2,No,Not Provided,02-10-2024,prishaverma@ahluwalia.net,9224015138,8
EMP02019,Aarav Jhaveri,41,Female,HR,Recruiter,MBA,77108,16,Delhi,28,No,1,4,4,3,36,10,9,5,9,5,4,No,Not Provided,13-02-2023,ghosetiya@varughese-dass.com,8083764677,9
EMP02020,Piya Raju,51,Other,Marketing,Content Strategist,MBA,26844,26,Delhi,32,Yes,4,3,2,2,33,2,24,5,21,5,2,No,Not Provided,22-03-2026,shaanbalan@dalia.com,7663284269,10
EMP02021,Keya Basu,50,Male,Sales,Sales Executive,MBA,120470,27,Pune,37,Yes,1,2,3,4,10,2,3,13,6,1,1,Yes,"Poor Work Life Balance, Overtime, Low Job Satisfaction",01-02-2018,sahilganesan@dalal.org,5877968299,13
EMP02022,Jiya Grover,26,Female,Finance,Marketing Manager,Masters,27053,0,Mumbai,13,Yes,4,1,4,5,4,5,9,8,3,3,5,No,Not Provided,14-06-2020,kotharijivin@sankar-baria.com,3680499156,7
EMP02023,Sumer Brar,31,Female,Customer Support,Customer Success Manager,Diploma,37336,4,Kolkata,29,Yes,1,4,5,1,52,4,7,12,6,3,1,No,Not Provided,15-01-2018,ybora@yahoo.com,8510038629,10
EMP02024,Shamik Dyal,37,Female,HR,HR Executive,Masters,59410,16,Noida,19,Yes,2,4,4,2,19,9,5,2,20,2,3,No,Not Provided,22-07-2021,tiya14@toor-ganesan.com,1792246817,11
EMP02025,Rasha Halder,34,Male,Operations,Supply Chain Analyst,MBA,147423,11,Bangalore,1,Yes,1,1,4,3,4,2,19,8,0,3,5,No,Not Provided,28-03-2019,ehsaanraval@yahoo.com,5729883948,8
EMP02026,Darshit Yadav,42,Male,Finance,Finance Manager,Diploma,103414.5185,15,Pune,30,No,5,4,1,4,75,3,10,14,15,4,5,No,Not Provided,05-08-2017,sdani@yahoo.com,8172056314,8
EMP02027,Kimaya Brahmbhatt,25,Other,Marketing,SEO Specialist,Bachelors,129940,1,Hyderabad,40,Yes,1,3,2,3,76,7,13,6,17,5,3,Yes,"Poor Work Life Balance, Overtime, High Stress",09-09-2022,uanand@hotmail.com,2819154256,13
EMP02028,Divij Srinivasan,59,Male,Customer Support,Customer Success Manager,Diploma,151643,37,Chennai,35,Yes,3,5,3,5,6,8,23,10,6,1,2,No,Not Provided,06-09-2024,pdoctor@contractor.net,4317578944,7
EMP02029,Nehmat Bhasin,41,Other,HR,HR Executive,Diploma,115748,12,Mumbai,7,No,3,1,2,1,7,5,4,3,14,5,4,Yes,"Low Job Satisfaction, Manager Issues, High Stress",29-08-2019,aarnabhat@gmail.com,1982596021,14
EMP02030,Drishya Dar,46,Male,Operations,Supply Chain Analyst,Masters,31434,19,Pune,2,Yes,3,1,2,4,80,8,9,14,24,4,5,Yes,"Overtime, Low Job Satisfaction, High Stress",04-07-2022,krishemir@hayre.info,1355009442,14
EMP02031,Samiha Saran,39,Other,Sales,Sales Executive,Bachelors,137917,19,Delhi,3,Yes,5,5,5,3,8,7,12,5,20,4,2,No,Not Provided,10-11-2022,samarmander@hotmail.com,6961815474,7
EMP02032,Jayesh Bhagat,47,Male,Operations,Supply Chain Analyst,Masters,68203,21,Pune,14,Yes,2,3,2,3,32,1,4,11,8,3,4,No,Not Provided,10-05-2023,aryarhea@tata.org,44543908,11
EMP02033,Aarna Hora,33,Female,Operations,Supply Chain Analyst,Diploma,89378,3,Delhi,6,No,1,5,3,1,52,9,14,2,17,4,4,No,Not Provided,17-05-2023,uppalshaan@gmail.com,1558435853,10
EMP02034,Nirvi Wadhwa,56,Male,HR,HR Manager,Bachelors,45658,26,Bangalore,25,No,3,3,3,5,69,9,19,2,20,1,2,No,Not Provided,13-02-2021,yluthra@som.com,5793016219,3
EMP02035,Alisha Bajaj,41,Other,Operations,Supply Chain Analyst,Diploma,47387,12,Mumbai,23,Yes,1,1,3,2,48,1,16,5,12,2,4,No,Not Provided,20-07-2023,pihu72@krishnamurthy.com,2199433308,10
EMP02036,Manjari Bala,26,Male,Marketing,Marketing Manager,Diploma,102365,2,Noida,20,No,2,2,3,2,15,0,5,13,9,5,3,Yes,"Poor Work Life Balance, Low Job Satisfaction, Manager Issues",24-12-2024,balansana@hotmail.com,4008763025,15
EMP02037,Riya Ramachandran,36,Male,IT,Data Analyst,Diploma,72255,10,Mumbai,12,No,4,2,5,5,27,7,22,12,25,1,5,No,Not Provided,20-05-2020,rajagopalanurvi@hotmail.com,9341619832,7
EMP02038,Anika Bhagat,30,Male,Marketing,Marketing Manager,Bachelors,159214,2,Noida,34,Yes,3,1,3,2,1,9,11,4,18,3,1,No,Not Provided,27-03-2025,ivansur@gmail.com,8615260645,10
EMP02039,Kashvi De,33,Male,Operations,Supply Chain Analyst,Masters,95471,10,Pune,6,No,2,5,1,4,29,5,23,6,12,1,1,No,Not Provided,16-12-2020,parikrishnamurthy@gade.com,8688499684,7
EMP02040,Pranay Chandran,54,Male,Operations,Operations Executive,MBA,105394,31,Delhi,4,No,4,4,3,3,59,5,25,11,22,2,1,No,Not Provided,11-05-2021,vaidyaishita@dewan-shenoy.com,6473595481,4
EMP02041,Fateh Kashyap,27,Female,Finance,Accountant,Masters,99317,1,Kolkata,22,No,5,1,2,5,57,9,20,14,15,3,4,No,Not Provided,16-12-2020,walidrishya@sule.biz,813967548,9
EMP02042,Adah Warrior,55,Male,HR,Recruiter,Bachelors,45413,25,Kolkata,2,No,1,2,4,4,54,3,4,15,5,2,5,No,Not Provided,03-05-2020,iswamy@roy.com,5727422375,10
EMP02043,Aaina Garg,26,Female,Sales,Sales Manager,Bachelors,173022,2,Pune,30,Yes,5,2,4,1,30,7,17,14,23,5,3,Yes,"Overtime, Low Job Satisfaction, Manager Issues",02-02-2024,drishya72@bhavsar-srivastava.com,8934618525,15
EMP02044,Nirvaan Shetty,48,Other,IT,System Admin,MBA,35227,20,Mumbai,34,No,2,4,4,2,24,9,17,7,4,5,3,No,Not Provided,01-09-2017,ivan26@virk.info,2686507064,11
EMP02045,Ishita Chaudry,45,Other,Operations,Operations Executive,MBA,75859,15,Mumbai,25,Yes,5,5,5,3,0,1,6,3,9,3,2,No,Not Provided,27-08-2023,Not Generated,8985756281,3
EMP02046,Zara Dasgupta,58,Other,Operations,Supply Chain Analyst,Masters,106687,35,Mumbai,19,No,5,4,4,3,65,5,19,2,11,2,1,No,Not Provided,20-03-2018,subramaniamjhanvi@hotmail.com,8959523977,2
EMP02047,Aayush Biswas,36,Other,Sales,Business Development Associate,MBA,98650,9,Bangalore,14,No,2,3,3,2,56,3,8,6,3,3,5,No,Not Provided,11-03-2026,ravianiruddh@hotmail.com,2983963340,5
EMP02048,Vaibhav Venkatesh,54,Female,Customer Support,Customer Success Manager,Bachelors,133597,34,Pune,17,Yes,4,4,4,3,80,7,23,8,22,4,1,No,Not Provided,03-01-2026,tankazad@gandhi-saxena.net,4375290002,7
EMP02049,Pihu Batta,43,Female,IT,System Admin,Diploma,57609,19,Chennai,5,No,4,5,1,4,3,6,2,11,0,5,4,No,Not Provided,15-09-2017,jainindrajit@yahoo.com,3116918951,11
EMP02050,Jayan Sandal,60,Male,IT,System Admin,Diploma,41396,32,Kolkata,19,Yes,5,3.039382866,5,1,43,10,3,14,16,1,2,No,Not Provided,12-08-2024,nbala@yahoo.com,2609468382,10
EMP02051,Prisha Babu,22,Female,Finance,Financial Analyst,Bachelors,96286,0,Delhi,4,No,2,1,5,2,49,5,15,8,13,4,3,Yes,"Poor Work Life Balance, Low Job Satisfaction, Manager Issues",23-05-2021,baiju96@sabharwal.com,7377156749,13
EMP02052,Bhavin Bhatti,30,Female,Customer Support,Customer Success Manager,Bachelors,119896,4,Noida,29,Yes,1,3,1,4,4,10,13,13,6,4,4,Yes,"Poor Work Life Balance, Overtime, High Stress",27-06-2024,kavyaswaminathan@gmail.com,9901745218,15
EMP02053,Ritvik Dube,22,Female,Finance,Finance Manager,MBA,158834,0,Delhi,12,No,5,1,3,4,42,2,2,15,7,1,5,No,Not Provided,13-08-2024,madhupbandi@kaul-vig.com,7946858205,7
EMP02054,Suhana Trivedi,58,Female,Customer Support,Customer Success Manager,Masters,116135,29,Chennai,8,Yes,3,4,5,4,40,0,6,2,9,4,4,No,Not Provided,02-09-2021,varmanakul@saran-bhasin.net,7518125996,5
EMP02055,Kimaya Sachdeva,48,Male,Operations,Operations Executive,Bachelors,130738,27,Delhi,33,Yes,3,3,4,5,33,9,8,2,22,4,4,No,Not Provided,01-05-2025,baiju49@tank.info,9657930832,8
EMP02056,Hiran Gupta,30,Female,Operations,Supply Chain Analyst,MBA,28045,9,Chennai,29,No,1,5,5,5,52,0,12,12,23,5,4,No,Not Provided,27-03-2020,datesana@hotmail.com,9388903528,9
EMP02057,Nitya Shukla,38,Male,Sales,Sales Manager,Masters,122844,10,Bangalore,15,No,1,4,5,1,26,5,12,6,1,2,4,No,Not Provided,01-01-2023,jhadharmajan@savant.com,7577473291,7
EMP02058,Samarth Krishnamurthy,34,Female,Sales,Sales Manager,MBA,138483,4,Hyderabad,22,No,1,1,3,2,21,9,14,3,7,4,5,Yes,"Poor Work Life Balance, Low Job Satisfaction, Manager Issues",05-05-2021,himmat38@maharaj.com,8244347042,13
EMP02059,Reyansh Vala,59,Female,Finance,Finance Manager,Diploma,135861,36,Bangalore,5,No,4,1,4,1,40,8,20,4,2,5,2,No,Not Provided,01-06-2019,samarmanda@hotmail.com,5275144540,10
EMP02060,Yuvraj  Gera,46,Female,Marketing,SEO Specialist,MBA,71977,23,Kolkata,19,Yes,3,5,3,4,49,10,11,3,21,3,1,No,Not Provided,20-09-2022,dshukla@vora.com,1122261113,4
EMP02061,Dharmajan Khanna,38,Male,Customer Support,Customer Success Manager,Masters,141779,9,Hyderabad,23,Yes,3,1,3,3,37,4,21,12,12,2,2,No,Not Provided,17-09-2023,ivana35@hotmail.com,2337696621,7
EMP02062,Tushar Butala,51,Male,IT,Software Engineer,Diploma,114978,30,Delhi,17,No,1,2,5,5,3,2,14,10,19,2,2,No,Not Provided,02-12-2023,vritikagoyal@hayer-batra.biz,4998734399,8
EMP02063,Kiaan Tripathi,44,Other,Customer Support,Customer Success Manager,Bachelors,177142,15,Delhi,32,Yes,5,1,2,1,66,10,23,7,9,1,2,No,Not Provided,05-10-2024,shamikiyer@luthra.com,7090858571,12
EMP02064,Vritika Iyengar,33,Female,Operations,Operations Executive,Bachelors,105014,6,Kolkata,27,No,3,5,5,1,36,9,20,13,1,4,2,No,Not Provided,27-12-2016,pdhar@vala.com,6183635117,10
EMP02065,Taimur Lal,45,Female,Customer Support,Support Executive,Masters,74125,20,Bangalore,21,Yes,2,3,2,5,72,8,13,9,16,5,4,No,Not Provided,02-02-2025,vardaniya04@sangha.com,3013228768,12
EMP02066,Zeeshan Zachariah,47,Male,Operations,Supply Chain Analyst,Masters,164724,27,Chennai,5,No,2,5,5,5,18,3,23,11,9,5,3,No,Not Provided,20-11-2022,ahujasamiha@gmail.com,3377887596,8
EMP02067,Taran Acharya,43,Other,Customer Support,Customer Success Manager,Bachelors,139689,17,Kolkata,1,No,3,5,4,4,79,9,16,11,13,5,3,No,Not Provided,28-11-2023,ahalder@warrior-yadav.info,2794761318,7
EMP02068,Shlok Sandal,22,Male,Finance,Accountant,Diploma,124024,0,Delhi,13,No,5,4,2,3,41,3,2,11,2,5,2,No,Not Provided,07-06-2019,misha32@badal.com,5976359742,9
EMP02069,Misha Chatterjee,24,Male,Operations,Supply Chain Analyst,Bachelors,98494,4,Noida,20,No,2,4,3,5,65,2,14,6,2,5,3,No,Not Provided,12-01-2026,krishnanehmat@hotmail.com,7353750895,6
EMP02070,Renee Bakshi,59,Female,Sales,Sales Manager,Masters,105435.8899,33,Bangalore,31,Yes,4,5,5,4,58,4,25,2,6,1,2,No,Not Provided,04-11-2021,yashvi73@kara.com,7421113829,3
EMP02071,Baiju Bhatia,32,Female,Marketing,SEO Specialist,Masters,122807,5,Bangalore,12,Yes,2,4,3,5,44,5,7,11,19,1,2,No,Not Provided,06-10-2020,chaudhurisana@chopra.com,5007700249,9
EMP02072,Amira Dhillon,38,Female,IT,Data Analyst,Masters,152686,8,Bangalore,16,Yes,2,4,5,2,73,0,8,12,24,4,1,No,Not Provided,05-07-2018,dkari@yahoo.com,3386152329,12
EMP02073,Shanaya Wable,29,Male,Marketing,SEO Specialist,Masters,76107,9,Bangalore,16,Yes,4,4,1,2,48,3,7,4,6,3,1,No,Not Provided,24-07-2019,dharmajan25@hotmail.com,4367475318,6
EMP02074,Kiara Bajaj,23,Other,Finance,Finance Manager,Diploma,28509,0,Hyderabad,9,Yes,2,4,1,1,77,2,9,3,7,2,5,No,Not Provided,01-09-2020,nehmatbir@yahoo.com,325839422,9
EMP02075,Indrans Borah,60,Other,Marketing,Marketing Manager,MBA,129752,37,Noida,6,No,3,2,2,3,39,5,14,15,8,2,4,No,Not Provided,11-05-2025,krishnastuvan@gmail.com,4310300459,9
EMP02076,Anahi Wali,42,Female,Operations,Supply Chain Analyst,Bachelors,134397,13,Chennai,37,No,4,3,2,4,37,10,7,1,20,4,5,No,Not Provided,07-10-2017,pihuchauhan@atwal.com,3047393993,8
EMP02077,Mahika Shere,22,Other,Finance,Financial Analyst,MBA,75774,0,Delhi,25,No,3,1,1,5,25,3,17,3,25,4,5,No,Not Provided,09-10-2023,varkeynitara@mander.com,2380441585,9
EMP02078,Darshit Ganesh,51,Male,IT,Software Engineer,Masters,179150,30,Bangalore,16,Yes,1,1,5,4,60,4,20,2,12,1,5,No,Not Provided,14-05-2021,bdoctor@rout.info,5725163580,8
EMP02079,Misha Zachariah,21,Other,Customer Support,Support Executive,Diploma,54560,1,Noida,1,No,4,4,2,1,61,6,5,14,5,4,1,Yes,"Manager Issues, High Stress, No Promotion",29-03-2026,samihachadha@hotmail.com,9970453098,13
EMP02080,Sumer Agarwal,54,Male,HR,Recruiter,Masters,108323,24,Noida,9,Yes,4,1,1,3,29,2,13,10,12,5,5,No,Not Provided,20-05-2017,kalalagan@kara.org,9178711088,12
EMP02081,Ryan Chada,32,Other,Finance,Accountant,Masters,102195.4237,2,Noida,21,No,2,3,3,5,31,0,20,2,24,2,5,No,Not Provided,30-04-2022,lchoudhury@gmail.com,5829296278,3
EMP02082,Tejas Dara,26,Female,Customer Support,Customer Success Manager,Bachelors,96411,0,Bangalore,31,No,1,2,5,5,54,9,7,8,8,2,3,No,Not Provided,13-12-2016,chhabrasamar@sandal.biz,6825040692,9
EMP02083,Mehul Das,50,Male,HR,Recruiter,Masters,149327,27,Hyderabad,3,No,1,4,5,3,63,6,23,10,15,4,4,No,Not Provided,17-07-2019,jayant81@kata-vala.com,8938371829,10
EMP02084,Zain Mahajan,33,Male,Sales,Business Development Associate,Bachelors,122253,3,Mumbai,39,No,3,1,3,5,36,7,23,3,11,3,5,No,Not Provided,21-08-2022,bhamini45@barad.net,8044371088,6
EMP02085,Vedika Sekhon,47,Other,Not assigned,Supply Chain Analyst,MBA,118706,22,Noida,28,Yes,4,4,3,5,2,9,21,8,10,5,1,No,Not Provided,02-07-2024,aarna93@anne.info,3555302407,8
EMP02086,Taran Konda,39,Female,Customer Support,Customer Success Manager,Diploma,175494,19,Noida,11,Yes,1,5,5,2,73,8,23,3,7,5,4,No,Not Provided,28-02-2022,kismat77@lal.info,6746622551,12
EMP02087,Stuvan Sinha,34,Other,Operations,Operations Executive,Masters,48814,5,Delhi,40,Yes,3,1,1,1,52,0,20,8,0,4,5,Yes,"Overtime, Low Job Satisfaction, Manager Issues",02-01-2021,crout@yahoo.com,4228772526,13
EMP02088,Mehul Dhar,22,Male,HR,Recruiter,MBA,99166,0,Mumbai,1,No,5,1,3,2,70,10,12,10,17,2,1,No,Not Provided,29-11-2024,kamdarvidur@hotmail.com,1880697209,9
EMP02089,Nehmat Yadav,35,Female,IT,System Admin,Diploma,141650,12,Kolkata,22,Yes,5,5,1,2,61,10,14,14,20,5,5,Yes,"Overtime, Manager Issues, High Stress",17-02-2019,shaancherian@kadakia.com,6848103938,13
EMP02090,Pranay Dutt,35,Female,Marketing,SEO Specialist,Diploma,63375,6,Chennai,13,No,5,4,1,4,73,9,5,12,8,4,5,No,Not Provided,13-08-2017,abram82@johal.com,1065861550,11
EMP02091,Emir Chhabra,29,Other,Marketing,Marketing Manager,Diploma,111333,5,Noida,7,Yes,1,2,4,1,77,2,2,15,11,3,5,Yes,"Poor Work Life Balance, Overtime, Low Job Satisfaction",27-05-2016,goyalcharvi@kara-bahri.com,8346880980,14
EMP02092,Ryan Chacko,32,Other,Marketing,Content Strategist,Diploma,84659,3,Mumbai,31,No,5,2,2,5,6,8,8,14,1,2,2,No,Not Provided,10-06-2018,kadakiachirag@gmail.com,5417235555,10
EMP02093,Jiya Barman,53,Other,Customer Support,Support Executive,Masters,80121,28,Hyderabad,17,Yes,3,1,4,5,77,5,10,10,25,4,4,No,Not Provided,06-04-2020,krishnaaarush@gmail.com,1209973700,12
EMP02094,Prisha Sandal,43,Male,Finance,Financial Analyst,Bachelors,119984,15,Mumbai,22,No,1,1,3,3,20,0,18,8,10,2,5,No,Not Provided,03-11-2021,ssehgal@raja.com,8576774410,6
EMP02095,Aarna Raj,59,Male,Marketing,Marketing Manager,MBA,123356,34,Kolkata,36,No,5,1,3,1,45,2,1,9,7,1,5,No,Not Provided,01-05-2019,xlala@gandhi.biz,4871328283,8
EMP02096,Jayesh Gandhi,49,Female,Marketing,Content Strategist,Diploma,35492,24,Bangalore,13,Yes,4,4,3,4,12,8,2,15,0,4,3,No,Not Provided,16-03-2020,dharmajanmall@vig.com,9415588467,11
EMP02097,Vanya Sanghvi,58,Female,Marketing,SEO Specialist,MBA,110098,36,Delhi,26,Yes,4,5,3,3,11,1,14,7,19,2,3,No,Not Provided,12-03-2020,uthkarshmaster@hotmail.com,7980438763,3
EMP02098,Taimur Saran,33,Female,Sales,Sales Manager,Diploma,72591,11,Mumbai,25,Yes,2,4,2,3,54,8,23,10,6,3,2,No,Not Provided,19-08-2018,birranbir@hari-boase.com,1524878044,12
EMP02099,Abram Shere,55,Female,HR,HR Manager,MBA,38866,26,Kolkata,8,Yes,4,3,4,1,3,6,6,2,7,5,4,No,Not Provided,01-07-2022,onkarmall@yahoo.com,3894234247,9
EMP02100,Baiju Kalla,23,Other,Marketing,Content Strategist,Diploma,28260,0,Hyderabad,39,Yes,3,2,2,3,58,8,22,6,25,3,2,No,Not Provided,13-12-2019,kuriandamini@gmail.com,9345928707,10
EMP02101,Shayak Basu,38,Male,HR,HR Manager,Masters,138798,18,Pune,3,Yes,3,5,3,5,0,6,3,2,10,2,3,No,Not Provided,19-04-2019,hridaansood@dhingra.com,9735446193,6
EMP02102,Tara Grover,44,Male,Operations,Supply Chain Analyst,Diploma,108106,18,Mumbai,26,No,3,3,2,5,64,9,6,1,24,5,3,No,Not Provided,15-01-2025,sanghviparinaaz@hotmail.com,9208478772,8
EMP02103,Gokul Dar,52,Female,Customer Support,Customer Success Manager,Diploma,55672,22,Kolkata,8,No,4,4,2,3,32,2,12,2,19,2,1,No,Not Provided,30-10-2023,parinaazchoudhry@dayal-bose.com,8292973298,2
EMP02104,Alia Sandal,52,Male,Operations,Operations Executive,Diploma,93274,29,Noida,4,No,5,5,4,5,16,9,16,6,1,5,4,No,Not Provided,12-12-2021,sandhuaradhya@yahoo.com,6073188006,5
EMP02105,Piya Borra,26,Other,Customer Support,Customer Success Manager,MBA,26021,2,Kolkata,20,Yes,1,2,1,5,32,3,18,5,17,1,5,No,Not Provided,04-10-2023,dhillonbiju@verma-dugar.com,5667713586,10
EMP02106,Saira Din,37,Female,Customer Support,Customer Success Manager,Diploma,170365,7,Delhi,26,Yes,1,5,4,1,27,4,13,10,19,4,1,Yes,"Poor Work Life Balance, Overtime, Manager Issues",14-10-2016,ahujaaniruddh@das.info,1762784590,13
EMP02107,Anahi D’Alia,30,Other,HR,HR Executive,Masters,118550,7,Mumbai,32,Yes,3,2,2,5,61,1,19,7,5,4,5,No,Not Provided,05-01-2022,vtank@bail.com,7424218964,11
EMP02108,Riya Tripathi,49,Male,Sales,Sales Executive,Bachelors,51256,24,Bangalore,17,No,3,3,4,5,80,1,11,5,17,1,2,No,Not Provided,04-02-2023,wkalla@yahoo.com,691943201,0
EMP02109,Vanya Amble,34,Male,Marketing,Marketing Manager,Bachelors,55639,4,Noida,18,Yes,3,1,3,3,32,4,0,2,13,4,1,No,Not Provided,06-10-2023,bainsmannat@randhawa-subramaniam.com,4325545390,10
EMP02110,Raunak Ghose,26,Female,Customer Support,Customer Success Manager,Bachelors,178425,0,Noida,15,No,1,4,1,4,18,7,14,12,5,1,3,No,Not Provided,06-04-2020,hansakarsh@thaman-din.org,8772098169,9
EMP02111,Tanya Joshi,59,Other,Operations,Operations Executive,Diploma,131474,36,Delhi,17,Yes,5,2,1,1,48,3,11,7,11,2,2,No,Not Provided,21-04-2019,ucherian@gola.com,6098623150,9
EMP02112,Aradhya Comar,23,Female,HR,Recruiter,Masters,57972,3,Mumbai,13,Yes,5,1,5,2,30,5,3,3,23,4,2,Yes,"Overtime, Low Job Satisfaction, Manager Issues",21-08-2021,senguptahansh@shanker.com,9490778823,14
EMP02113,Lakshay Bansal,59,Female,Marketing,Marketing Manager,Bachelors,110186,39,Mumbai,27,No,3,5,1,2,42,10,19,15,12,2,2,No,Not Provided,20-04-2018,vritikakanda@andra-krishnan.org,8672910940,9
EMP02114,Anika Choudhary,56,Female,HR,HR Manager,Diploma,61446,36,Mumbai,37,Yes,4,5,1,2,76,5,9,9,6,3,4,No,Not Provided,16-08-2024,boaseyuvraj@lata.com,1724815788,9
EMP02115,Parinaaz Dutta,33,Male,Finance,Accountant,MBA,161416,13,Delhi,16,No,2,5,5,2,54,0,0,13,17,4,3,No,Not Provided,30-08-2018,xchaudhary@yahoo.com,8949993999,12
EMP02116,Tarini Kibe,40,Other,Finance,Financial Analyst,Masters,175138,20,Bangalore,9,No,2,5,3,1,79,6,12,5,15,5,2,No,Not Provided,31-12-2022,divij19@basak.com,4881920140,10
EMP02117,Jiya Bhatia,32,Male,IT,Software Engineer,MBA,53562,6,Chennai,17,No,1,4,5,3,21,5,13,9,1,1,1,No,Not Provided,30-05-2016,seshadritaimur@krishnan.biz,2685334124,5
EMP02118,Piya Issac,32,Other,Operations,Supply Chain Analyst,Masters,95256,8,Mumbai,21,No,3,5,4,2,53,6,2,12,19,2,4,No,Not Provided,11-02-2021,yuvaan02@andra.com,3484397012,8
EMP02119,Navya Khare,47,Male,Operations,Operations Executive,Diploma,173160,24,Hyderabad,2,Yes,1,5,4,4,9,10,5,13,6,5,4,Yes,"Poor Work Life Balance, Overtime, High Stress",10-04-2024,walirenee@kota-dixit.com,2678822345,14
EMP02120,Sahil Brahmbhatt,22,Other,IT,System Admin,MBA,109534,0,Mumbai,10,Yes,5,3.039382866,4,5,57,2,11,1,24,5,4,No,Not Provided,19-08-2019,farhanchander@gmail.com,4723281231,5
EMP02121,Madhav Bedi,23,Other,HR,HR Executive,Bachelors,145369,0,Mumbai,30,Yes,5,2,5,4,43,1,8,3,7,1,4,No,Not Provided,26-10-2016,bsaran@hotmail.com,3052574711,6
EMP02122,Renee Srinivasan,24,Female,Customer Support,Support Executive,Masters,133229,0,Hyderabad,4,Yes,1,2,3,3,44,2,7,4,9,5,5,No,Not Provided,12-04-2024,varkeytara@hotmail.com,1987108829,11
EMP02123,Ehsaan Dayal,60,Female,Operations,Operations Executive,Bachelors,112511,31,Delhi,7,No,1,5,4,3,53,1,21,13,16,2,5,No,Not Provided,21-03-2025,iwadhwa@swamy.com,9261831893,5
EMP02124,Shray Garde,55,Female,Sales,Sales Executive,MBA,70275,27,Bangalore,6,No,2,5,3,5,41,3,14,13,23,5,3,No,Not Provided,25-01-2026,magaraayush@kumer-dyal.org,1888146929,8
EMP02125,Kimaya Kaur,35,Female,Marketing,Marketing Manager,Bachelors,152247,13,Pune,26,Yes,2,4,2,5,50,5,19,11,16,1,1,No,Not Provided,03-10-2023,geraojas@wable.com,5618378680,12
EMP02126,Jayesh Chadha,55,Male,IT,Data Analyst,Diploma,127195,34,Delhi,5,Yes,1,4,1,2,34,5,10,6,9,3,1,No,Not Provided,13-01-2025,anikaahluwalia@yahoo.com,6861882514,11
EMP02127,Anvi Shukla,52,Male,HR,Recruiter,Masters,121150,31,Noida,18,Yes,4,4,5,2,11,6,21,12,9,1,5,No,Not Provided,18-09-2020,rbahri@wagle-savant.com,904896804,8
EMP02128,Jhanvi Sathe,22,Male,Finance,Accountant,Diploma,65101,0,Noida,30,Yes,1,1,4,2,49,8,7,11,16,5,1,Yes,"Poor Work Life Balance, Overtime, Low Job Satisfaction",30-01-2020,vsidhu@yahoo.com,1703465416,18
EMP02129,Devansh Sahota,44,Female,Sales,Sales Manager,Masters,121081,20,Mumbai,1,Yes,1,5,3,1,43,8,8,8,4,2,5,No,Not Provided,26-09-2024,ranbir84@banik-ravi.com,9815391416,9
EMP02130,Tarini Gokhale,39,Other,HR,Recruiter,Diploma,96624,14,Mumbai,1,No,1,2,2,2,52,3,15,15,0,4,2,Yes,"Poor Work Life Balance, Low Job Satisfaction, Manager Issues",03-11-2021,shaan76@badal.com,7684512506,15
EMP02131,Yuvraj  Dugar,55,Male,Sales,Sales Manager,Diploma,78888,34,Bangalore,9,No,3,3,4,4,64,5,4,2,19,5,2,No,Not Provided,14-08-2022,zeeshanganesh@yahoo.com,9004243902,7
EMP02132,Zara Bumb,41,Male,Finance,Financial Analyst,MBA,70753,18,Pune,33,No,1,1,4,4,5,3,15,14,0,5,4,No,Not Provided,07-11-2024,ocomar@dave-kari.com,7436618030,12
EMP02133,Ivan Gopal,54,Male,Finance,Finance Manager,Diploma,95595,25,Kolkata,10,No,3,2,4,1,7,10,25,9,16,2,1,No,Not Provided,15-05-2021,mdeol@hotmail.com,7886646064,7
EMP02134,Tushar Bhardwaj,33,Other,Marketing,SEO Specialist,Masters,73566,4,Chennai,14,No,5,5,2,1,69,4,19,2,18,5,1,No,Not Provided,28-11-2023,reyansh59@hotmail.com,2778738198,7
EMP02135,Indrans Issac,40,Female,IT,System Admin,Masters,164924,18,Kolkata,21,No,3,2,1,3,63,5,10,2,24,1,1,No,Not Provided,11-12-2023,vvirk@rana.org,1185578548,7
EMP02136,Ritvik Dewan,43,Other,Finance,Accountant,Masters,98629,13,Mumbai,37,Yes,2,1,5,2,2,1,14,1,9,1,1,No,Not Provided,08-10-2019,reyanshkrish@hotmail.com,6470203210,11
EMP02137,Nitya Vaidya,22,Male,IT,System Admin,Bachelors,84899,0,Hyderabad,39,No,5,2,5,3,4,0,12,12,13,3,2,No,Not Provided,07-01-2020,zoya04@hotmail.com,5663595143,6
EMP02138,Kaira Chaudhry,32,Male,Finance,Finance Manager,Masters,132709,5,Delhi,11,Yes,1,4,4,2,66,4,10,12,10,5,4,No,Not Provided,20-11-2021,faiyaz12@hotmail.com,3731114208,12
EMP02139,Taimur Rajagopalan,55,Male,Operations,Supply Chain Analyst,MBA,33137,35,Kolkata,22,Yes,4,2,2,5,60,6,1,15,6,1,1,Yes,"Overtime, Low Job Satisfaction, No Promotion",16-12-2020,arnav57@golla.com,607860754,13
EMP02140,Parinaaz Raval,35,Other,Finance,Financial Analyst,Bachelors,159894,12,Delhi,1,No,1,2,2,1,64,6,3,4,25,4,4,Yes,"Poor Work Life Balance, Low Job Satisfaction, Manager Issues",02-07-2025,renee36@hotmail.com,9605279291,17
EMP02141,Urvi Upadhyay,48,Other,HR,HR Executive,MBA,166848,21,Hyderabad,16,No,3,4,3,5,64,1,20,3,25,1,1,No,Not Provided,13-05-2024,sanimadhup@tata-maharaj.com,5317510344,0
EMP02142,Taimur Borde,22,Other,Operations,Supply Chain Analyst,Masters,60423,1,Hyderabad,30,No,5,4,2,2,64,1,12,2,8,2,5,No,Not Provided,12-03-2024,kaleinaaya@khatri.com,9421728462,5
EMP02143,Lakshit Master,40,Male,IT,System Admin,Diploma,134677,20,Chennai,34,Yes,1,2,1,2,25,3,15,6,17,2,4,Yes,"Poor Work Life Balance, Overtime, Low Job Satisfaction",11-03-2021,inaaya-28@hotmail.com,3501938184,13
EMP02144,Advika Thaker,53,Female,Customer Support,Support Executive,Bachelors,101174,32,Delhi,22,No,1,4,5,4,71,0,11,4,23,1,2,No,Not Provided,20-06-2023,btara@yahoo.com,1877812162,3
EMP02145,Kismat Bhattacharyya,46,Male,Operations,Operations Executive,MBA,120079,24,Kolkata,13,Yes,5,2,5,3,18,0,11,5,10,3,3,No,Not Provided,04-12-2017,ktak@yahoo.com,6231750639,5
EMP02146,Pari Wable,42,Male,Customer Support,Customer Success Manager,Masters,105530.7044,15,Noida,23,No,1,4,5,2,50,9,3,10,12,2,3,No,Not Provided,11-06-2021,balasubramanianurvi@yahoo.com,4544152891,11
EMP02147,Kabir Mahal,38,Female,Operations,Supply Chain Analyst,Masters,153849,13,Bangalore,32,No,5,3,5,5,67,3,0,5,3,2,4,No,Not Provided,19-08-2018,kshanker@cheema-jaggi.com,2670140445,3
EMP02148,Seher Dewan,49,Other,IT,BI Developer,MBA,102917.7898,25,Kolkata,16,No,3,4,2,2,73,10,15,15,6,5,1,No,Not Provided,22-01-2020,shayak99@jha-handa.biz,3688979306,11
EMP02149,Ritvik Sodhi,57,Male,HR,HR Executive,MBA,62493,27,Pune,26,No,3,3,1,1,51,10,9,2,11,4,2,No,Not Provided,11-01-2026,jivin73@gmail.com,2788416999,10
EMP02150,Inaaya  Rajan,58,Other,Finance,Accountant,Diploma,160886,38,Delhi,6,Yes,3,3,2,3,1,10,6,6,25,4,1,No,Not Provided,10-09-2017,kabirdhawan@hotmail.com,9388440232,9
EMP02151,Dhruv Sheth,44,Female,Finance,Accountant,MBA,77599,20,Mumbai,15,Yes,2,3,2,2,79,5,15,9,4,4,3,Yes,"Poor Work Life Balance, Overtime, Manager Issues",26-07-2020,wramanathan@gmail.com,564981974,14
EMP02152,Biju Mani,50,Male,IT,Data Analyst,Bachelors,138942,28,Kolkata,6,Yes,3,4,4,4,52,6,15,13,4,1,1,No,Not Provided,16-12-2021,sankarankavya@hotmail.com,2601377809,6
EMP02153,Kiara Master,21,Male,Operations,Supply Chain Analyst,Masters,126373,0,Noida,33,No,1,1,3,3,51,5,17,8,16,1,3,No,Not Provided,18-06-2016,grewalkiara@yahoo.com,139848649,9
EMP02154,Chirag Raju,44,Other,Not assigned,System Admin,Diploma,152483,19,Pune,9,Yes,2,1,4,1,47,8,1,10,8,2,5,Yes,"Poor Work Life Balance, Overtime, Low Job Satisfaction",10-04-2017,ichar@kant.com,4111174992,16
EMP02155,Farhan Sanghvi,50,Female,Finance,Accountant,Masters,170183,28,Pune,9,Yes,1,3,5,2,1,4,7,14,4,2,2,No,Not Provided,26-10-2021,koshykanav@dugal.com,6982243652,9
EMP02156,Piya Bhat,21,Other,HR,HR Executive,MBA,45789,0,Delhi,39,No,5,2,3,2,28,3,25,8,18,5,2,No,Not Provided,17-12-2017,vivaan65@gala-madan.com,6819808994,9
EMP02157,Dhruv Kanda,42,Other,Marketing,SEO Specialist,Bachelors,134936,20,Chennai,6,Yes,1,4,5,2,15,7,5,13,1,4,2,Yes,"Poor Work Life Balance, Overtime, Manager Issues",06-12-2024,oorjauppal@chawla.info,7348794315,16
EMP02158,Yakshit Borde,60,Male,IT,BI Developer,Bachelors,45387,37,Chennai,14,Yes,2,3,5,4,29,7,12,3,25,4,1,No,Not Provided,04-09-2025,tooradvik@yahoo.com,6549115305,10
EMP02159,Aarav Grewal,39,Other,Sales,Sales Executive,Diploma,78283,18,Hyderabad,2,Yes,3,4,4,5,45,1,3,1,22,3,1,No,Not Provided,21-03-2018,ivanrajan@gmail.com,992134286,4
EMP02160,Anya Behl,50,Other,Customer Support,Customer Success Manager,MBA,85904,30,Hyderabad,20,No,3,4,2,4,30,6,12,5,23,3,5,No,Not Provided,26-05-2016,ritvik02@yahoo.com,8020457596,4
EMP02161,Yuvraj  Lad,26,Male,Customer Support,Support Executive,MBA,81513,0,Noida,7,Yes,3,3,4,1,30,7,2,8,2,1,1,No,Not Provided,01-03-2018,mallrania@hotmail.com,504687618,8
EMP02162,Onkar Anand,24,Female,HR,HR Executive,MBA,61030,0,Mumbai,12,No,3,1,5,4,25,5,19,3,15,4,4,No,Not Provided,14-10-2016,pari97@mann.com,1559912105,8
EMP02163,Gatik Shere,44,Female,Sales,Business Development Associate,MBA,25785,24,Chennai,1,No,1,3,1,4,73,7,18,2,18,5,5,No,Not Provided,06-07-2025,reneeravel@yahoo.com,1835744093,10
EMP02164,Manikya Date,60,Female,IT,Software Engineer,Diploma,74113,40,Delhi,20,Yes,3,1,4,1,62,10,4,13,18,1,4,Yes,"Overtime, Low Job Satisfaction, Manager Issues",18-06-2018,farhan17@bal.com,7522449585,13
EMP02165,Jivin Agarwal,53,Male,HR,HR Manager,Diploma,116425,23,Mumbai,23,Yes,1,2,5,3,47,8,3,12,5,5,3,Yes,"Poor Work Life Balance, Overtime, Low Job Satisfaction",31-07-2016,birnitara@divan.info,5950041416,17
EMP02166,Raghav Rattan,52,Female,IT,BI Developer,MBA,165794,26,Chennai,4,No,2,3,5,3,32,7,2,15,17,2,5,No,Not Provided,30-12-2023,shraymallick@hotmail.com,5430652914,9
EMP02167,Kimaya Dhar,26,Female,Customer Support,Support Executive,Masters,49807,5,Chennai,29,Yes,4,3,4,5,28,7,23,3,0,1,5,No,Not Provided,24-05-2025,contractorpriyansh@sagar.com,7018933149,5
EMP02168,Urvi Sridhar,51,Female,IT,Software Engineer,Masters,141507,26,Delhi,33,Yes,1,4,4,2,54,1,21,7,4,1,1,No,Not Provided,31-12-2024,agrawalyuvraj@sanghvi.com,651045823,8
EMP02169,Kashvi Chad,49,Other,Operations,Operations Executive,MBA,86940,29,Bangalore,36,No,4,3,4,4,68,9,10,5,21,2,1,No,Not Provided,21-11-2019,ela83@hotmail.com,4989257042,3
EMP02170,Dhanuk Mallick,57,Other,HR,HR Executive,Masters,58910,37,Chennai,8,No,5,3,5,2,15,6,16,15,4,3,5,No,Not Provided,02-06-2016,raunakgulati@gmail.com,4480891547,6
EMP02171,Anvi Savant,49,Male,Customer Support,Support Executive,Bachelors,35454,28,Delhi,37,No,4,4,3,4,14,1,12,13,11,5,5,No,Not Provided,04-01-2025,mohanlaldua@yahoo.com,2880138266,6
EMP02172,Shlok Din,45,Male,HR,HR Manager,Diploma,155558,20,Kolkata,22,Yes,4,3,4,4,79,4,4,5,22,3,2,No,Not Provided,18-10-2025,sachdevshalv@randhawa-kala.com,4134127965,4
EMP02173,Badal Gala,49,Female,Marketing,Content Strategist,Bachelors,47844,20,Hyderabad,31,No,2,4,5,3,23,4,19,12,18,2,1,No,Not Provided,08-02-2024,raunaksen@date.biz,6235714293,6
EMP02174,Samiha Chahal,24,Other,Operations,Supply Chain Analyst,Diploma,126428,0,Bangalore,32,Yes,1,1,1,4,33,3,4,4,1,5,5,Yes,"Poor Work Life Balance, Overtime, Low Job Satisfaction",14-07-2019,anahi06@chander.com,1694575154,16
EMP02175,Emir Uppal,21,Other,Sales,Business Development Associate,Diploma,85193,0,Delhi,40,Yes,4,4,3,3,77,2,9,15,20,2,3,No,Not Provided,15-12-2017,ishanker@rajan.com,8082128273,5
EMP02176,Anahi Jha,50,Male,IT,Software Engineer,Bachelors,113181,21,Noida,10,No,1,3,2,2,44,4,0,14,14,3,1,No,Not Provided,22-05-2024,khoslanitara@ramakrishnan.com,3270134010,11
EMP02177,Mamooty Thakkar,36,Other,Sales,Sales Executive,Diploma,140499,14,Pune,35,No,4,1,1,4,10,1,21,11,22,5,5,No,Not Provided,04-10-2021,rattibaiju@varughese.com,8115006039,11
EMP02178,Jhanvi Dey,26,Other,Customer Support,Customer Success Manager,Masters,27548,0,Hyderabad,35,Yes,2,4,2,2,51,6,9,1,14,5,3,Yes,"Poor Work Life Balance, Overtime, Manager Issues",07-07-2025,shayaktalwar@yahoo.com,4347663412,15
EMP02179,Saanvi Sule,30,Female,Operations,Operations Executive,Diploma,157903,3,Hyderabad,18,No,4,2,1,4,5,8,12,15,9,4,4,No,Not Provided,02-07-2019,bbarad@basu.info,4401945445,12
EMP02180,Mamooty Devi,32,Male,Finance,Financial Analyst,MBA,79003,11,Bangalore,40,No,1,5,2,1,54,9,1,9,16,4,1,Yes,"Poor Work Life Balance, Manager Issues, High Stress",28-08-2024,rdash@ramakrishnan.biz,3407539040,15
EMP02181,Nirvaan Lad,23,Other,Marketing,Content Strategist,Masters,158781,0,Kolkata,31,No,2,3,4,4,10,4,11,13,18,5,5,No,Not Provided,05-02-2023,yacharya@hotmail.com,8927816521,9
EMP02182,Anay Bhandari,39,Female,Not assigned,Data Analyst,Diploma,80020,14,Pune,17,No,5,3,2,1,80,0,5,12,17,2,4,No,Not Provided,12-10-2024,shlokgandhi@hotmail.com,1137980152,8
EMP02183,Nitya Gokhale,26,Other,Sales,Business Development Associate,Bachelors,158301,0,Pune,35,No,3,3,3,1,71,3,10,13,0,2,3,No,Not Provided,29-11-2022,ubath@hotmail.com,2824313303,5
EMP02184,Prerak Char,43,Female,Marketing,SEO Specialist,Masters,58901,18,Noida,16,Yes,5,5,3,5,51,8,19,3,6,5,5,No,Not Provided,05-09-2022,advika93@hotmail.com,9256789216,7
EMP02185,Vritika Golla,33,Female,Customer Support,Support Executive,MBA,89982,12,Chennai,25,No,2,3,4,5,4,3,16,4,21,1,1,No,Not Provided,30-12-2022,kotharishaan@ram.com,1852158971,4
EMP02186,Madhup Wali,35,Other,IT,Software Engineer,Bachelors,87199,12,Kolkata,28,Yes,3,1,4,2,29,3,19,12,3,3,4,No,Not Provided,20-04-2021,zdugal@hotmail.com,8498479382,10
EMP02187,Ira Vyas,27,Male,Finance,Accountant,MBA,102195.4237,0,Bangalore,35,No,2,5,2,5,17,3,22,4,22,4,5,No,Not Provided,19-05-2024,dhanushrandhawa@gmail.com,8836254839,9
EMP02188,Eshani Brahmbhatt,30,Other,HR,HR Manager,MBA,93837,7,Chennai,22,No,2,2,1,2,80,3,20,4,0,3,3,No,Not Provided,10-03-2023,riaanbhandari@ganesan-kashyap.info,5480786206,10
EMP02189,Mamooty Kibe,57,Female,IT,System Admin,Masters,66069,29,Bangalore,21,No,2,3,4,2,48,8,23,7,3,3,3,No,Not Provided,17-05-2018,lchaudry@chandran-rao.com,3629961362,7
EMP02190,Kanav Kale,59,Other,IT,System Admin,MBA,107665,37,Kolkata,9,Yes,1,5,4,4,39,1,22,7,16,2,5,No,Not Provided,04-09-2025,balrohan@venkatesh.com,6927309932,5
EMP02191,Manjari Toor,38,Male,Customer Support,Support Executive,MBA,150073,8,Pune,1,No,4,3,3,5,51,5,24,2,9,5,2,No,Not Provided,03-05-2023,inaaya-96@gmail.com,578557446,5
EMP02192,Baiju Tailor,41,Female,Sales,Business Development Associate,Diploma,30188,18,Noida,3,Yes,4,5,3,3,6,10,14,10,14,5,5,No,Not Provided,27-01-2021,raghav17@hotmail.com,1420402959,9
EMP02193,Anya Babu,24,Female,Sales,Business Development Associate,MBA,126203,0,Kolkata,23,No,2,1,4,1,57,2,18,13,7,2,1,No,Not Provided,13-05-2018,ssengupta@johal-soman.com,1601560209,10
EMP02194,Samarth Sahni,48,Male,Customer Support,Customer Success Manager,Diploma,148738,24,Kolkata,13,No,2,2,1,3,77,10,15,1,11,4,1,Yes,"Poor Work Life Balance, Low Job Satisfaction, High Stress",02-07-2022,saksham51@yahoo.com,9953555209,13
EMP02195,Priyansh Buch,58,Male,Operations,Supply Chain Analyst,Bachelors,104842,28,Noida,25,Yes,2,4,1,2,41,7,18,14,19,1,4,Yes,"Poor Work Life Balance, Overtime, Manager Issues",05-01-2023,tarini77@yahoo.com,4232793323,14
EMP02196,Hunar Toor,39,Female,Operations,Operations Executive,Diploma,117909,10,Chennai,12,No,4,2,3,3,17,4,14,14,2,2,5,No,Not Provided,26-06-2017,inaaya-68@hotmail.com,6156435241,5
EMP02197,Ivan Choudhary,57,Male,Operations,Operations Executive,Diploma,150654,37,Delhi,9,No,4,5,1,3,42,5,25,4,15,2,2,No,Not Provided,29-07-2016,zaina14@bhakta.com,6039949206,4
EMP02198,Diya Saraf,22,Other,Customer Support,Customer Success Manager,Bachelors,65500,0,Delhi,26,No,4,3,1,2,42,8,8,14,9,5,1,No,Not Provided,25-02-2021,jayanchaudry@hotmail.com,7288585944,12
EMP02199,Arhaan Solanki,34,Female,Sales,Sales Executive,Diploma,139633,8,Kolkata,37,Yes,2,2,3,1,11,2,7,3,1,2,3,No,Not Provided,13-03-2020,purabupadhyay@hotmail.com,5053311410,11
EMP02200,Tara Sura,32,Female,HR,Recruiter,Diploma,62114,5,Bangalore,11,Yes,3,5,4,3,79,4,11,15,16,2,5,No,Not Provided,28-06-2017,dhingraishita@de-saraf.biz,2110205979,4
EMP02201,Rasha Gara,57,Other,Finance,Financial Analyst,Diploma,85527,32,Pune,13,Yes,1,3.039382866,1,4,77,7,18,9,11,1,5,No,Not Provided,01-11-2025,urout@gmail.com,3048953670,9
EMP02202,Madhup Sekhon,28,Male,Operations,Operations Executive,Bachelors,179450,7,Noida,1,No,2,2,1,5,53,0,3,1,7,1,5,No,Not Provided,29-12-2016,taran28@shanker.com,6446893475,10
EMP02203,Eva Bhatt,36,Female,Customer Support,Customer Success Manager,Diploma,45877,16,Kolkata,39,No,1,4,3,4,70,4,13,10,11,4,1,No,Not Provided,14-08-2023,drishya93@hotmail.com,1349351100,9
EMP02204,Kiara Char,33,Other,Operations,Operations Executive,Bachelors,38553,5,Noida,16,No,1,5,4,3,29,9,24,6,2,4,4,No,Not Provided,21-05-2025,srivastavahazel@majumdar.com,3693755406,8
EMP02205,Ehsaan Bhat,50,Male,Finance,Finance Manager,Diploma,113532,21,Chennai,31,Yes,2,4,1,3,26,3,18,3,17,5,2,No,Not Provided,25-08-2018,anahigole@yahoo.com,3666509808,11
EMP02206,Bhamini Mani,23,Male,Sales,Sales Executive,Masters,70208,3,Delhi,5,Yes,1,5,3,5,25,7,15,14,19,2,3,No,Not Provided,21-02-2018,choudhuryparinaaz@yahoo.com,1083056102,9
EMP02207,Tiya Sarna,45,Female,Operations,Operations Executive,MBA,34883,21,Kolkata,15,No,1,1,5,2,60,2,3,5,17,1,1,No,Not Provided,24-05-2024,vihaan28@char.com,6472536020,10
EMP02208,Lavanya Ravi,43,Other,Sales,Business Development Associate,Masters,166451,13,Noida,32,No,5,1,4,2,15,6,16,12,11,3,1,No,Not Provided,06-01-2021,mamble@gmail.com,7691093757,10
EMP02209,Divij Varughese,21,Male,Operations,Supply Chain Analyst,MBA,121211,0,Chennai,16,Yes,3,5,2,2,61,7,8,4,5,2,4,No,Not Provided,05-10-2019,yuvraj-48@hotmail.com,6567697251,8
EMP02210,Dhruv Mahal,49,Female,Customer Support,Customer Success Manager,MBA,53783,26,Hyderabad,21,No,5,4,3,2,61,5,0,7,17,4,2,No,Not Provided,11-01-2020,ubanik@hans.com,3381600134,9
EMP02211,Mamooty Raja,28,Male,HR,Recruiter,MBA,126420,0,Hyderabad,3,Yes,3,3,1,2,50,5,14,5,21,2,4,No,Not Provided,20-04-2021,goyaldarshit@yahoo.com,2610202551,8
EMP02212,Saanvi Thakur,36,Other,HR,HR Manager,MBA,127349,8,Mumbai,15,No,4,2,2,4,23,7,17,14,15,5,4,No,Not Provided,20-02-2020,qbarman@dugal.com,7161553928,12
EMP02213,Ritvik Chada,55,Female,Sales,Sales Executive,MBA,76224,34,Pune,27,No,5,1,5,1,24,5,9,14,13,2,4,No,Not Provided,25-04-2023,anahikalla@mannan.org,2947083421,10
EMP02214,Dhanush Kibe,45,Female,HR,Recruiter,Masters,146542,15,Mumbai,24,Yes,4,3,5,4,70,0,5,13,23,2,3,No,Not Provided,26-09-2023,farhan88@dubey.com,2871441877,6
EMP02215,Manikya Chakrabarti,56,Male,Operations,Supply Chain Analyst,Masters,85577,36,Delhi,1,Yes,1,4,5,3,0,0,15,14,25,1,2,No,Not Provided,05-06-2018,laganbanerjee@gmail.com,7234901607,7
EMP02216,Neelofar Shroff,30,Female,Customer Support,Customer Success Manager,Bachelors,96396,0,Pune,28,Yes,4,4,2,5,70,7,6,12,15,3,4,No,Not Provided,10-10-2022,riyathaman@dar-venkataraman.com,7142977569,9
EMP02217,Anay Aurora,24,Other,Operations,Operations Executive,MBA,108273,4,Bangalore,33,Yes,1,3,2,2,78,7,10,10,10,3,3,Yes,"Poor Work Life Balance, Overtime, Manager Issues",10-05-2020,vardaniyazacharia@borah-saxena.com,740766469,14
EMP02218,Seher Kara,24,Other,IT,BI Developer,Bachelors,37241,3,Chennai,38,Yes,3,1,2,5,24,5,2,8,2,3,4,No,Not Provided,20-05-2016,chakrabortysamarth@kashyap.com,4927498900,12
EMP02219,Nehmat Din,57,Male,Marketing,Marketing Manager,Bachelors,123390,34,Delhi,2,Yes,3,5,5,4,51,3,9,1,4,3,3,No,Not Provided,04-04-2022,lkala@gmail.com,8208962694,2
EMP02220,Purab Choudhury,49,Female,Sales,Business Development Associate,MBA,93807,29,Delhi,40,No,5,2,5,5,11,5,9,5,25,5,4,No,Not Provided,30-05-2023,wchand@yahoo.com,6934085539,9
EMP02221,Lagan Kari,54,Male,Customer Support,Customer Success Manager,Bachelors,114462,31,Noida,31,No,1,2,4,2,45,8,17,15,25,5,1,Yes,"Poor Work Life Balance, Low Job Satisfaction, Manager Issues",01-11-2017,reneemalhotra@yahoo.com,7515656816,16
EMP02222,Zeeshan Shetty,45,Male,Operations,Operations Executive,Masters,31382,23,Pune,26,Yes,5,2,1,2,36,5,4,14,13,4,3,Yes,"Overtime, Low Job Satisfaction, Manager Issues",17-07-2024,srama@magar-dora.com,6585003310,19
EMP02223,Shalv Singh,53,Female,Operations,Operations Executive,Masters,102936.097,31,Hyderabad,35,No,1,3,4,1,11,2,20,9,7,2,2,No,Not Provided,11-10-2024,varghesenitya@yahoo.com,3396090465,6
EMP02224,Darshit Jain,59,Female,HR,HR Executive,Bachelors,75456,32,Kolkata,14,No,4,4,4,5,22,6,7,15,3,4,3,No,Not Provided,30-09-2018,anay37@sahota-savant.com,1684032714,7
EMP02225,Rohan Gole,36,Other,Finance,Finance Manager,Diploma,85988,16,Chennai,17,No,1,1,3,5,46,8,1,1,19,2,5,No,Not Provided,04-11-2024,aarna34@ravi-mand.com,5157385633,10
EMP02226,Ira Deshpande,25,Male,HR,HR Manager,MBA,30544,0,Pune,27,No,5,2,4,2,43,1,4,7,25,4,2,No,Not Provided,08-09-2025,bjayaraman@hotmail.com,8022291245,11
EMP02227,Raghav Wable,58,Female,Sales,Sales Executive,Diploma,93457,36,Hyderabad,26,No,1,4,5,2,64,1,18,7,5,5,2,No,Not Provided,18-01-2022,mahikasandhu@chhabra-mahajan.org,8194625595,9
EMP02228,Inaaya  Upadhyay,22,Female,Sales,Sales Manager,Masters,43435,0,Pune,34,Yes,4,2,3,2,14,8,7,2,5,4,2,Yes,"Overtime, Low Job Satisfaction, Manager Issues",28-06-2024,darhimmat@gmail.com,419151379,13
EMP02229,Navya Savant,23,Male,IT,System Admin,MBA,148523,0,Kolkata,14,No,4,1,5,5,64,2,22,1,4,5,4,No,Not Provided,31-01-2024,hrishitasrivastava@gmail.com,3499395102,6
EMP02230,Ojas Wagle,42,Male,Marketing,Content Strategist,Bachelors,123795,17,Noida,23,No,1,1,3,5,39,3,9,12,5,5,2,No,Not Provided,26-11-2020,dasguptakashvi@sama-choudhry.com,6436430880,11
EMP02231,Mehul Hari,59,Female,HR,HR Manager,Diploma,87832,36,Mumbai,25,No,1,2,3,5,77,8,10,14,12,2,4,No,Not Provided,04-06-2025,raghav92@gmail.com,541291307,11
EMP02232,Ritvik Sathe,54,Male,Finance,Financial Analyst,Diploma,30291,26,Pune,32,No,2,4,4,3,54,1,10,10,8,1,3,No,Not Provided,05-10-2025,hanshkunda@dhillon.com,5760810816,6
EMP02233,Madhup Sachdeva,40,Male,Finance,Financial Analyst,Masters,134617,12,Mumbai,30,Yes,5,4,3,3,66,10,13,14,1,3,1,No,Not Provided,09-11-2025,ibumb@yahoo.com,6859376132,7
EMP02234,Mohanlal Ranganathan,34,Female,Sales,Sales Executive,Bachelors,118703,14,Noida,3,No,5,3,2,5,8,3,18,5,4,3,5,No,Not Provided,20-03-2022,hunar95@manne.com,3647978987,2
EMP02235,Aarush Sachdeva,31,Male,HR,Recruiter,MBA,121726,4,Kolkata,4,Yes,3,1,3,3,48,5,24,1,5,4,5,No,Not Provided,27-01-2025,lakshitram@yahoo.com,2412604941,10
EMP02236,Samiha Anand,36,Male,Finance,Accountant,Diploma,167325,7,Mumbai,30,Yes,1,1,4,4,27,8,13,13,4,5,2,Yes,"Poor Work Life Balance, Overtime, Low Job Satisfaction",06-09-2022,ctata@bhargava.com,6418677852,16
EMP02237,Vedika Kapoor,58,Other,IT,System Admin,Masters,85854,34,Bangalore,7,No,4,2,1,2,62,1,20,2,10,5,4,No,Not Provided,29-05-2017,sinhasamiha@hotmail.com,6644751188,10
EMP02238,Indrans Lad,57,Female,HR,HR Manager,MBA,123285,29,Bangalore,15,No,1,1,5,2,33,2,10,4,10,3,4,No,Not Provided,11-08-2024,farhanraj@zacharia.biz,4594063582,8
EMP02239,Rania Chad,58,Female,Sales,Business Development Associate,Bachelors,167941,35,Mumbai,21,Yes,4,1,3,4,10,6,24,1,8,1,3,No,Not Provided,30-06-2025,tchokshi@dalal.com,7656120777,7
EMP02240,Kiara Sama,39,Male,Sales,Sales Manager,Masters,40035,13,Delhi,18,Yes,1,4,2,3,30,1,22,10,6,1,5,No,Not Provided,30-05-2024,devitrisha@goda-shenoy.info,2250358928,9
EMP02241,Jayant Dixit,59,Female,Operations,Supply Chain Analyst,Masters,47608,32,Hyderabad,12,Yes,3,4,4,2,44,6,12,3,12,4,1,No,Not Provided,14-02-2017,drao@gmail.com,6441783265,9
EMP02242,Shayak Krishnan,30,Other,Operations,Operations Executive,Bachelors,151863,9,Bangalore,1,Yes,2,5,2,5,54,2,5,7,21,3,3,No,Not Provided,26-05-2021,nraval@hotmail.com,8028841303,9
EMP02243,Yashvi Karan,36,Female,Sales,Business Development Associate,MBA,170786,10,Hyderabad,21,Yes,3,2,2,5,50,4,8,15,11,1,2,No,Not Provided,27-08-2019,anahikapoor@gmail.com,5043559621,9
EMP02244,Lakshay Bora,35,Other,Sales,Sales Executive,MBA,34271,13,Delhi,13,Yes,1,3,1,5,34,3,13,8,22,2,4,No,Not Provided,23-08-2025,balaonkar@loke.com,2956144286,7
EMP02245,Amani Biswas,21,Male,IT,System Admin,Diploma,70966,0,Delhi,17,No,5,1,5,4,71,2,14,10,17,4,5,No,Not Provided,20-02-2021,himmat94@edwin.info,758507882,8
EMP02246,Urvi Sharma,50,Other,Finance,Financial Analyst,Masters,144143,20,Noida,21,No,3,2,1,2,55,7,6,9,7,2,5,No,Not Provided,30-12-2017,hunardeol@gmail.com,9523161801,9
EMP02247,Hridaan Hans,44,Female,Operations,Supply Chain Analyst,MBA,52242,21,Kolkata,38,No,2,3,5,2,11,2,20,8,24,3,3,No,Not Provided,07-06-2021,sandalzain@dugar-goyal.org,6487292293,6
EMP02248,Nirvi Sinha,31,Female,Marketing,Content Strategist,Diploma,91217,4,Hyderabad,39,Yes,4,5,4,1,16,8,5,13,25,1,1,No,Not Provided,28-07-2025,pariramesh@ghosh-hora.org,9110046507,11
EMP02249,Samarth Babu,26,Female,Operations,Supply Chain Analyst,MBA,47533,5,Bangalore,22,Yes,4,5,3,3,21,6,19,5,18,4,3,No,Not Provided,02-02-2018,aarushbumb@goda-rama.net,9410665916,7
EMP02250,Arhaan Sahota,29,Male,Operations,Operations Executive,Bachelors,107963,0,Kolkata,11,No,4,5,5,5,23,2,8,9,14,1,3,No,Not Provided,05-04-2018,parinaazsoman@gera.com,389955921,0
EMP02251,Kartik Goswami,57,Female,HR,HR Manager,Diploma,124989,31,Chennai,21,No,2,3,3,2,54,9,18,5,21,2,5,No,Not Provided,22-09-2025,tshukla@hotmail.com,2743497526,7
EMP02252,Pari Lad,51,Other,Operations,Operations Executive,Masters,113933,23,Hyderabad,14,No,3,5,3,1,53,4,15,3,17,2,5,No,Not Provided,05-12-2022,jivinraman@gmail.com,1181947853,2
EMP02253,Farhan Konda,51,Male,Marketing,SEO Specialist,Bachelors,163018,28,Hyderabad,10,No,5,2,1,5,40,2,6,3,6,3,4,No,Not Provided,03-01-2017,ravalneelofar@gmail.com,8807923289,5
EMP02254,Aarav Vig,58,Other,Marketing,Marketing Manager,Bachelors,163239,31,Delhi,2,No,5,1,2,1,67,0,5,8,11,4,5,No,Not Provided,22-07-2022,pihusem@gmail.com,6757387138,12
EMP02255,Tejas Guha,23,Other,Sales,Sales Executive,MBA,153375,0,Bangalore,23,No,3,2,4,5,46,3,2,3,5,4,5,No,Not Provided,22-12-2022,yakshit34@kari.net,1861612902,8
EMP02256,Uthkarsh Kaul,29,Male,Operations,Supply Chain Analyst,Masters,97301,9,Hyderabad,17,No,5,1,3,5,73,8,10,1,6,5,1,No,Not Provided,02-08-2023,amira51@dass.biz,4229538704,8
EMP02257,Farhan Kuruvilla,57,Male,HR,HR Manager,Diploma,88566,28,Kolkata,9,No,4,5,2,1,53,7,12,6,5,4,5,No,Not Provided,27-06-2018,ayeshalanka@yahoo.com,8259193615,9
EMP02258,Alia Mahajan,55,Female,Customer Support,Customer Success Manager,Masters,165791,29,Pune,1,Yes,2,3,1,4,73,7,14,14,4,3,5,No,Not Provided,13-06-2018,frajan@hotmail.com,3158292541,11
EMP02259,Not Available,59,Other,Finance,Financial Analyst,Bachelors,158891,38,Chennai,30,Yes,1,4,5,4,3,9,6,11,5,2,1,No,Not Provided,27-07-2025,madhavbal@choudhry.com,3434894373,10
EMP02260,Ivan Ravel,34,Female,Operations,Operations Executive,Bachelors,25833,10,Bangalore,14,Yes,3,1,5,1,69,9,3,5,20,5,1,Yes,"Overtime, Low Job Satisfaction, Manager Issues",03-07-2025,kumertaran@uppal-zacharia.info,6377470189,14
EMP02261,Rasha Baral,43,Other,Marketing,Marketing Manager,Masters,123218,23,Hyderabad,8,No,2,2,3,1,17,7,15,4,5,5,1,Yes,"Poor Work Life Balance, Low Job Satisfaction, Manager Issues",12-10-2018,kismatsuresh@tiwari-sachdev.com,2120778012,13
EMP02262,Dhanuk Sheth,29,Other,Marketing,Marketing Manager,MBA,179533,8,Chennai,30,Yes,4,3,1,4,24,5,16,6,23,4,3,No,Not Provided,11-03-2025,vanya20@goda-badami.com,1542776212,10
EMP02263,Miraan Singhal,29,Other,Customer Support,Support Executive,MBA,176555,3,Pune,9,Yes,3,3,4,2,55,7,17,12,18,3,3,No,Not Provided,22-05-2021,aniruddh50@karan-wagle.org,1072023077,8
EMP02264,Tara Shankar,52,Other,Customer Support,Customer Success Manager,Bachelors,71778,32,Chennai,13,Yes,2,3,3,3,11,1,6,11,21,1,5,No,Not Provided,21-01-2023,walirasha@bhalla.biz,6798574821,7
EMP02265,Akarsh Bhandari,22,Female,Customer Support,Support Executive,Bachelors,176583,1,Hyderabad,35,No,2,3,1,3,29,6,15,9,12,4,1,No,Not Provided,19-11-2024,ishaankibe@hotmail.com,8885062221,11
EMP02266,Diya Mahal,57,Other,Marketing,Marketing Manager,MBA,144972,31,Delhi,27,No,3,3,1,3,36,6,22,7,6,2,5,No,Not Provided,21-12-2025,oiyengar@saran-ravel.net,6172984874,5
EMP02267,Shlok Kala,46,Female,Marketing,SEO Specialist,MBA,44161,16,Kolkata,1,No,3,3,1,2,69,8,1,4,17,3,2,No,Not Provided,03-10-2018,ehsaan58@gmail.com,1091098015,8
EMP02268,Kavya Divan,59,Male,IT,Data Analyst,Bachelors,34784,35,Mumbai,34,No,5,1,4,5,31,2,15,1,5,1,1,No,Not Provided,02-08-2019,baiju95@borde-brar.com,1508546836,4
EMP02269,Yuvraj  Ramaswamy,25,Male,Operations,Supply Chain Analyst,Masters,79167,4,Kolkata,21,Yes,4,3,5,4,6,6,22,6,19,4,2,No,Not Provided,22-10-2016,nakul47@hari-ratta.com,9687603800,7
EMP02270,Alisha Bhagat,58,Other,Operations,Operations Executive,Masters,64592,28,Kolkata,38,Yes,4,4,2,5,22,3,23,3,7,5,3,No,Not Provided,01-09-2025,dsarin@lad.com,1332731849,8
EMP02271,Vardaniya Tara,35,Other,Finance,Accountant,Diploma,105687,14,Pune,2,Yes,1,4,4,1,24,2,6,3,11,1,4,No,Not Provided,17-01-2019,ojas74@yahoo.com,4780168896,7
EMP02272,Anahi Iyengar,57,Other,HR,HR Executive,MBA,73491,31,Hyderabad,25,No,3,4,2,2,14,9,2,12,16,1,2,No,Not Provided,27-09-2018,sahildeshmukh@barad-behl.com,8938559990,11
EMP02273,Tanya Bhakta,21,Male,Sales,Business Development Associate,Bachelors,103667,0,Chennai,16,No,3,1,1,4,38,5,18,15,21,1,2,No,Not Provided,29-04-2023,lsen@borah.info,4802883203,9
EMP02274,Sana Mallick,53,Other,Finance,Accountant,MBA,49795,28,Noida,30,No,4,3,3,5,25,4,22,7,17,3,3,No,Not Provided,18-02-2024,qchaudhuri@choudhary.com,5394641346,1
EMP02275,Badal Mahajan,26,Other,IT,Software Engineer,MBA,162252,0,Hyderabad,22,Yes,3,1,3,4,29,4,14,7,3,5,3,No,Not Provided,15-03-2024,lbuch@balasubramanian.com,7842738397,8
EMP02276,Vardaniya Deshpande,55,Male,Sales,Business Development Associate,Diploma,48297,31,Bangalore,22,No,4,3,2,3,80,2,18,13,0,4,3,No,Not Provided,25-03-2026,kharenirvi@yahoo.com,1816361546,7
EMP02277,Dhanuk Gade,56,Other,Marketing,Content Strategist,Bachelors,97289,30,Noida,24,Yes,1,1,4,1,45,0,9,9,8,4,2,Yes,"Poor Work Life Balance, Overtime, Low Job Satisfaction",22-05-2017,anayachada@hotmail.com,9082018802,13
EMP02278,Yuvraj  Johal,57,Other,Finance,Accountant,Bachelors,63230,29,Bangalore,18,No,1,5,4,1,69,10,9,12,22,3,1,No,Not Provided,10-01-2021,yakshit91@kade.com,9630910834,9
EMP02279,Zain Raval,44,Female,HR,HR Manager,Diploma,156103,15,Hyderabad,10,Yes,1,5,1,2,46,8,22,10,8,5,2,Yes,"Poor Work Life Balance, Overtime, Manager Issues",29-02-2020,elakshi12@hotmail.com,1068125837,16
EMP02280,Vihaan Trivedi,29,Other,Sales,Business Development Associate,MBA,103904,6,Delhi,8,Yes,2,2,5,2,38,2,8,4,5,3,3,No,Not Provided,15-08-2017,bansalhimmat@thakkar-sani.com,8622698113,10
EMP02281,Ira Sodhi,35,Female,Sales,Business Development Associate,Bachelors,48339,14,Pune,7,No,4,3,1,1,77,0,4,15,8,2,1,No,Not Provided,24-09-2025,anyabhatia@hotmail.com,255320536,8
EMP02282,Heer Ganesh,41,Female,IT,BI Developer,MBA,42217,11,Hyderabad,3,No,1,1,4,2,64,0,12,13,11,4,2,Yes,"Poor Work Life Balance, Low Job Satisfaction, Manager Issues",18-07-2024,vorabadal@bora.biz,381184037,13
EMP02283,Gatik Date,59,Other,Marketing,Marketing Manager,MBA,160348,29,Delhi,34,No,2,2,1,1,74,3,17,3,15,5,1,Yes,"Poor Work Life Balance, Low Job Satisfaction, Manager Issues",17-11-2022,diyatiwari@bhat-goswami.net,4926354468,14
EMP02284,Misha Gola,43,Male,Operations,Operations Executive,MBA,25514,19,Noida,30,No,3,5,3,2,29,10,21,3,19,1,1,No,Not Provided,24-05-2018,ishroff@gopal.com,6894723821,5
EMP02285,Alia Divan,33,Female,IT,Software Engineer,MBA,55507,4,Kolkata,3,No,1,4,5,1,3,1,24,9,16,5,3,No,Not Provided,11-05-2020,vihaanbains@yahoo.com,1886257754,8
EMP02286,Khushi Mahal,22,Female,Operations,Supply Chain Analyst,Bachelors,123051,0,Chennai,24,No,1,4,5,2,38,10,25,11,16,2,5,No,Not Provided,21-12-2020,dsharaf@ram.com,8039983048,9
EMP02287,Vivaan Sarin,47,Other,Customer Support,Customer Success Manager,Bachelors,112312,24,Hyderabad,3,Yes,2,2,3,3,16,3,6,5,4,3,2,No,Not Provided,04-02-2021,zarakhalsa@hotmail.com,1612833015,8
EMP02288,Saanvi Khalsa,27,Female,Customer Support,Customer Success Manager,Diploma,112233,3,Mumbai,30,Yes,2,5,5,4,29,5,13,14,5,4,3,Yes,"Poor Work Life Balance, Overtime, High Stress",23-10-2023,dishanihegde@gmail.com,4550791740,13
EMP02289,Zaina Garde,53,Female,IT,Software Engineer,MBA,138555,24,Mumbai,3,No,4,4,2,2,69,1,12,14,22,3,4,No,Not Provided,03-07-2019,borakavya@ghose.org,8974832017,6
EMP02290,Madhup Kamdar,36,Other,HR,Recruiter,MBA,136255,9,Kolkata,39,No,1,3.039382866,2,5,20,4,21,15,22,3,2,No,Not Provided,23-02-2022,bsarraf@cherian.net,9367005613,8
EMP02291,Jiya Kari,28,Female,HR,Recruiter,MBA,163800,0,Pune,31,No,2,2,1,2,43,3,25,15,22,4,3,Yes,"Poor Work Life Balance, Low Job Satisfaction, Manager Issues",21-02-2020,rashabala@sunder.com,8289946110,16
EMP02292,Faiyaz Karnik,56,Other,Operations,Operations Executive,MBA,37858,29,Delhi,31,No,3,3,3,1,24,3,20,13,5,3,2,No,Not Provided,01-01-2019,kaira42@yahoo.com,6565588376,5
EMP02293,Kismat Bhat,57,Male,Sales,Sales Executive,Masters,44421,30,Kolkata,23,Yes,2,4,2,1,19,9,12,10,2,3,2,Yes,"Poor Work Life Balance, Overtime, Manager Issues",23-05-2021,kavyakapoor@brar.biz,7312046103,13
EMP02294,Gokul Khalsa,30,Female,Operations,Supply Chain Analyst,Diploma,145037,10,Bangalore,8,No,5,5,4,2,26,5,19,15,9,3,2,No,Not Provided,26-09-2023,ritvikdeshpande@gole-gera.com,2949876512,6
EMP02295,Jivika Kurian,28,Male,Sales,Business Development Associate,MBA,117833,6,Bangalore,27,No,4,5,4,1,42,6,11,5,8,3,2,No,Not Provided,20-08-2022,bhavsardivij@hotmail.com,7575642004,5
EMP02296,Biju Andra,56,Female,HR,HR Executive,Bachelors,71990,27,Noida,4,No,1,4,3,3,40,6,5,5,22,4,3,No,Not Provided,19-11-2017,aarav06@hotmail.com,1642348842,10
EMP02297,Riya Lalla,38,Female,Customer Support,Customer Success Manager,MBA,127638,11,Noida,21,Yes,3,1,2,3,67,9,19,12,1,4,5,Yes,"Overtime, Low Job Satisfaction, High Stress",20-10-2024,indrajit85@wali.com,3678231381,14
EMP02298,Jayesh Dhar,46,Other,Customer Support,Support Executive,Masters,121858,24,Bangalore,28,Yes,5,1,3,3,62,5,6,2,1,3,2,No,Not Provided,19-07-2020,dvarkey@dubey.com,9332954874,8
EMP02299,Aradhya Hora,35,Other,IT,Financial Analyst,MBA,114467,5,Noida,5,Yes,1,5,5,5,14,0,13,8,0,3,5,No,Not Provided,13-07-2023,chadavidur@soman-venkataraman.com,5449595223,5
EMP02300,Shray Chanda,37,Other,Finance,Financial Analyst,Bachelors,37243,16,Pune,5,Yes,5,1,1,2,80,3,14,11,25,3,3,No,Not Provided,22-03-2020,taimurbadal@gmail.com,3794405165,11
EMP02301,Inaaya  Rajagopal,41,Female,Customer Support,Customer Success Manager,Diploma,96332,12,Mumbai,35,No,4,3.039382866,2,3,24,7,3,4,25,1,3,No,Not Provided,22-08-2020,dattaeshani@majumdar.info,5205533307,7
EMP02302,Saksham Sawhney,26,Male,HR,Recruiter,Bachelors,178672,0,Chennai,7,No,1,4,5,5,49,6,5,6,17,4,2,No,Not Provided,09-02-2020,hanshchauhan@yahoo.com,2393196223,10
EMP02303,Anay Sarma,32,Other,IT,BI Developer,Bachelors,138565,2,Chennai,17,No,5,3,3,1,12,9,13,7,5,2,4,No,Not Provided,28-01-2025,nwali@khalsa.info,4102967105,4
EMP02304,Tushar Banik,60,Other,HR,HR Executive,Bachelors,50612,32,Noida,14,No,5,2,1,1,48,0,24,1,23,1,5,No,Not Provided,23-11-2022,hansh93@bhandari.biz,1964754901,7
EMP02305,Purab Hayer,60,Male,Marketing,Content Strategist,Masters,35537,36,Bangalore,14,No,4,4,4,5,78,6,2,14,6,2,2,No,Not Provided,14-05-2020,kallakhushi@mand.info,3509835396,6
EMP02306,Heer Bhagat,32,Male,HR,HR Executive,MBA,153560,4,Delhi,22,Yes,3,3,5,5,58,0,21,6,1,1,2,No,Not Provided,26-08-2016,krishnamurthykrish@yahoo.com,4864101915,2
EMP02307,Advika Viswanathan,33,Female,IT,System Admin,Diploma,101885.6228,6,Hyderabad,6,No,1,1,3,1,50,5,16,4,14,2,3,No,Not Provided,31-03-2024,mishti27@hotmail.com,5359486834,10
EMP02308,Romil Lall,41,Other,Operations,Supply Chain Analyst,Diploma,65695,13,Pune,15,No,4,1,5,5,0,9,12,2,0,1,1,No,Not Provided,14-03-2026,dsom@gmail.com,9341331236,5
EMP02309,Jhanvi Kakar,53,Other,IT,Data Analyst,Masters,129457,28,Delhi,12,Yes,5,1,5,4,22,9,4,6,15,1,3,No,Not Provided,26-08-2025,indranil86@chhabra.com,4156330416,9
EMP02310,Mannat Kanda,28,Other,Finance,Accountant,MBA,29150,7,Mumbai,27,No,3,3,4,1,67,2,8,6,8,4,1,No,Not Provided,03-06-2016,walishlok@jha-lata.com,3673005728,6
EMP02311,Jayant Chaudhuri,29,Male,Operations,Operations Executive,MBA,92836,5,Chennai,11,Yes,5,5,5,5,51,4,23,10,16,4,5,No,Not Provided,03-01-2023,bhaktanishith@ratti.com,9187339798,7
EMP02312,Eva Krishna,60,Female,Finance,Financial Analyst,MBA,151301,37,Hyderabad,30,Yes,5,5,2,3,49,9,5,13,10,4,5,Yes,"Overtime, High Stress, No Promotion",28-02-2021,xgill@hotmail.com,6767333900,14
EMP02313,Nitara Bumb,22,Other,Sales,Sales Executive,MBA,73707,0,Delhi,16,Yes,4,5,1,3,13,9,7,11,16,2,1,No,Not Provided,22-01-2018,dkeer@yahoo.com,4529571383,8
EMP02314,Saksham Srivastava,36,Other,Customer Support,Customer Success Manager,Diploma,126588,12,Chennai,24,Yes,2,4,2,4,18,6,12,9,10,5,1,No,Not Provided,26-10-2022,nbora@kothari.com,5163972505,12
EMP02315,Riya Sachdeva,39,Other,Sales,Sales Manager,Bachelors,77433,17,Pune,18,No,3,5,2,2,4,1,7,5,22,1,2,No,Not Provided,08-07-2020,ckala@manne-babu.com,6031190448,4
EMP02316,Saira Walla,39,Female,Finance,Finance Manager,Bachelors,37712,17,Mumbai,28,No,1,5,5,4,48,2,8,3,23,2,3,No,Not Provided,13-03-2021,karilakshit@hotmail.com,9513657223,4
EMP02317,Neelofar Dugal,28,Male,Finance,Financial Analyst,Bachelors,76317,4,Mumbai,9,No,4,5,5,3,73,5,17,9,8,5,1,No,Not Provided,29-09-2024,fatehtara@sharma-lall.com,5246062467,5
EMP02318,Kavya Ghosh,28,Male,Sales,Sales Manager,MBA,152180,5,Kolkata,16,Yes,4,3,4,2,59,2,17,4,13,1,5,No,Not Provided,17-10-2018,shayaksur@edwin.org,3581008176,4
EMP02319,Jiya Anne,39,Male,Marketing,Content Strategist,Masters,144682,18,Delhi,27,No,3,3,5,1,73,9,20,11,15,2,4,No,Not Provided,20-05-2022,xhayre@taneja-johal.com,8164484579,7
EMP02320,Vritika Edwin,55,Other,Customer Support,Support Executive,Bachelors,96107,33,Hyderabad,37,No,1,3,5,4,80,9,5,2,11,1,3,No,Not Provided,11-09-2016,bassiparinaaz@yahoo.com,8626068456,8
EMP02321,Himmat Sur,22,Male,Finance,Finance Manager,Diploma,134331,0,Mumbai,23,Yes,1,5,4,2,28,4,17,12,22,2,3,No,Not Provided,15-02-2023,sganguly@hotmail.com,6936635027,9
EMP02322,Stuvan Zachariah,40,Male,HR,HR Manager,MBA,176548,14,Kolkata,38,No,2,5,1,1,2,5,8,2,0,4,4,Yes,"Poor Work Life Balance, Manager Issues, High Stress",12-06-2025,tailoryuvraj@dada.com,5935319723,13
EMP02323,Kanav Gopal,45,Male,Marketing,Content Strategist,MBA,79603,22,Bangalore,19,Yes,5,3,1,5,60,9,13,14,2,1,5,No,Not Provided,16-02-2023,ubarad@shukla.info,6329732801,8
EMP02324,Ira Dewan,26,Male,Sales,Business Development Associate,Diploma,55331,6,Bangalore,3,Yes,5,3,2,1,4,2,14,6,9,4,5,No,Not Provided,01-10-2016,jayantjhaveri@grover.com,3505385868,9
EMP02325,Faiyaz Chakrabarti,48,Male,Finance,Finance Manager,Bachelors,144234,28,Noida,24,No,3,3,1,4,5,10,21,1,19,3,5,No,Not Provided,03-10-2019,madhavdewan@gmail.com,3198813420,4
EMP02326,Vardaniya Jani,46,Other,Marketing,Content Strategist,Bachelors,176233,26,Delhi,9,Yes,1,3,3,1,61,5,4,10,13,1,2,Yes,"Poor Work Life Balance, Overtime, Manager Issues",03-11-2025,piyasolanki@hotmail.com,4430117528,13
EMP02327,Nirvi Bava,32,Other,HR,HR Manager,Bachelors,85936,4,Delhi,37,No,5,4,2,1,60,3,20,3,15,2,1,No,Not Provided,16-10-2016,kimayasuresh@kanda.com,3019308511,5
EMP02328,Divit Varkey,52,Male,Operations,Supply Chain Analyst,Masters,127096,32,Pune,34,No,3,4,3,4,51,2,18,1,15,5,2,No,Not Provided,22-10-2021,divit66@saran-kulkarni.biz,7296858233,4
EMP02329,Ishita Manne,31,Male,Marketing,Content Strategist,Masters,59745,1,Mumbai,34,No,2,5,4,3,42,9,5,4,20,2,4,No,Not Provided,11-11-2017,beraivan@chanda.com,5976869315,8
EMP02330,Divit Sathe,36,Other,IT,Data Analyst,MBA,100302,8,Delhi,28,Yes,3,3,3,1,8,9,16,9,22,3,3,No,Not Provided,19-09-2025,gollazara@hotmail.com,5487124220,7
EMP02331,Myra Sood,55,Other,Sales,Sales Executive,Masters,106553,26,Hyderabad,1,No,1,5,4,4,1,2,19,14,11,1,4,No,Not Provided,05-08-2016,samar28@chada.com,7851391955,5
EMP02332,Indrajit Gera,34,Other,IT,System Admin,Bachelors,127245,7,Kolkata,20,Yes,4,3,4,4,34,2,23,15,23,1,3,No,Not Provided,22-08-2016,shlok68@shukla-chanda.biz,5246587666,4
EMP02333,Kimaya Dar,38,Female,Finance,Finance Manager,Bachelors,106650,10,Mumbai,8,Yes,1,1,3,2,55,2,5,14,3,4,2,Yes,"Poor Work Life Balance, Overtime, Low Job Satisfaction",09-10-2025,bdhar@dara.com,7342977011,17
EMP02334,Manikya Ratti,30,Male,Finance,Finance Manager,MBA,64788,2,Mumbai,21,Yes,3,1,5,2,5,5,20,3,10,4,1,No,Not Provided,24-04-2024,saxenavaibhav@gmail.com,9729511810,12
EMP02335,Ehsaan Shetty,44,Other,Sales,Sales Executive,Diploma,98764,24,Pune,37,Yes,3,5,3,4,24,10,7,12,13,4,2,No,Not Provided,04-04-2025,riaanrajagopalan@yahoo.com,8088772473,10
EMP02336,Lavanya Solanki,44,Other,Marketing,Marketing Manager,MBA,39190,20,Bangalore,22,Yes,5,4,4,1,20,2,23,9,7,1,2,No,Not Provided,12-07-2025,karaheer@rajagopalan-chakraborty.com,79601745,4
EMP02337,Ranbir Dash,34,Female,Finance,Accountant,Masters,70577,12,Delhi,40,No,2,2,5,4,47,6,15,3,22,3,5,No,Not Provided,25-03-2019,gjha@bora.com,2622870401,9
EMP02338,Jayesh Kannan,44,Female,Operations,Supply Chain Analyst,Bachelors,126803,17,Chennai,8,No,3,5,1,3,70,8,24,13,12,5,3,No,Not Provided,11-09-2019,uthkarsh04@sahni.com,1397273123,9
EMP02339,Vardaniya Wagle,24,Female,IT,Financial Analyst,Bachelors,69449,0,Kolkata,19,Yes,3,1,3,1,73,0,12,15,1,3,3,No,Not Provided,02-02-2018,pranaykar@chakrabarti-sarkar.info,4267592164,9
EMP02340,Anahi Koshy,52,Female,Sales,Business Development Associate,Bachelors,122622,23,Bangalore,9,Yes,1,1,5,3,54,1,12,1,0,5,2,No,Not Provided,02-02-2018,sainisamaira@bhatnagar-gaba.info,1410779331,11
EMP02341,Onkar Chaudhary,60,Female,Sales,Sales Executive,Masters,157856,36,Hyderabad,5,No,2,3,3,2,15,3,23,3,1,3,4,No,Not Provided,23-12-2024,nirvisandal@yahoo.com,2889118721,5
EMP02342,Anay Konda,23,Male,Operations,Operations Executive,Diploma,147224,1,Pune,40,No,2,3,2,3,53,8,12,5,21,3,1,No,Not Provided,16-06-2024,fcontractor@chokshi.net,4947352248,8
EMP02343,Inaaya  Srinivas,43,Male,HR,HR Executive,Bachelors,29060,22,Delhi,22,Yes,2,1,3,3,8,4,14,10,15,2,2,No,Not Provided,29-06-2021,vaibhavkrishnan@tara.net,5724389205,10
EMP02344,Myra Kuruvilla,42,Other,Operations,Operations Executive,Diploma,162053,17,Bangalore,33,No,1,2,1,5,71,6,18,5,21,2,4,No,Not Provided,16-03-2023,mandatara@gmail.com,6961746732,11
EMP02345,Mannat Raj,58,Female,Customer Support,Customer Success Manager,MBA,106231,33,Mumbai,19,No,3,1,2,4,32,5,23,11,19,1,2,No,Not Provided,10-12-2024,dewantanya@yahoo.com,4828501338,9
EMP02346,Prisha Sundaram,22,Other,Marketing,Content Strategist,MBA,52729,0,Noida,14,Yes,3,2,3,4,30,5,6,14,0,4,4,No,Not Provided,04-04-2018,msant@hotmail.com,9520464498,12
EMP02347,Dishani Kala,46,Other,HR,Recruiter,Masters,103292,16,Kolkata,11,Yes,3,1,1,4,18,6,21,11,19,4,1,Yes,"Overtime, Low Job Satisfaction, High Stress",29-04-2022,lbhalla@yahoo.com,8814067966,14
EMP02348,Trisha Dave,34,Other,Finance,Finance Manager,Masters,48523,11,Hyderabad,32,Yes,3,4,1,4,51,9,23,3,22,4,4,No,Not Provided,19-02-2025,krishnamurthyzain@yahoo.com,9716547940,10
EMP02349,Nehmat Sawhney,57,Female,IT,Software Engineer,Masters,162453,28,Pune,26,No,5,5,3,4,23,6,12,13,12,4,1,No,Not Provided,21-04-2025,heer59@hotmail.com,414090403,8
EMP02350,Sahil Dhingra,36,Other,Sales,Business Development Associate,Masters,176326,7,Bangalore,36,Yes,4,1,3,5,56,5,21,1,24,4,1,No,Not Provided,05-11-2024,yuvraj-vig@randhawa-bahl.org,8342504924,11
EMP02351,Madhup Kala,34,Other,HR,Recruiter,Diploma,159389,11,Hyderabad,37,Yes,2,4,2,1,73,7,18,8,24,3,2,No,Not Provided,26-02-2025,dchawla@yahoo.com,5362678781,12
EMP02352,Zaina Mane,36,Other,HR,HR Executive,Diploma,156983,14,Hyderabad,5,No,5,1,5,2,19,9,11,12,22,1,3,No,Not Provided,18-07-2018,arnavchander@gmail.com,1959124990,9
EMP02353,Prisha Setty,29,Female,HR,HR Executive,Masters,173378,1,Mumbai,39,Yes,1,2,5,3,46,8,6,10,9,5,4,Yes,"Poor Work Life Balance, Overtime, Low Job Satisfaction",18-02-2019,waliojas@keer-talwar.com,2648810543,16
EMP02354,Prisha Rajagopalan,38,Male,Operations,Supply Chain Analyst,Diploma,159463,11,Pune,17,Yes,3,2,2,3,3,6,3,3,3,2,1,No,Not Provided,04-09-2018,chadhasamar@karan-dani.com,9755831843,11
EMP02355,Yuvraj  Tella,47,Female,HR,Recruiter,MBA,29446,17,Kolkata,35,No,4,1,4,4,43,5,10,13,24,3,5,No,Not Provided,19-12-2021,anahitavarghese@keer-keer.net,7557822802,8
EMP02356,Manikya Thaker,46,Other,HR,HR Manager,Bachelors,169570,20,Mumbai,7,Yes,5,3,2,2,57,7,3,12,13,4,1,Yes,"Overtime, Manager Issues, High Stress",31-12-2019,shalvkashyap@kata-som.com,5591185596,15
EMP02357,Adira Chander,51,Male,Sales,Sales Executive,MBA,99688,29,Delhi,21,Yes,5,4,5,4,60,2,2,10,3,4,5,No,Not Provided,28-10-2018,Not Generated,998994365,9
EMP02358,Advika Khanna,48,Other,HR,HR Executive,Diploma,60603,21,Hyderabad,16,No,2,3,5,4,2,3,25,10,21,4,2,No,Not Provided,09-01-2024,raunak73@bawa.com,14038924,8
EMP02359,Elakshi Sunder,24,Other,IT,System Admin,Diploma,104881,4,Kolkata,23,No,1,2,2,5,47,4,23,11,11,1,3,No,Not Provided,04-05-2024,zainamangal@gmail.com,969239615,10
EMP02360,Nakul Loke,39,Male,Operations,Supply Chain Analyst,Diploma,78010,11,Hyderabad,10,No,4,5,2,3,23,7,0,15,13,4,2,No,Not Provided,22-01-2022,lavanyakothari@gmail.com,6351507762,11
EMP02361,Fateh Wagle,46,Male,Not assigned,Software Engineer,Masters,125171,19,Bangalore,9,Yes,3,1,4,3,63,5,2,4,14,4,2,No,Not Provided,07-04-2017,skapur@hotmail.com,7867163371,12
EMP02362,Vardaniya Virk,56,Other,Sales,Sales Manager,Diploma,80059,36,Bangalore,30,Yes,4,4,5,4,9,1,7,15,17,4,3,No,Not Provided,03-01-2019,vaibhavviswanathan@thaman.com,2147918358,8
EMP02363,Tejas Kaur,49,Female,Finance,Financial Analyst,MBA,122145,22,Bangalore,23,No,2,5,5,3,43,6,19,9,25,3,3,No,Not Provided,06-06-2024,advikasahota@hotmail.com,2616637671,5
EMP02364,Ahana  Mangal,27,Other,Finance,Accountant,Bachelors,49527,0,Mumbai,28,No,3,3,5,3,48,1,23,6,14,3,2,No,Not Provided,18-09-2021,zzachariah@gala.com,8518358983,1
EMP02365,Nitara Madan,28,Male,Operations,Operations Executive,Masters,41635,3,Hyderabad,16,Yes,1,5,2,4,47,7,3,14,19,4,2,Yes,"Poor Work Life Balance, Overtime, High Stress",02-12-2025,kulkarnishray@sundaram-gade.org,7775839281,16
EMP02366,Drishya Chada,51,Other,Marketing,SEO Specialist,Bachelors,33491,26,Kolkata,26,Yes,5,3,3,5,49,4,18,5,18,4,3,No,Not Provided,25-03-2025,royvardaniya@hotmail.com,8745989432,6
EMP02367,Romil Dua,52,Male,IT,Data Analyst,Diploma,142441,27,Hyderabad,25,No,5,5,4,1,66,3,0,11,21,4,4,No,Not Provided,22-01-2020,sarafdiya@gulati.com,3287740429,10
EMP02368,Hrishita Khatri,53,Other,IT,BI Developer,Bachelors,60819,28,Delhi,35,Yes,4,4,2,4,26,7,13,7,22,5,1,No,Not Provided,03-09-2020,stuvan13@sanghvi-sharma.com,4190113363,10
EMP02369,Darshit Keer,26,Other,Operations,Supply Chain Analyst,Diploma,165525,0,Chennai,22,No,5,4,3,1,20,0,24,8,22,4,2,No,Not Provided,01-12-2022,lkale@mandal.biz,3747022913,5
EMP02370,Priyansh Maharaj,50,Male,Marketing,Content Strategist,MBA,166892,26,Kolkata,22,No,1,2,4,4,63,10,6,1,1,4,4,No,Not Provided,30-06-2025,hkapoor@yahoo.com,5436270101,11
EMP02371,Tarini Yohannan,58,Female,HR,HR Manager,Diploma,62391,37,Bangalore,12,Yes,5,2,5,1,50,4,14,12,18,4,1,No,Not Provided,31-03-2023,jmahal@mand.com,6174214631,12
EMP02372,Yuvaan Sur,38,Male,HR,HR Manager,MBA,107866.6344,11,Chennai,24,No,3,2,1,2,72,7,8,7,1,2,4,No,Not Provided,21-06-2017,abhatt@reddy-johal.com,5900911853,9
EMP02373,Ojas Jaggi,28,Other,Customer Support,Customer Success Manager,Bachelors,130596,0,Kolkata,27,No,1,2,3,2,35,10,6,15,24,2,4,Yes,"Poor Work Life Balance, Low Job Satisfaction, Manager Issues",15-07-2016,dharmajandora@chopra.com,7475243320,13
EMP02374,Ela Sankaran,24,Other,IT,Data Analyst,Bachelors,63512,0,Hyderabad,25,No,5,1,2,2,0,3,7,2,23,4,3,No,Not Provided,20-09-2018,raoivana@yahoo.com,4087100383,11
EMP02375,Ivana Varkey,33,Other,Sales,Sales Manager,MBA,82259,5,Delhi,17,Yes,1,5,5,1,2,6,15,3,6,3,3,No,Not Provided,08-07-2016,kabirkarpe@gmail.com,4640229067,9
EMP02376,Heer Andra,55,Male,HR,Recruiter,Bachelors,136508,25,Noida,36,Yes,3,1,4,3,26,4,21,1,16,1,2,No,Not Provided,24-04-2017,bahlemir@gmail.com,7854960325,6
EMP02377,Shayak Ravel,35,Other,IT,System Admin,MBA,176201,8,Kolkata,29,No,4,2,1,2,55,5,6,15,9,2,2,No,Not Provided,12-12-2019,nehmatchawla@kala.info,9999746434,12
EMP02378,Saanvi Raja,60,Other,Marketing,Content Strategist,Bachelors,41982,38,Bangalore,22,No,3,1,3,1,71,5,6,5,17,3,1,No,Not Provided,19-03-2021,zaramannan@subramanian.org,7584139838,7
EMP02379,Myra Mangal,35,Other,Operations,Supply Chain Analyst,Bachelors,118591,15,Mumbai,17,Yes,4,4,4,3,61,5,21,6,2,1,4,No,Not Provided,09-01-2018,basaksara@dada.com,5239103699,4
EMP02380,Zeeshan Biswas,35,Male,IT,Customer Success Manager,Bachelors,73757,5,Noida,39,Yes,2,4,4,5,54,8,21,13,4,1,4,No,Not Provided,10-11-2018,alishasharma@gmail.com,1360554249,10
EMP02381,Nitya Verma,60,Male,Sales,Sales Executive,Bachelors,139640,39,Bangalore,24,Yes,2,2,2,2,74,10,14,15,23,2,4,Yes,"Poor Work Life Balance, Overtime, Low Job Satisfaction",02-08-2019,uthkarshvala@yahoo.com,9102240148,16
EMP02382,Anika Tank,37,Male,Sales,Sales Executive,Masters,157140,11,Hyderabad,24,Yes,2,2,4,1,12,2,17,12,7,5,4,Yes,"Poor Work Life Balance, Overtime, Low Job Satisfaction",13-01-2025,atalwar@sha.com,357026880,15
EMP02383,Ehsaan Bahl,21,Other,IT,Software Engineer,Diploma,37634,0,Kolkata,32,No,3,5,5,2,65,3,4,13,4,2,1,No,Not Provided,08-06-2017,dhruv44@hotmail.com,898723157,7
EMP02384,Rati Sheth,60,Male,Operations,Operations Executive,Masters,118556,31,Delhi,35,Yes,1,4,1,4,40,8,7,9,1,3,4,No,Not Provided,12-02-2021,tsinghal@balan.net,4214924213,10
EMP02385,Divit Rana,48,Female,Operations,Operations Executive,Diploma,33949,24,Hyderabad,14,Yes,2,3,4,5,61,7,20,12,18,4,3,No,Not Provided,02-08-2019,manneamani@hotmail.com,1658204466,12
EMP02386,Emir Datta,35,Female,Operations,Operations Executive,Bachelors,166289,15,Hyderabad,11,No,1,5,5,4,10,8,23,13,10,3,2,No,Not Provided,19-03-2018,ranbir84@sekhon.com,6988511580,7
EMP02387,Aradhya Kade,38,Male,IT,BI Developer,Bachelors,77300,17,Mumbai,36,Yes,5,3,1,1,23,9,19,12,20,2,4,No,Not Provided,21-04-2021,wkorpal@mangat-barman.net,7716053084,11
EMP02388,Baiju Dhawan,49,Male,Customer Support,Customer Success Manager,Bachelors,179770,22,Bangalore,16,Yes,5,4,5,4,80,5,21,2,23,5,5,No,Not Provided,29-08-2021,qghose@gmail.com,6763697096,7
EMP02389,Sahil Sachdeva,29,Female,Operations,Operations Executive,Masters,27066,0,Noida,9,No,4,3,5,2,18,7,25,3,4,3,5,No,Not Provided,25-03-2022,nayantarabose@gmail.com,2672377219,4
EMP02390,Samarth Krish,34,Male,HR,Recruiter,Masters,162324,13,Noida,30,Yes,2,5,1,4,6,0,11,2,2,5,4,No,Not Provided,28-04-2019,elakshiramanathan@sunder-sarraf.com,6476122749,11
EMP02391,Bhavin Basu,22,Female,Operations,Supply Chain Analyst,Bachelors,133128,0,Pune,8,Yes,3,4,2,2,50,8,4,12,21,3,3,No,Not Provided,22-12-2017,rohanbhargava@gmail.com,5148368879,12
EMP02392,Zoya Venkatesh,42,Female,HR,HR Executive,Bachelors,87897,20,Hyderabad,6,Yes,5,3.039382866,3,4,75,8,23,4,13,5,5,No,Not Provided,30-09-2016,siya82@saini-ganguly.org,3639313591,7
EMP02393,Saksham Sethi,42,Other,Finance,Accountant,MBA,127536,12,Noida,24,Yes,2,4,5,4,29,7,6,11,4,4,3,No,Not Provided,13-06-2022,mohanlal56@agrawal.org,5885373860,12
EMP02394,Myra Gill,44,Female,Operations,Operations Executive,Masters,87455,20,Hyderabad,34,Yes,3,2,3,3,37,8,13,13,15,4,3,Yes,"Overtime, Low Job Satisfaction, High Stress",28-06-2021,yuvraj-81@yahoo.com,688117383,13
EMP02395,Mishti Devi,24,Other,Customer Support,Support Executive,MBA,128146,0,Hyderabad,32,No,2,2,2,4,55,3,14,1,17,2,1,No,Not Provided,23-05-2020,nraja@dutta-tara.com,4682873474,9
EMP02396,Saira Tailor,58,Female,Operations,Supply Chain Analyst,Masters,48137,29,Pune,6,No,2,4,3,4,55,0,16,15,4,5,5,No,Not Provided,16-01-2018,masterreyansh@gmail.com,5618666261,8
EMP02397,Shlok Rege,26,Other,Marketing,Marketing Manager,Diploma,46681,0,Delhi,8,Yes,2,4,3,5,52,1,14,8,5,5,1,No,Not Provided,02-12-2020,zram@yahoo.com,5936787039,8
EMP02398,Hrishita Salvi,56,Male,Finance,Accountant,Diploma,101327,35,Bangalore,15,Yes,4,5,3,2,76,10,22,7,14,5,3,No,Not Provided,20-07-2019,vihaanborra@gmail.com,6693591672,9
EMP02399,Aradhya Sarma,52,Other,HR,HR Executive,Bachelors,37972,26,Bangalore,40,Yes,5,4,1,1,7,3,1,2,6,5,5,No,Not Provided,01-09-2022,schaudhary@yahoo.com,363455012,12
EMP02400,Shaan Joshi,23,Other,Sales,Sales Executive,Diploma,179939,2,Pune,37,No,1,4,5,5,46,9,9,7,14,2,5,No,Not Provided,02-10-2022,gsalvi@deep-vyas.net,2590696258,6
EMP02401,Tanya Kothari,56,Female,Operations,Operations Executive,Bachelors,52106,26,Delhi,18,Yes,1,1,3,1,52,5,20,15,10,2,4,Yes,"Poor Work Life Balance, Overtime, Low Job Satisfaction",08-01-2024,nishith85@seshadri-chawla.com,7119460428,14
EMP02402,Trisha Sankaran,39,Female,Operations,Operations Executive,Masters,128853,10,Noida,23,No,5,5,4,3,67,0,12,2,7,4,2,No,Not Provided,19-01-2017,balisahil@kumar.com,7630175294,3
EMP02403,Lakshit Bali,47,Other,Sales,Sales Executive,Masters,80392,27,Noida,24,Yes,2,5,1,5,75,8,8,4,3,4,1,No,Not Provided,18-05-2021,psahni@yahoo.com,107328057,12
EMP02404,Hridaan Kade,41,Female,HR,Recruiter,Masters,108364,15,Delhi,14,No,1,5,5,4,18,1,24,11,18,2,2,No,Not Provided,17-09-2019,veer19@yahoo.com,7241988346,5
EMP02405,Gokul Desai,48,Male,Finance,Accountant,Masters,177345,22,Noida,3,No,4,4,2,3,17,6,20,11,24,2,2,No,Not Provided,22-02-2026,parinaaz98@hotmail.com,4691991154,6
EMP02406,Keya Lad,43,Other,HR,HR Manager,Masters,172901,13,Mumbai,6,No,3,1,5,4,29,8,25,4,21,2,2,No,Not Provided,09-03-2026,renee37@gmail.com,6135964342,5
EMP02407,Shray Subramaniam,34,Female,Marketing,Marketing Manager,Bachelors,91896,8,Bangalore,24,Yes,5,3,3,1,44,4,15,11,10,1,3,No,Not Provided,02-01-2023,dubeazad@gmail.com,9303996913,6
EMP02408,Priyansh Agrawal,29,Female,IT,System Admin,Masters,125955,0,Pune,38,No,3,4,5,4,1,1,21,9,22,2,2,No,Not Provided,10-09-2018,shamik23@gmail.com,4951661815,1
EMP02409,Hansh Kalla,45,Other,Marketing,Marketing Manager,Bachelors,61143,22,Delhi,11,No,5,2,1,5,17,7,1,6,7,3,1,No,Not Provided,08-12-2017,borrafateh@kapur-kata.net,8217088619,9
EMP02410,Ishita Kunda,37,Male,Finance,Business Development Associate,Masters,27746,13,Noida,29,No,4,1,1,5,19,8,4,15,18,1,1,No,Not Provided,02-09-2016,bailanaya@hotmail.com,8053095580,12
EMP02411,Ivana Srinivas,27,Female,Sales,Business Development Associate,Diploma,50607,2,Kolkata,7,Yes,3,1,2,5,3,5,10,15,18,5,2,Yes,"Overtime, Low Job Satisfaction, High Stress",18-09-2023,jbarad@chawla.com,2437737790,14
EMP02412,Samarth Manda,28,Female,IT,Software Engineer,Diploma,113809,0,Chennai,34,No,5,2,1,2,12,8,15,6,15,3,2,No,Not Provided,02-05-2018,ryan76@sharaf.biz,5534827313,10
EMP02413,Vaibhav Tella,21,Male,IT,Software Engineer,Masters,30985,0,Kolkata,32,No,4,4,1,2,38,0,1,1,9,5,1,No,Not Provided,30-08-2025,srinivasanvanya@sem.info,5110745991,10
EMP02414,Mohanlal Yohannan,37,Male,Sales,Business Development Associate,Masters,95761,13,Kolkata,40,No,1,2,5,2,25,2,9,14,24,4,3,Yes,"Poor Work Life Balance, Low Job Satisfaction, Manager Issues",14-02-2020,dhillonhimmat@gmail.com,7415289949,14
EMP02415,Sara Ghosh,45,Female,Marketing,SEO Specialist,Bachelors,110084,17,Bangalore,2,Yes,4,3,2,4,71,2,6,13,21,1,1,No,Not Provided,22-02-2021,jbhat@bhatia.com,1256347330,6
EMP02416,Taimur Ganesh,27,Male,Marketing,SEO Specialist,Bachelors,27779,6,Kolkata,17,No,3,4,1,5,40,1,17,3,9,4,2,No,Not Provided,21-04-2023,lavanya65@arora.com,9511108637,5
EMP02417,Mehul Lad,46,Other,IT,Data Analyst,Bachelors,71247,22,Pune,33,Yes,1,2,4,5,78,1,13,14,11,5,5,Yes,"Poor Work Life Balance, Overtime, Low Job Satisfaction",05-06-2025,bhamini47@gmail.com,800000567,14
EMP02418,Tushar Sunder,41,Other,IT,Software Engineer,Masters,135014,15,Pune,2,No,1,5,4,3,73,6,14,3,13,2,3,No,Not Provided,16-11-2025,bediritvik@hotmail.com,521097650,5
EMP02419,Nirvaan Srinivasan,29,Other,Marketing,Content Strategist,Diploma,33453,7,Hyderabad,1,Yes,5,5,4,1,45,9,6,1,9,4,5,No,Not Provided,16-07-2016,ladbhamini@chatterjee-uppal.net,5613992241,9
EMP02420,Sana De,30,Female,IT,Software Engineer,Masters,155373,7,Bangalore,7,No,5,1,5,2,73,9,8,12,10,1,4,No,Not Provided,12-05-2021,nitarasekhon@gmail.com,6699516845,9
EMP02421,Gokul Dani,40,Male,HR,HR Executive,MBA,169154,11,Chennai,14,No,3,3,2,2,0,6,3,7,10,2,3,No,Not Provided,17-10-2018,ahana-10@yahoo.com,5140756021,8
EMP02422,Kismat Chadha,60,Female,HR,HR Manager,Masters,171368,31,Bangalore,20,No,3,2,3,3,45,10,17,6,9,4,4,No,Not Provided,16-04-2021,pghose@yahoo.com,1297267203,8
EMP02423,Kartik Kalita,39,Female,Customer Support,Support Executive,Masters,105280,17,Noida,38,Yes,3,2,5,2,5,8,14,13,10,5,1,Yes,"Overtime, Low Job Satisfaction, Manager Issues",04-04-2021,bhavinchar@keer.com,6266741371,15
EMP02424,Ivan Bhat,60,Other,IT,System Admin,MBA,143235,39,Pune,37,Yes,2,5,3,2,63,5,9,15,17,5,1,Yes,"Poor Work Life Balance, Overtime, Manager Issues",31-08-2024,ksinha@hotmail.com,5156239078,15
EMP02425,Saksham Mani,28,Female,Marketing,Content Strategist,Diploma,72967,5,Mumbai,25,Yes,1,3,4,4,2,0,8,3,7,2,4,No,Not Provided,27-03-2026,ayeshaapte@hotmail.com,1241999563,6
EMP02426,Akarsh Rastogi,28,Other,Sales,Business Development Associate,Bachelors,154559,5,Chennai,38,No,4,5,3,1,74,4,16,13,2,1,4,No,Not Provided,09-01-2022,yakshit43@vyas.com,9479201485,5
EMP02427,Sahil Vora,45,Other,HR,Recruiter,MBA,129108,22,Bangalore,39,Yes,5,3,1,2,70,0,6,4,7,1,4,No,Not Provided,24-05-2025,subramaniamnirvi@yahoo.com,2565223764,7
EMP02428,Badal Kapadia,50,Male,Customer Support,Support Executive,MBA,156191,24,Bangalore,15,Yes,1,2,3,3,64,2,22,1,16,4,1,No,Not Provided,16-11-2025,zain55@hotmail.com,2169377256,11
EMP02429,Armaan Vyas,38,Male,Customer Support,Support Executive,Bachelors,78092,8,Pune,35,Yes,2,1,3,2,72,8,4,1,6,3,5,Yes,"Poor Work Life Balance, Overtime, Low Job Satisfaction",15-09-2019,fsahota@yahoo.com,2912214539,15
EMP02430,Priyansh Thakkar,27,Female,IT,BI Developer,MBA,170450,0,Bangalore,15,No,1,4,5,3,29,5,8,14,7,1,2,No,Not Provided,01-10-2017,ycheema@master-mand.biz,9901156028,7
EMP02431,Nehmat Wable,22,Female,Operations,Operations Executive,Bachelors,127461,1,Bangalore,15,Yes,3,2,3,1,41,10,10,8,19,1,5,No,Not Provided,07-09-2016,gardeanahi@gola-bala.biz,5857997400,9
EMP02432,Vivaan Karpe,32,Male,Sales,Sales Manager,Diploma,104988,8,Delhi,14,No,5,1,5,3,19,9,11,3,2,3,2,No,Not Provided,26-03-2018,kiaankeer@yogi.org,7710196035,5
EMP02433,Lavanya Chaudry,75,Other,HR,Recruiter,Masters,139176,30,Bangalore,13,Yes,1,4,4,3,4,0,4,15,10,3,4,No,Not Provided,25-04-2022,imani@goyal.com,1555434968,9
EMP02434,Baiju Dhaliwal,25,Male,Marketing,SEO Specialist,Masters,102213,0,Kolkata,28,No,5,5,5,4,40,5,1,10,21,4,1,No,Not Provided,13-10-2022,rasha73@hotmail.com,2419257195,10
EMP02435,Ojas Johal,44,Female,IT,System Admin,Masters,152236,17,Kolkata,10,Yes,1,4,5,4,0,4,18,10,15,3,2,No,Not Provided,19-05-2024,sarraftaran@gmail.com,5853888782,7
EMP02436,Jayant Madan,38,Other,Sales,Sales Executive,Masters,144728,18,Bangalore,9,No,4,2,4,5,19,6,23,14,6,5,5,No,Not Provided,12-07-2023,ivana24@bhatia.net,4423565106,10
EMP02437,Kartik Kala,43,Male,Sales,Business Development Associate,Bachelors,173222,14,Pune,12,Yes,5,1,2,4,75,10,17,10,23,4,3,Yes,"Overtime, Low Job Satisfaction, High Stress",03-10-2016,baiju38@hotmail.com,4232770962,14
EMP02438,Pranay Kala,75,Female,Customer Support,Support Executive,MBA,52343,5,Bangalore,15,No,5,4,4,2,9,1,12,2,0,4,2,No,Not Provided,04-04-2026,elakshikar@shanker.info,9309005324,5
EMP02439,Nitara Dutt,45,Male,IT,BI Developer,MBA,35988,25,Hyderabad,25,No,3,3,2,5,35,8,1,13,1,4,1,No,Not Provided,06-01-2022,urvi24@gmail.com,8311115029,12
EMP02440,Divyansh Sandal,23,Female,Sales,Sales Manager,Diploma,178296,0,Hyderabad,16,No,4,2,1,1,23,7,22,7,23,4,4,No,Not Provided,22-08-2017,ritvik56@yahoo.com,2622603909,12
EMP02441,Siya Sachdev,52,Male,Sales,Business Development Associate,MBA,150325,28,Mumbai,2,No,4,3.039382866,5,5,49,7,23,12,13,5,5,No,Not Provided,09-11-2018,rameshlakshay@banik.com,1315996638,7
EMP02442,Vaibhav Contractor,27,Female,Sales,Sales Executive,Diploma,105182,0,Chennai,39,No,2,1,3,5,80,9,0,14,21,5,2,Yes,"Poor Work Life Balance, Low Job Satisfaction, High Stress",03-06-2021,dbajaj@gmail.com,6744574099,16
EMP02443,Yuvaan Kata,58,Other,HR,HR Executive,Masters,43829,37,Mumbai,1,Yes,4,4,5,5,1,2,11,8,24,4,3,No,Not Provided,20-10-2018,kismatthakur@hotmail.com,6995762428,5
EMP02444,Lagan Barad,60,Male,Finance,Financial Analyst,MBA,140518,38,Pune,17,No,3,1,5,3,35,7,7,12,18,2,4,No,Not Provided,31-10-2019,lagansaraf@sharaf.com,9311033389,7
EMP02445,Saira Chauhan,26,Other,Operations,Operations Executive,Masters,133805,2,Kolkata,2,Yes,4,1,4,1,59,5,4,6,13,5,3,Yes,"Overtime, Low Job Satisfaction, Manager Issues",02-09-2023,chanderjayan@chacko.org,9877693866,14
EMP02446,Akarsh Talwar,26,Male,Operations,Operations Executive,Diploma,77321,0,Bangalore,27,Yes,1,5,5,3,48,5,3,9,3,4,5,Yes,"Poor Work Life Balance, Overtime, High Stress",06-10-2022,ratikaul@dugal.org,6169503517,13
EMP02447,Umang Chaudhary,30,Male,Finance,Financial Analyst,Masters,173669,5,Hyderabad,21,No,2,4,1,2,2,0,3,1,11,5,1,No,Not Provided,10-04-2023,lalstuvan@rana.net,3718056663,12
EMP02448,Ivan Edwin,42,Other,Sales,Business Development Associate,Diploma,107419,13,Bangalore,35,Yes,3,3,3,5,16,2,4,10,15,2,5,No,Not Provided,27-04-2024,mwadhwa@gmail.com,4897245149,7
EMP02449,Tejas Wadhwa,44,Female,Not assigned,Customer Success Manager,MBA,144328,24,Delhi,25,No,3,1,2,3,3,6,14,12,23,5,2,Yes,"Low Job Satisfaction, High Stress, No Promotion",01-04-2026,ubhargava@gmail.com,923455513,13
EMP02450,Myra Mammen,37,Male,Marketing,Marketing Manager,Masters,140182,17,Pune,6,Yes,4,1,1,1,12,3,13,9,21,1,2,No,Not Provided,12-12-2023,borapurab@kapur.com,1537078632,9
EMP02451,Ishaan Salvi,49,Female,Customer Support,Support Executive,Bachelors,146701,27,Mumbai,2,Yes,4,2,1,1,40,6,3,5,13,3,2,Yes,"Overtime, Low Job Satisfaction, Manager Issues",22-07-2023,sarnaseher@hotmail.com,8983815980,13
EMP02452,Pari Tata,55,Female,Marketing,Marketing Manager,Diploma,154355,25,Pune,24,No,2,4,1,1,65,6,25,8,9,4,3,No,Not Provided,21-03-2020,bmand@hotmail.com,1689690561,12
EMP02453,Romil Wagle,42,Other,IT,BI Developer,Bachelors,164216,16,Mumbai,13,No,1,5,3,1,69,4,6,2,9,1,5,No,Not Provided,21-02-2026,zbuch@yahoo.com,1814765413,5
EMP02454,Suhana Chahal,39,Male,Finance,Accountant,Bachelors,123556,13,Bangalore,6,No,3,4,3,5,66,10,8,9,1,2,5,No,Not Provided,16-12-2023,vedika22@barman.com,4757624328,2
EMP02455,Inaaya  Zacharia,28,Male,Customer Support,Support Executive,Diploma,55357,1,Chennai,2,No,2,5,5,2,9,4,20,11,23,5,1,No,Not Provided,09-09-2017,issacivan@mall.com,8276019789,10
EMP02456,Miraan Chowdhury,42,Male,Operations,Operations Executive,Diploma,39506,13,Bangalore,26,No,3,4,5,3,50,1,18,2,10,2,1,No,Not Provided,02-12-2018,tushar96@gmail.com,4917174305,1
EMP02457,Jayant Gade,30,Female,HR,Recruiter,MBA,67994,3,Mumbai,38,Yes,3,2,5,3,74,10,25,7,11,5,3,No,Not Provided,07-03-2021,elakshichakrabarti@gmail.com,9844982561,11
EMP02458,Parinaaz Bahri,57,Female,HR,Recruiter,Masters,123037,35,Bangalore,27,No,3,3,3,1,31,0,2,9,14,4,3,No,Not Provided,23-11-2022,latahansh@ramaswamy.biz,5017585181,8
EMP02459,Ela Varghese,46,Other,Sales,Sales Manager,Bachelors,106514,17,Hyderabad,1,Yes,3,4,5,5,29,2,9,1,7,4,4,No,Not Provided,01-08-2020,samairathaman@gmail.com,9670221320,5
EMP02460,Vaibhav Sheth,21,Male,Customer Support,Customer Success Manager,MBA,140620,1,Chennai,11,No,4,4,3,2,78,3,4,2,10,1,4,No,Not Provided,28-12-2020,suhana10@sandal.org,5942960148,4
EMP02461,Saanvi Krishnan,24,Male,Finance,Financial Analyst,Masters,118637,0,Pune,38,No,1,1,5,2,11,4,19,15,1,1,4,No,Not Provided,13-05-2018,xwali@vasa.org,9933691351,11
EMP02462,Uthkarsh Savant,31,Female,IT,Data Analyst,Masters,141843,10,Pune,28,Yes,4,1,1,3,35,6,10,10,23,4,3,Yes,"Overtime, Low Job Satisfaction, High Stress",06-09-2023,ranbirbarman@hotmail.com,6327079818,15
EMP02463,Raghav Swaminathan,54,Male,Finance,Financial Analyst,Diploma,44233,24,Chennai,7,No,4,3.039382866,1,5,43,4,24,2,19,2,4,No,Not Provided,06-02-2017,madhavbadami@khurana-mann.com,1589540456,2
EMP02464,Stuvan Khanna,32,Female,Sales,Sales Executive,Masters,119902,11,Hyderabad,36,No,2,1,4,3,6,9,11,3,3,4,1,No,Not Provided,23-05-2017,iyengarbiju@hotmail.com,1664734980,12
EMP02465,Armaan Master,22,Female,Operations,Supply Chain Analyst,Diploma,47551,0,Delhi,25,No,4,2,2,3,23,2,22,2,20,5,5,No,Not Provided,19-02-2026,virkkiara@hotmail.com,1888499958,9
EMP02466,Miraya Seth,49,Male,Marketing,Content Strategist,Diploma,114599,26,Delhi,39,Yes,4,3,1,5,50,6,25,4,24,3,2,No,Not Provided,26-09-2023,ahana-14@saxena-kade.com,5700703506,7
EMP02467,Jivin Wason,38,Other,Customer Support,Customer Success Manager,Diploma,34026,11,Delhi,31,No,5,5,2,2,46,2,7,1,18,2,4,No,Not Provided,28-03-2023,oseth@hotmail.com,4847037693,5
EMP02468,Khushi Wali,22,Other,Not assigned,Supply Chain Analyst,Bachelors,122329,0,Pune,38,Yes,7,4,1,1,38,8,24,3,13,2,5,No,Not Provided,08-03-2018,dhruvdivan@viswanathan-dugar.org,220840726,9
EMP02469,Devansh Sha,29,Female,HR,Recruiter,MBA,147794,3,Chennai,40,Yes,1,5,1,5,65,10,25,9,11,4,4,Yes,"Poor Work Life Balance, Overtime, High Stress",01-02-2021,kanavdesai@gmail.com,33834721,13
EMP02470,Lavanya Tiwari,47,Female,Marketing,SEO Specialist,MBA,44294,22,Mumbai,30,Yes,1,5,1,5,7,1,19,6,1,4,2,No,Not Provided,01-08-2019,anvianne@thaker.com,4952031429,11
EMP02471,Anaya Gandhi,42,Male,HR,HR Executive,Diploma,112588,22,Pune,8,No,5,4,5,4,45,2,1,7,15,4,1,No,Not Provided,20-10-2021,lkumer@sethi.com,4065113346,5
EMP02472,Taimur Choudhary,58,Other,Operations,Supply Chain Analyst,Diploma,71304,34,Bangalore,33,Yes,1,3,3,4,79,3,2,5,23,5,3,No,Not Provided,21-09-2016,azadsule@yahoo.com,4938939343,11
EMP02473,Gatik Kibe,46,Other,Marketing,SEO Specialist,Diploma,31873,25,Mumbai,7,No,1,2,5,4,24,6,12,7,8,5,5,No,Not Provided,24-03-2022,abramkashyap@yahoo.com,45580909,11
EMP02474,Yashvi Sidhu,27,Female,Finance,Accountant,Diploma,66704,6,Chennai,14,Yes,4,4,3,1,22,4,12,13,5,2,2,No,Not Provided,03-01-2019,nirvaansingh@yahoo.com,9294870426,6
EMP02475,Dharmajan Dhaliwal,58,Female,Finance,Financial Analyst,Diploma,165466,36,Noida,39,No,4,2,5,1,40,4,9,6,8,5,5,No,Not Provided,19-06-2023,pbabu@bobal.com,203694743,9
EMP02476,Jivin Sidhu,51,Other,Customer Support,Customer Success Manager,MBA,142718,30,Pune,18,No,5,2,3,4,30,6,14,4,10,3,5,No,Not Provided,04-07-2019,neysadasgupta@mann.com,9300974514,5
EMP02477,Pihu Buch,35,Other,HR,HR Executive,MBA,93387,12,Pune,30,No,4,1,3,5,44,4,23,14,17,2,1,No,Not Provided,12-06-2018,sarananahita@gmail.com,7383217043,6
EMP02478,Ivan Sethi,30,Female,Finance,Finance Manager,Masters,57888,4,Noida,14,No,4,2,3,1,75,2,11,10,18,1,2,No,Not Provided,07-11-2016,inaaya-bhakta@chaudhry.org,5362776104,7
EMP02479,Vivaan Malhotra,55,Male,IT,Software Engineer,Diploma,114061,25,Noida,14,Yes,4,5,5,2,58,9,10,6,16,4,5,No,Not Provided,15-03-2017,solankirasha@yahoo.com,4079564301,9
EMP02480,Armaan Srinivasan,56,Other,Finance,Financial Analyst,Bachelors,83313,32,Hyderabad,8,No,2,2,1,4,34,10,23,13,9,2,1,No,Not Provided,23-04-2023,kavya42@yahoo.com,9757216684,12
EMP02481,Aaina Ramaswamy,60,Female,Sales,Sales Manager,Masters,36613,37,Bangalore,16,Yes,2,5,4,3,39,10,19,14,18,5,1,No,Not Provided,29-06-2023,fateh90@sarraf.com,2393704324,12
EMP02482,Zain Sarna,34,Female,Customer Support,Customer Success Manager,MBA,81785,4,Kolkata,12,No,3,5,1,4,71,2,18,14,16,4,5,No,Not Provided,04-09-2023,emangal@gmail.com,8838432602,7
EMP02483,Charvi Dhaliwal,59,Male,Marketing,Content Strategist,MBA,138271,29,Delhi,39,Yes,4,1,2,2,56,4,10,15,25,3,2,No,Not Provided,06-12-2018,jbuch@gmail.com,4431866360,12
EMP02484,Manjari Jha,34,Other,Customer Support,Support Executive,Diploma,137396,5,Kolkata,35,Yes,1,1,2,4,10,4,14,13,19,4,2,Yes,"Poor Work Life Balance, Overtime, Low Job Satisfaction",06-11-2025,chirag91@ray.com,5511854546,16
EMP02485,Kabir Khatri,44,Male,Finance,Financial Analyst,Bachelors,67778,15,Chennai,21,Yes,3,4,5,4,65,2,5,12,11,3,2,No,Not Provided,08-12-2023,xiyer@anne-lata.net,6099708660,6
EMP02486,Aniruddh Jayaraman,47,Other,Sales,Sales Executive,Diploma,159083,22,Delhi,25,No,3,4,2,1,27,3,14,3,20,4,1,No,Not Provided,29-07-2022,mohanlalmaharaj@garde.net,8809262732,8
EMP02487,Zaina Dugal,31,Other,Customer Support,Support Executive,Masters,136769,9,Chennai,38,No,5,2,4,5,38,7,22,12,5,1,5,No,Not Provided,18-03-2025,prishachanda@hora.biz,11161853,8
EMP02488,Nishith Bir,39,Other,Operations,Operations Executive,Masters,95303,9,Hyderabad,25,No,3,2,1,5,21,4,22,6,4,2,1,No,Not Provided,30-12-2019,kismatmahal@saran-amble.com,3348450830,6
EMP02489,Shanaya Kaur,53,Other,IT,BI Developer,Diploma,148267,31,Noida,30,No,5,2,2,4,43,3,3,13,24,5,4,Yes,"Low Job Satisfaction, High Stress, Low Salary Hike",05-08-2020,neelofar24@hotmail.com,5521141905,13
EMP02490,Navya Ramesh,31,Female,Customer Support,Customer Success Manager,Bachelors,97052,10,Noida,33,Yes,5,2,1,5,41,10,0,15,7,1,1,Yes,"Overtime, Low Job Satisfaction, No Promotion",22-08-2024,isahni@shenoy.info,8701809937,14
EMP02491,Akarsh Ahuja,39,Female,IT,System Admin,MBA,157070,9,Delhi,33,Yes,1,3,4,2,77,1,24,1,20,4,5,No,Not Provided,26-11-2022,samakismat@yahoo.com,5244652079,11
EMP02492,Charvi Randhawa,40,Female,Marketing,SEO Specialist,MBA,68254,10,Delhi,35,No,3,2,5,2,28,5,15,6,15,3,1,No,Not Provided,16-05-2024,bumbmadhup@chhabra.com,2626372207,8
EMP02493,Kanav Gara,55,Male,Sales,Sales Manager,Diploma,118523,29,Kolkata,24,Yes,2,3.039382866,1,2,42,6,13,8,6,4,3,Yes,"Poor Work Life Balance, Overtime, Manager Issues",28-11-2021,charvibanik@yahoo.com,5481817719,14
EMP02494,Shanaya Ramesh,30,Other,Marketing,SEO Specialist,Masters,47052,5,Noida,31,Yes,4,1,5,5,30,8,18,11,9,5,2,Yes,"Overtime, Low Job Satisfaction, High Stress",22-01-2020,kbalasubramanian@keer.com,8894376516,13
EMP02495,Hiran Madan,21,Male,IT,Data Analyst,MBA,176927,0,Bangalore,18,Yes,5,5,2,2,65,3,22,12,3,2,3,No,Not Provided,10-07-2023,csrinivasan@sem.net,8154969728,8
EMP02496,Manikya Vasa,22,Other,HR,Recruiter,Bachelors,26600,2,Noida,18,Yes,2,2,3,4,0,7,21,1,17,1,3,No,Not Provided,14-07-2024,srinivasantaran@gmail.com,6468164292,10
EMP02497,Ahana  Lata,38,Other,Operations,Supply Chain Analyst,Bachelors,109552,12,Chennai,9,No,3,3,3,2,30,4,22,1,0,5,1,No,Not Provided,17-02-2021,shanayathaker@bhalla-talwar.org,9048408689,5
EMP02498,Divit Sachdev,58,Female,Customer Support,Customer Success Manager,Masters,34665,31,Pune,39,Yes,2,5,1,4,70,8,3,1,24,1,5,No,Not Provided,12-06-2017,arhaan87@hotmail.com,7036525361,12
EMP02499,Lakshit Dada,27,Female,IT,Software Engineer,Masters,170322,7,Delhi,20,Yes,3,2,3,4,54,4,25,7,2,2,1,No,Not Provided,29-02-2024,parichoudhry@sethi-dutt.net,4691041045,5
EMP02500,Mohanlal Tandon,30,Male,Customer Support,Support Executive,Diploma,156258,1,Bangalore,13,No,3,3,5,2,22,7,14,14,19,1,1,No,Not Provided,20-06-2020,jseshadri@gmail.com,6001131919,6
EMP02501,Dishani Kapadia,28,Female,HR,Recruiter,Masters,146645,2,Pune,36,No,2,1,1,4,27,5,23,9,1,4,1,Yes,"Poor Work Life Balance, Low Job Satisfaction, High Stress",07-01-2022,pchaudhary@shankar.biz,4680443155,14
EMP02502,Saksham Gopal,28,Female,Customer Support,Customer Success Manager,MBA,90849,0,Mumbai,11,Yes,1,4,4,4,40,1,1,12,24,2,5,No,Not Provided,13-07-2022,advikmajumdar@edwin-dara.biz,7336247017,9
EMP02503,Dharmajan Rama,38,Other,Sales,Sales Manager,MBA,143811,16,Hyderabad,36,No,3,3,4,3,52,1,21,1,14,3,2,No,Not Provided,14-05-2022,katakismat@chanda-ratta.com,7093215722,1
EMP02504,Mahika Varughese,22,Female,IT,BI Developer,Bachelors,122327,0,Mumbai,39,No,2,5,5,4,65,2,5,15,15,3,5,No,Not Provided,12-02-2022,thakurheer@yahoo.com,7366118547,8
EMP02505,Ahana  Borah,33,Other,Finance,Accountant,Masters,108159,7,Hyderabad,34,Yes,5,5,2,4,43,7,13,7,25,5,2,No,Not Provided,07-09-2021,lavanya14@sarkar.com,3361164595,10
EMP02506,Ahana  Dyal,38,Male,HR,HR Manager,Masters,80021,15,Hyderabad,21,No,4,1,4,5,19,8,17,12,9,1,2,No,Not Provided,20-08-2023,yasminwagle@hotmail.com,8722552858,7
EMP02507,Lavanya Kale,58,Female,Customer Support,Customer Success Manager,Bachelors,156554,37,Chennai,31,No,3,5,2,4,46,4,9,2,5,1,2,No,Not Provided,21-09-2017,xaggarwal@hotmail.com,2261311114,3
EMP02508,Rasha Bhargava,36,Male,HR,Recruiter,MBA,80267,14,Mumbai,8,No,1,3,4,3,21,4,1,7,18,4,4,No,Not Provided,29-01-2021,fateh79@hotmail.com,5639881375,8
EMP02509,Manjari Bains,26,Other,Operations,Supply Chain Analyst,Masters,122347,2,Kolkata,20,Yes,4,1,4,5,1,1,10,11,24,4,2,No,Not Provided,21-02-2020,eva19@zachariah-loyal.com,4403150923,10
EMP02510,Bhamini Bawa,27,Female,Sales,Sales Manager,MBA,163687,0,Bangalore,30,Yes,1,5,2,3,42,1,3,15,4,5,5,Yes,"Poor Work Life Balance, Overtime, High Stress",26-01-2019,ranbir16@vora-bains.com,5606908411,15
EMP02511,Ayesha Chakraborty,22,Male,Operations,Operations Executive,MBA,146857,0,Chennai,32,Yes,5,4,4,3,55,6,24,7,5,4,4,No,Not Provided,03-05-2023,bhattacharyyadarshit@gmail.com,9167170078,8
EMP02512,Renee Keer,23,Other,Customer Support,Customer Success Manager,MBA,105530.7044,0,Noida,24,Yes,5,3,2,1,59,7,12,7,25,5,1,No,Not Provided,03-08-2017,myra25@gmail.com,8228223848,11
EMP02513,Aaina Dube,36,Other,Finance,Finance Manager,MBA,91913,12,Hyderabad,7,No,2,4,5,3,44,8,15,6,15,4,5,No,Not Provided,24-07-2017,dhanush01@hotmail.com,713027749,8
EMP02514,Nitara Luthra,60,Female,Finance,Finance Manager,Diploma,62424,32,Bangalore,12,Yes,1,3,5,2,60,8,14,3,5,4,5,No,Not Provided,18-04-2017,ibahl@hotmail.com,9867102851,12
EMP02515,Jayesh Ghose,33,Male,HR,HR Manager,Bachelors,97214,8,Kolkata,33,Yes,5,5,4,1,57,4,9,11,23,5,2,No,Not Provided,24-06-2021,ela56@goswami.com,7132156903,10
EMP02516,Ehsaan Bhatnagar,31,Male,Finance,Finance Manager,Masters,40671,8,Bangalore,27,No,3,4,1,3,15,5,12,12,7,4,2,No,Not Provided,02-02-2018,aayushsuresh@keer.com,162747783,10
EMP02517,Pihu Varma,21,Other,Marketing,Content Strategist,Diploma,169905,0,Hyderabad,23,Yes,2,5,3,5,75,4,23,4,19,4,4,No,Not Provided,19-12-2023,jiya26@bora.com,3978448297,8
EMP02518,Mahika Sibal,26,Female,IT,System Admin,Diploma,66046,5,Mumbai,39,No,4,5,4,4,4,5,14,2,24,5,4,No,Not Provided,24-01-2017,drishyachhabra@gokhale-ben.com,8872875465,6
EMP02519,Shamik Issac,28,Female,Sales,Sales Manager,MBA,127452,0,Kolkata,2,Yes,1,4,2,2,49,9,2,9,5,4,5,Yes,"Poor Work Life Balance, Overtime, Manager Issues",09-01-2020,Not Generated,2669702109,16
EMP02520,Misha Warrior,41,Female,HR,HR Executive,Bachelors,167692,12,Pune,34,No,5,1,4,4,22,1,8,6,6,1,3,No,Not Provided,29-04-2025,kartanya@yahoo.com,1213195927,4
EMP02521,Biju Thaker,49,Male,HR,Recruiter,Masters,85664,26,Kolkata,35,Yes,3,5,1,5,7,8,6,4,2,5,5,No,Not Provided,17-07-2024,mamooty46@hotmail.com,4289117983,10
EMP02522,Mahika Majumdar,27,Female,Sales,Sales Executive,Diploma,107401.1714,1,Delhi,37,No,4,5,5,1,73,1,3,12,18,5,3,No,Not Provided,28-10-2020,alia22@yahoo.com,8882520735,10
EMP02523,Hansh Subramaniam,29,Male,Operations,Operations Executive,Masters,110401,8,Hyderabad,24,Yes,3,3,3,1,9,0,22,9,5,5,2,No,Not Provided,20-09-2017,chadauthkarsh@raj.com,8641071899,7
EMP02524,Aaryahi Chacko,27,Other,Customer Support,Support Executive,Masters,72676,2,Mumbai,34,No,2,3,2,5,62,2,10,12,9,3,4,No,Not Provided,07-06-2017,hridaansaxena@banik.com,4633579717,8
EMP02525,Hiran Sanghvi,31,Other,Marketing,Marketing Manager,Masters,73539,1,Chennai,30,Yes,3,3,5,1,79,2,18,3,11,1,3,No,Not Provided,21-05-2018,myra83@chaudhary.biz,6140006321,5
EMP02526,Kaira Goswami,39,Male,Not assigned,Business Development Associate,Masters,74505,11,Noida,18,No,2,2,2,2,42,5,17,15,10,2,2,Yes,"Poor Work Life Balance, Low Job Satisfaction, Manager Issues",13-05-2020,saranadah@gmail.com,787894674,14
EMP02527,Kartik Virk,58,Female,Finance,Finance Manager,Masters,129288,28,Kolkata,15,Yes,1,5,1,3,73,10,1,9,20,3,5,No,Not Provided,28-07-2016,ritvik01@gaba.com,8460220699,11
EMP02528,Khushi Ravel,21,Female,Finance,Financial Analyst,Bachelors,123166,1,Mumbai,36,No,2,1,2,3,80,5,0,4,5,1,4,Yes,"Poor Work Life Balance, Low Job Satisfaction, No Promotion",19-09-2016,Not Generated,8818024325,13
EMP02529,Jiya Gulati,31,Male,HR,Recruiter,Masters,54835,8,Hyderabad,39,No,5,3,1,5,49,1,24,15,8,1,3,No,Not Provided,13-01-2023,qmaster@gmail.com,3699969056,5
EMP02530,Yashvi Venkatesh,45,Male,Operations,Operations Executive,MBA,116350,15,Hyderabad,24,Yes,1,3,2,5,71,7,15,4,0,4,5,No,Not Provided,13-04-2018,vardaniya85@devi.org,6020548967,12
EMP02531,Myra Mann,59,Female,Finance,Financial Analyst,Bachelors,147273,33,Delhi,17,Yes,1,2,4,1,72,9,18,6,6,1,3,No,Not Provided,03-07-2023,raghav41@comar-chacko.info,8802164785,12
EMP02532,Ahana  Aurora,38,Female,Customer Support,Support Executive,MBA,104634.8542,9,Noida,22,Yes,2,5,5,3,17,7,7,13,3,2,4,No,Not Provided,22-10-2024,kulkarnibhamini@rastogi.com,9480750073,9
EMP02533,Nehmat Vig,37,Female,Marketing,Marketing Manager,MBA,43381,7,Delhi,29,Yes,4,3,4,4,9,1,8,10,2,5,1,No,Not Provided,17-08-2018,daminimander@hotmail.com,9191780389,8
EMP02534,Divyansh Thaman,56,Male,HR,Recruiter,Diploma,44280,26,Delhi,8,Yes,2,1,1,1,55,5,2,11,23,5,1,Yes,"Poor Work Life Balance, Overtime, Low Job Satisfaction",30-05-2017,eshani26@hotmail.com,6663247896,21
EMP02535,Badal Babu,47,Other,HR,HR Executive,Diploma,154767,26,Pune,20,Yes,5,2,2,5,14,7,5,14,6,1,1,Yes,"Overtime, Low Job Satisfaction, No Promotion",09-07-2025,emir54@kashyap.com,6736204883,13
EMP02536,Madhup Hora,39,Female,Sales,Business Development Associate,MBA,127874,13,Delhi,25,Yes,5,3,4,5,35,7,22,2,6,5,4,No,Not Provided,07-01-2023,kabirkanda@ramachandran-sood.com,8841232115,8
EMP02537,Zoya Sule,52,Female,Marketing,Marketing Manager,MBA,177330,31,Mumbai,9,Yes,3,5,2,3,40,5,5,5,11,2,3,No,Not Provided,28-11-2022,ghoshnitya@ahluwalia-ranganathan.com,405188581,8
EMP02538,Alia Ramesh,45,Other,HR,Recruiter,MBA,134560,15,Mumbai,30,No,2,2,5,2,25,2,18,9,15,4,3,No,Not Provided,18-06-2017,nayantara03@hotmail.com,7679668647,12
EMP02539,Jayan Grewal,21,Male,Finance,Finance Manager,Masters,176222,1,Noida,28,Yes,4,3,1,2,76,6,17,14,17,3,3,No,Not Provided,04-09-2023,aniruddhsom@shenoy-soni.biz,7820708823,11
EMP02540,Saanvi Ahuja,44,Male,Operations,Supply Chain Analyst,Diploma,29243,16,Noida,3,Yes,3,2,3,4,70,8,25,3,17,5,2,No,Not Provided,27-10-2020,mandernirvi@dutt.biz,7176569913,10
EMP02541,Ojas Kala,42,Male,Operations,Operations Executive,Masters,112365,22,Kolkata,8,No,2,5,2,5,78,10,13,8,0,4,2,No,Not Provided,14-09-2020,anika86@deshmukh.info,4275379296,10
EMP02542,Jayesh Kapadia,27,Other,Finance,Finance Manager,Masters,175561,0,Kolkata,32,No,1,1,4,2,72,4,23,3,12,4,5,No,Not Provided,14-03-2022,zain04@iyer-sharaf.com,751554180,12
EMP02543,Kiara Goyal,58,Other,IT,System Admin,Bachelors,57721,30,Kolkata,36,Yes,1,4,4,5,71,10,20,10,24,5,1,Yes,"Poor Work Life Balance, Overtime, High Stress",14-08-2018,johalamani@gmail.com,9385796321,13
EMP02544,Kashvi Loyal,56,Female,Operations,Supply Chain Analyst,Diploma,53870,34,Bangalore,11,Yes,5,4,1,2,42,9,23,6,21,2,1,No,Not Provided,06-05-2026,arnavkapoor@gmail.com,5405386662,8
EMP02545,Advik Bose,45,Male,Marketing,Content Strategist,MBA,44809,23,Mumbai,38,No,4,4,4,1,43,2,16,12,4,3,5,No,Not Provided,02-12-2019,armaan17@viswanathan-bora.net,3683021261,5
EMP02546,Khushi Yogi,17,Male,IT,Software Engineer,Masters,103440,11,Noida,12,Yes,4,1,2,5,19,9,19,4,16,5,1,No,Not Provided,04-10-2020,kartik54@gmail.com,4214126490,12
EMP02547,Tanya Gill,24,Female,IT,System Admin,Bachelors,161761,0,Mumbai,11,No,3,5,5,1,68,2,4,3,9,1,3,No,Not Provided,13-03-2025,mandaniruddh@basak-thaman.net,8822217647,4
EMP02548,Elakshi Jhaveri,21,Other,Operations,Supply Chain Analyst,Diploma,137376,0,Noida,5,No,1,4,3,2,8,8,3,14,17,1,3,No,Not Provided,27-12-2023,suhanabalakrishnan@bhalla-saha.net,8655085383,11
EMP02549,Miraan Sami,32,Male,Marketing,SEO Specialist,Masters,134102,6,Chennai,11,No,5,5,2,2,79,5,24,3,2,5,2,No,Not Provided,27-11-2021,anahitadasgupta@vala.org,4386761181,9
EMP02550,Ryan Balasubramanian,37,Female,IT,System Admin,MBA,26741,17,Bangalore,24,Yes,4,3,1,1,64,1,11,5,12,2,4,No,Not Provided,02-10-2024,sana89@cheema-dhar.com,7600201616,6
EMP02551,Aaryahi Lal,57,Other,HR,Recruiter,MBA,35514,30,Delhi,33,No,4,4,2,1,12,9,22,4,13,1,2,No,Not Provided,20-08-2017,mishti37@krishna-kaur.net,1791804468,7
EMP02552,Vivaan Gola,57,Other,Operations,Operations Executive,Bachelors,38986,32,Delhi,20,Yes,5,5,3,1,48,7,21,6,19,1,3,No,Not Provided,09-11-2020,dhillonhansh@hotmail.com,6857462444,6
EMP02553,Damini Iyengar,52,Other,Operations,Supply Chain Analyst,MBA,134484,29,Pune,38,Yes,2,4,4,1,17,6,13,12,7,2,2,No,Not Provided,25-03-2024,vihaan81@hayer.net,8704179453,12
EMP02554,Myra Konda,57,Other,Operations,Supply Chain Analyst,MBA,116990,28,Noida,31,No,1,1,3,1,55,0,17,7,21,3,5,No,Not Provided,10-07-2023,dsankaran@sani.com,8265443035,9
EMP02555,Ranbir Bhatt,59,Male,HR,HR Manager,Diploma,148451,30,Pune,34,No,5,4,4,1,43,9,1,3,5,5,5,No,Not Provided,20-04-2022,aarushchakrabarti@gmail.com,6463071953,10
EMP02556,Vidur Bhatti,53,Male,Customer Support,Support Executive,Bachelors,45035,32,Hyderabad,2,Yes,4,3,5,5,54,5,23,13,5,3,4,No,Not Provided,30-11-2025,Not Generated,3873969161,6
EMP02557,Piya Rattan,21,Male,Customer Support,Support Executive,MBA,64559,0,Pune,33,Yes,4,5,5,5,57,9,7,7,25,5,2,No,Not Provided,26-05-2019,zdhaliwal@bera-dhar.info,8416894423,8
EMP02558,Ishita Mammen,45,Other,Sales,Sales Manager,Masters,79334,20,Kolkata,14,Yes,3,3.039382866,4,4,35,2,11,15,24,2,1,No,Not Provided,01-12-2017,ravihazel@balakrishnan.org,442630298,4
EMP02559,Veer Suri,56,Male,HR,Recruiter,MBA,102972,35,Bangalore,8,Yes,4,5,3,4,39,8,1,9,8,3,1,No,Not Provided,25-10-2025,lagandhar@biswas.com,4903763368,6
EMP02560,Arnav Din,51,Female,IT,Software Engineer,Diploma,112871,27,Mumbai,4,No,4,2,2,5,41,10,18,13,3,1,1,No,Not Provided,22-01-2019,dsankaran@yahoo.com,8273276500,9
EMP02561,Rasha De,21,Other,Finance,Financial Analyst,Bachelors,69742,0,Delhi,26,Yes,2,3,4,3,79,0,18,3,20,4,4,No,Not Provided,03-06-2018,ramaaarav@bose.com,2362367059,9
EMP02562,Mishti Rege,57,Male,Marketing,Content Strategist,MBA,177346,35,Kolkata,28,Yes,1,2,1,5,78,9,9,9,25,1,1,Yes,"Poor Work Life Balance, Overtime, Low Job Satisfaction",02-05-2026,sana09@gmail.com,2147652804,13
EMP02563,Mishti Acharya,47,Other,HR,HR Executive,Bachelors,138016,22,Noida,23,No,4,4,1,1,50,2,3,2,4,4,5,No,Not Provided,23-11-2020,hiran08@tandon-ramachandran.org,9027731158,9
EMP02564,Nehmat Sanghvi,39,Other,Sales,Sales Executive,Diploma,64148,14,Delhi,10,Yes,5,2,3,2,75,7,15,14,5,5,4,Yes,"Overtime, Low Job Satisfaction, Manager Issues",21-09-2019,onkaryogi@rao.net,2136966714,14
EMP02565,Kartik Varma,36,Other,Marketing,Content Strategist,MBA,99820.92,8,Kolkata,15,Yes,1,5,4,1,68,5,7,5,2,2,4,No,Not Provided,17-01-2017,shettyheer@choudhry.com,6420237779,9
EMP02566,Raunak Barad,49,Male,Finance,Financial Analyst,Diploma,134240,24,Bangalore,15,No,5,4,5,4,80,5,9,13,24,4,5,No,Not Provided,26-08-2019,yuvaan06@hotmail.com,1541576378,7
EMP02567,Neysa Madan,36,Male,Operations,Supply Chain Analyst,Diploma,122196,14,Noida,34,No,1,1,3,3,4,10,21,11,8,3,3,No,Not Provided,22-09-2025,ksur@raju.org,2565143450,11
EMP02568,Yashvi Saha,46,Male,Finance,Accountant,Masters,47855,18,Chennai,28,Yes,2,4,1,5,29,1,1,13,14,3,3,No,Not Provided,09-03-2019,hsunder@gmail.com,1058659274,12
EMP02569,Sana Agrawal,45,Male,Sales,Business Development Associate,Masters,66635,22,Bangalore,31,No,3,1,5,1,68,3,15,9,17,2,5,No,Not Provided,05-08-2024,darjhanvi@kalita-batta.com,9190790995,6
EMP02570,Vritika Bhat,33,Other,IT,Data Analyst,MBA,55224,6,Delhi,25,No,5,4,2,2,64,8,15,12,17,3,2,No,Not Provided,26-02-2018,isrinivas@chad.com,3120313026,9
EMP02571,Emir Saran,55,Female,Operations,Operations Executive,Diploma,110925,29,Bangalore,2,No,3,4,4,1,21,0,5,3,19,5,5,No,Not Provided,04-02-2020,shanayahanda@sahni.net,6686871631,7
EMP02572,Diya Barad,42,Female,Customer Support,Customer Success Manager,Masters,55066,14,Bangalore,37,Yes,4,4,5,5,7,4,1,10,7,3,1,No,Not Provided,12-03-2024,tshan@chandran-butala.com,5269949660,7
EMP02573,Piya Chanda,41,Male,Marketing,Content Strategist,MBA,70876,18,Pune,14,Yes,4,5,4,2,59,6,15,6,16,3,2,No,Not Provided,19-05-2021,odara@hotmail.com,3994444378,6
EMP02574,Inaaya  Ranganathan,36,Other,HR,Recruiter,Diploma,114793,13,Mumbai,13,No,5,3,3,2,29,10,17,12,11,1,2,No,Not Provided,02-07-2022,kanav43@sandal-kumer.com,7918332056,6
EMP02575,Jiya Srinivas,24,Male,Marketing,Marketing Manager,Diploma,166342,0,Delhi,18,Yes,4,3,5,3,21,9,8,6,20,1,5,No,Not Provided,13-07-2024,prishakanda@borde-bhasin.com,3731712106,4
EMP02576,Diya Vasa,51,Other,Customer Support,Support Executive,Bachelors,123484,29,Delhi,37,Yes,1,2,4,2,3,8,3,3,3,5,1,Yes,"Poor Work Life Balance, Overtime, Low Job Satisfaction",29-03-2026,shaan28@hotmail.com,2069143326,18
EMP02577,Ayesha Ghosh,24,Other,Operations,Operations Executive,MBA,176570,0,Kolkata,20,No,4,1,4,5,12,0,1,12,4,4,4,No,Not Provided,27-10-2017,kkannan@anne.com,4402914396,10
EMP02578,Nehmat Bhargava,39,Other,Sales,Business Development Associate,Diploma,134953,9,Mumbai,1,No,4,2,2,4,20,3,23,10,11,5,1,No,Not Provided,26-11-2019,wasondevansh@yahoo.com,5458601413,10
EMP02579,Romil Bail,39,Female,Finance,Financial Analyst,Diploma,157112,14,Bangalore,11,Yes,4,1,3,1,75,4,23,1,19,4,5,No,Not Provided,29-11-2021,dhanush39@gmail.com,4112986663,10
EMP02580,Veer Arora,60,Other,HR,HR Executive,MBA,139599,39,Noida,18,Yes,3,3,2,4,66,4,24,10,9,2,1,No,Not Provided,08-09-2023,xandra@sha.com,5340766473,6
EMP02581,Darshit Chokshi,34,Female,HR,HR Executive,Masters,126123,12,Chennai,7,Yes,2,1,3,5,63,2,2,14,0,3,2,No,Not Provided,01-11-2016,ymandal@gmail.com,9216749704,12
EMP02582,Nitya Mander,36,Male,IT,System Admin,Diploma,78446,9,Hyderabad,7,No,2,2,5,1,54,0,3,10,22,4,5,Yes,"Poor Work Life Balance, Low Job Satisfaction, Manager Issues",08-01-2021,akonda@hotmail.com,5389249157,15
EMP02583,Suhana Yadav,28,Other,Customer Support,Support Executive,Masters,117295,0,Hyderabad,9,Yes,1,5,3,1,58,5,3,13,8,2,3,Yes,"Poor Work Life Balance, Overtime, Manager Issues",20-09-2023,singhmannat@sandhu-shetty.com,2410480123,13
EMP02584,Divij Das,28,Female,Customer Support,Support Executive,Bachelors,66366,2,Noida,38,No,2,5,3,4,48,0,14,12,2,2,1,No,Not Provided,01-10-2019,zainchoudhury@gmail.com,7369961959,6
EMP02585,Urvi Balan,38,Other,HR,HR Executive,Bachelors,107612,10,Hyderabad,18,No,4,2,5,5,9,5,0,9,17,4,5,No,Not Provided,07-06-2020,piya97@shanker-das.com,2924722009,10
EMP02586,Ojas Sha,34,Other,HR,HR Manager,MBA,97183,13,Delhi,23,Yes,2,1,3,2,38,3,15,9,5,5,4,Yes,"Poor Work Life Balance, Overtime, Low Job Satisfaction",31-10-2017,zdyal@hotmail.com,1258606258,13
EMP02587,Manjari Dhingra,59,Male,Marketing,Marketing Manager,MBA,42512,36,Hyderabad,25,No,3,1,2,1,63,8,12,9,22,4,2,Yes,"Low Job Satisfaction, Manager Issues, High Stress",15-10-2020,ivan13@chanda-shah.biz,5101331558,13
EMP02588,Kiaan Upadhyay,49,Other,IT,System Admin,Diploma,79887,20,Hyderabad,28,Yes,5,2,5,4,73,0,4,8,5,4,1,No,Not Provided,25-01-2025,aramesh@hotmail.com,9732174491,11
EMP02589,Kartik Madan,53,Male,IT,BI Developer,Bachelors,126459,26,Hyderabad,5,No,4,4,5,3,14,2,18,11,1,3,4,No,Not Provided,27-01-2026,tusharbalay@hotmail.com,5139285426,2
EMP02590,Rati Hayre,50,Other,IT,BI Developer,Masters,161941,21,Delhi,4,Yes,1,3.039382866,2,1,78,2,17,8,3,2,5,No,Not Provided,09-10-2017,vidurkala@shere.com,9694956725,9
EMP02591,Not Available,51,Female,Finance,Financial Analyst,Bachelors,118822,31,Bangalore,9,Yes,3,5,1,1,34,8,12,3,23,1,2,No,Not Provided,10-11-2017,yborah@ranganathan.info,6381299418,8
EMP02592,Chirag Chaudhary,56,Female,HR,HR Executive,Bachelors,84875,32,Hyderabad,21,No,1,5,2,1,80,7,4,6,16,5,2,Yes,"Poor Work Life Balance, Manager Issues, High Stress",12-12-2016,ubansal@yahoo.com,8738039488,14
EMP02593,Kanav Bhatnagar,47,Female,Sales,Sales Manager,MBA,85103,17,Hyderabad,21,Yes,4,4,3,5,57,1,10,4,21,5,2,No,Not Provided,20-08-2020,madhup60@andra.biz,2295031133,5
EMP02594,Divyansh Doshi,31,Other,Marketing,Marketing Manager,Diploma,32736,10,Mumbai,23,Yes,2,2,1,2,19,2,14,6,14,5,3,Yes,"Poor Work Life Balance, Overtime, Low Job Satisfaction",01-03-2020,anahita03@bir.com,2991793949,15
EMP02595,Vritika Trivedi,32,Other,Customer Support,Customer Success Manager,Masters,130101,12,Pune,40,Yes,2,5,4,5,21,7,11,4,17,4,4,No,Not Provided,24-07-2019,uthkarshdave@bora-gala.com,7825162424,11
EMP02596,Samiha Bhasin,27,Other,HR,HR Executive,Masters,147482,1,Pune,25,Yes,3,1,3,1,77,10,14,15,19,5,5,Yes,"Overtime, Low Job Satisfaction, Manager Issues",18-01-2024,sahilbassi@sani-kothari.com,7118955712,15
EMP02597,Zain Chad,28,Other,Customer Support,Customer Success Manager,Bachelors,100411,0,Pune,2,No,1,1,4,2,11,1,6,6,16,5,5,No,Not Provided,08-01-2021,mannraghav@basak-kade.net,7702748083,11
EMP02598,Amira Borde,43,Female,Sales,Sales Executive,Masters,87990,13,Kolkata,13,Yes,3,1,4,3,58,7,1,9,22,5,1,No,Not Provided,29-06-2022,ubhatnagar@borah.com,9976793813,12
EMP02599,Ishita Jain,44,Male,Marketing,Marketing Manager,Bachelors,79513,24,Mumbai,37,Yes,1,3,5,4,54,2,7,3,0,1,2,No,Not Provided,22-04-2017,takaaina@mani.com,2809227008,6
EMP02600,Vaibhav Dua,31,Female,Sales,Business Development Associate,MBA,166564,3,Kolkata,21,Yes,1,3,3,3,32,1,2,11,6,5,2,No,Not Provided,19-08-2023,urvisarraf@hotmail.com,995635641,12
EMP02601,Fateh Vora,23,Female,Customer Support,Support Executive,Bachelors,101788,1,Chennai,30,No,5,4,1,5,22,10,6,8,19,2,5,No,Not Provided,31-07-2022,sahil94@yahoo.com,3400451492,5
EMP02602,Tiya Verma,47,Other,Operations,Operations Executive,MBA,119676,17,Kolkata,27,No,2,5,1,4,11,8,3,13,12,4,5,Yes,"Poor Work Life Balance, High Stress, No Promotion",15-06-2016,buchchirag@shenoy.com,244233164,15
EMP02603,Sara Grover,34,Male,HR,HR Manager,Bachelors,123722,12,Hyderabad,1,No,3,4,1,5,31,2,8,2,12,5,3,No,Not Provided,03-11-2017,sahil73@kapur.com,5444778942,5
EMP02604,Drishya Agate,17,Male,Operations,Operations Executive,Bachelors,141876,0,Bangalore,17,No,4,1,5,1,36,0,18,9,17,2,3,No,Not Provided,24-01-2026,nayantara29@gmail.com,1985748452,5
EMP02605,Kimaya Krishnamurthy,30,Female,Customer Support,Customer Success Manager,Diploma,132608,8,Bangalore,24,Yes,3,3,5,5,42,5,19,9,13,4,3,No,Not Provided,11-09-2019,tandonnehmat@gmail.com,6848164860,7
EMP02606,Nirvi Basak,24,Female,IT,BI Developer,Diploma,161587,3,Pune,31,Yes,4,2,5,1,63,4,2,12,5,2,5,No,Not Provided,29-10-2019,mannprerak@dutta-dhar.info,1760066875,12
EMP02607,Romil Kakar,41,Female,Operations,Supply Chain Analyst,Diploma,77181,18,Chennai,10,Yes,4,3,1,2,22,7,15,12,8,5,5,Yes,"Overtime, Manager Issues, High Stress",02-03-2020,armaan68@yahoo.com,7118104733,13
EMP02608,Parinaaz Ghose,55,Female,HR,Recruiter,Masters,43139,30,Noida,1,Yes,2,1,3,2,71,7,6,3,23,1,1,No,Not Provided,23-03-2025,yasmin57@yahoo.com,6765964272,12
EMP02609,Kimaya Jaggi,32,Female,HR,HR Manager,MBA,156242,6,Noida,1,No,4,4,4,4,14,7,19,14,13,1,4,No,Not Provided,28-10-2017,amandal@hotmail.com,4815676148,4
EMP02610,Rohan Bhargava,35,Female,Customer Support,Customer Success Manager,Diploma,177161,13,Pune,15,Yes,2,4,1,4,55,7,13,6,5,4,1,No,Not Provided,30-09-2022,thakurrhea@hotmail.com,4144636510,12
EMP02611,Charvi Chander,32,Female,Customer Support,Support Executive,Diploma,47605,10,Bangalore,16,Yes,5,5,4,2,14,4,1,14,5,4,1,No,Not Provided,22-02-2024,hiranwali@yahoo.com,3430491954,11
EMP02612,Priyansh Taneja,47,Male,Finance,Finance Manager,Bachelors,53620,20,Mumbai,1,Yes,2,4,1,3,30,7,1,7,11,4,1,Yes,"Poor Work Life Balance, Overtime, High Stress",31-10-2020,jivikahayer@gmail.com,2380020439,14
EMP02613,Vivaan Karnik,55,Other,Finance,Accountant,MBA,175184,35,Bangalore,6,No,1,3,2,4,44,0,9,13,13,5,1,No,Not Provided,30-07-2016,rsundaram@soman.com,5740229965,10
EMP02614,Shalv Tiwari,45,Other,IT,BI Developer,Masters,171498,19,Kolkata,15,No,3,5,1,2,6,8,9,13,9,4,1,No,Not Provided,30-10-2018,farhan37@balasubramanian.org,7030322286,11
EMP02615,Mehul Wadhwa,23,Other,Marketing,Content Strategist,Masters,134137,0,Bangalore,32,No,1,3,5,5,29,1,21,1,5,1,2,No,Not Provided,25-01-2020,dasguptaalisha@gmail.com,9932493760,4
EMP02616,Zoya Konda,59,Female,IT,Data Analyst,Diploma,146512,32,Noida,3,No,3,1,2,1,33,0,23,11,24,3,3,No,Not Provided,11-11-2020,sara84@gmail.com,2611527837,9
EMP02617,Anahita Bandi,46,Male,Finance,Accountant,Bachelors,84283,16,Mumbai,11,Yes,3,4,4,2,9,2,11,9,1,1,3,No,Not Provided,26-04-2024,dadayuvraj@goda.org,9820353904,4
EMP02618,Aradhya Krishna,58,Male,IT,Data Analyst,MBA,80628,37,Kolkata,18,No,3,5,3,5,80,7,22,6,20,1,2,No,Not Provided,13-10-2017,aarav48@banik.com,9149375626,2
EMP02619,Yuvaan Krish,37,Female,Customer Support,Support Executive,Bachelors,139098,14,Kolkata,1,Yes,4,1,2,3,64,9,4,10,20,4,4,Yes,"Overtime, Low Job Satisfaction, High Stress",11-05-2022,rattimyra@hotmail.com,6976669580,16
EMP02620,Priyansh Golla,32,Female,Finance,Accountant,Masters,76311,10,Noida,37,Yes,2,2,5,2,33,4,6,12,14,4,5,Yes,"Poor Work Life Balance, Overtime, Low Job Satisfaction",15-06-2016,shankaraniruddh@yahoo.com,1925334285,16
EMP02621,Hridaan Vora,38,Other,Customer Support,Customer Success Manager,MBA,130695,13,Delhi,25,No,5,4,2,1,72,4,2,8,20,3,5,No,Not Provided,25-04-2017,ukapur@yahoo.com,8346162003,7
EMP02622,Sana Venkataraman,60,Female,Operations,Operations Executive,Bachelors,153058,35,Pune,32,No,1,2,4,1,48,2,25,8,4,5,1,No,Not Provided,01-07-2016,eshanibutala@rajagopal-mahal.info,3546924256,12
EMP02623,Siya Kata,42,Male,Customer Support,Support Executive,Bachelors,62406,17,Kolkata,28,Yes,5,4,1,5,8,10,3,9,15,2,4,No,Not Provided,02-05-2024,pihuedwin@hotmail.com,9322609478,9
EMP02624,Misha Jain,49,Female,Finance,Finance Manager,Masters,33572,27,Kolkata,34,Yes,2,2,1,4,30,0,17,14,21,5,3,Yes,"Poor Work Life Balance, Overtime, Low Job Satisfaction",25-11-2020,tvyas@yahoo.com,8284215819,16
EMP02625,Umang Chakraborty,47,Male,IT,Data Analyst,MBA,52338,24,Chennai,13,No,3,1,1,5,24,2,7,1,10,5,3,No,Not Provided,12-11-2021,charcharvi@hotmail.com,5860327986,8
EMP02626,Gatik Vyas,55,Male,Customer Support,Customer Success Manager,Masters,162047,28,Hyderabad,19,No,1,5,1,1,3,0,19,3,17,4,2,No,Not Provided,22-01-2018,ltak@mand-bava.info,4734679057,10
EMP02627,Anahi Mann,43,Female,Sales,Business Development Associate,MBA,40931,17,Chennai,12,Yes,2,1,3,1,57,5,22,4,16,2,1,No,Not Provided,08-02-2021,jayan54@dhillon-khatri.com,9567617262,12
EMP02628,Amira Kade,42,Other,Sales,Sales Executive,Bachelors,107401.1714,13,Kolkata,16,Yes,5,2,4,4,32,8,6,4,22,1,4,No,Not Provided,03-06-2019,anvi45@anand.com,9498783704,7
EMP02629,Tara Kuruvilla,49,Other,Marketing,Content Strategist,Bachelors,52531,23,Bangalore,22,No,1,1,2,5,31,6,2,9,19,3,3,No,Not Provided,14-04-2026,chakrabartiadah@yahoo.com,8133493031,12
EMP02630,Pranay Chaudhry,27,Female,IT,BI Developer,Diploma,159717,0,Chennai,19,Yes,1,4,5,4,5,7,6,6,16,1,1,No,Not Provided,15-10-2020,comarshamik@mani.com,7842477007,7
EMP02631,Kiara Kakar,33,Female,Operations,Operations Executive,Diploma,42577,7,Pune,36,No,3,5,2,1,52,3,22,8,6,2,2,No,Not Provided,15-09-2018,kiaanjoshi@gmail.com,7745948670,5
EMP02632,Zoya Bhatti,28,Female,IT,BI Developer,MBA,48776,6,Delhi,20,Yes,3,4,1,1,21,9,4,13,7,1,2,No,Not Provided,04-01-2026,ayeshawalla@kumar.org,5693683812,12
EMP02633,Vidur Reddy,60,Female,Marketing,SEO Specialist,Diploma,97627,35,Hyderabad,22,Yes,5,1,4,5,45,8,23,6,19,5,4,No,Not Provided,09-11-2025,balasubramanianahana@sachdeva-bhalla.net,8468115814,10
EMP02634,Jiya Sheth,59,Female,Marketing,SEO Specialist,Diploma,120032,39,Hyderabad,34,No,1,3,3,3,17,6,19,9,21,2,5,No,Not Provided,13-02-2021,charvidhillon@rama.com,2912351943,6
EMP02635,Akarsh Goswami,52,Male,Operations,Supply Chain Analyst,Diploma,108597,24,Kolkata,20,Yes,1,1,5,1,33,1,8,13,11,2,5,No,Not Provided,08-12-2022,neelofar37@singhal.com,2335089181,12
EMP02636,Vihaan Choudhury,60,Male,Customer Support,Support Executive,MBA,106182,36,Hyderabad,38,Yes,1,2,1,1,1,10,3,6,18,3,2,Yes,"Poor Work Life Balance, Overtime, Low Job Satisfaction",18-07-2023,fsarna@hotmail.com,2492050444,17
EMP02637,Eva Kunda,59,Female,Operations,Supply Chain Analyst,Bachelors,138646,35,Chennai,8,No,3,2,2,4,45,8,13,6,22,4,5,No,Not Provided,30-08-2019,nityamannan@yahoo.com,6248150569,10
EMP02638,Jivika Swamy,17,Female,Marketing,Marketing Manager,Masters,137881,28,Bangalore,8,Yes,2,2,5,1,78,8,10,6,17,3,1,No,Not Provided,26-05-2023,Not Generated,7745209119,12
EMP02639,Biju Sha,54,Male,IT,Software Engineer,Diploma,40828,33,Kolkata,31,No,3,4,5,1,14,0,23,2,7,1,1,No,Not Provided,18-06-2019,kaira06@viswanathan-ramachandran.net,820162444,3
EMP02640,Emir Bandi,23,Female,Finance,Accountant,Bachelors,92676,0,Pune,2,No,1,2,3,1,80,8,0,11,14,4,2,Yes,"Poor Work Life Balance, Low Job Satisfaction, Manager Issues",30-10-2019,dgrover@hotmail.com,3783456364,17
EMP02641,Tejas Krish,57,Male,Marketing,SEO Specialist,Diploma,66045,27,Delhi,3,Yes,1,4,1,2,65,9,9,9,6,3,1,No,Not Provided,25-03-2025,daliashray@yahoo.com,671186711,11
EMP02642,Kanav Samra,33,Other,HR,Recruiter,Masters,126970,3,Pune,13,No,2,2,3,2,29,9,23,8,24,5,4,Yes,"Poor Work Life Balance, Low Job Satisfaction, Manager Issues",03-02-2025,jivinjain@gmail.com,3194757908,13
EMP02643,Eshani Kumer,51,Male,Customer Support,Support Executive,Masters,124526,26,Delhi,31,Yes,4,4,2,2,48,10,13,7,16,4,2,No,Not Provided,14-05-2023,okeer@hotmail.com,6027719895,12
EMP02644,Vaibhav Sha,46,Male,Finance,Financial Analyst,Bachelors,46197,22,Pune,40,Yes,2,2,5,3,46,2,12,8,0,4,3,No,Not Provided,17-05-2017,indransmani@bhatt.com,5340106706,12
EMP02645,Elakshi Kala,37,Other,HR,Recruiter,Diploma,50263,12,Noida,5,Yes,2,3,5,1,73,10,5,2,20,5,4,Yes,"Poor Work Life Balance, Overtime, Manager Issues",22-04-2018,itailor@hotmail.com,9478108120,14
EMP02646,Nayantara Upadhyay,47,Other,Sales,Sales Executive,Masters,56788,17,Delhi,22,No,1,3,1,1,4,1,16,14,19,4,2,No,Not Provided,14-09-2025,majumdarnakul@gmail.com,3844558508,12
EMP02647,Rhea Grewal,59,Other,Operations,Supply Chain Analyst,Bachelors,76102,33,Mumbai,24,Yes,3,2,3,3,20,7,12,15,19,1,2,No,Not Provided,10-11-2018,aainakrishnamurthy@yahoo.com,9116347280,9
EMP02648,Zain Apte,26,Female,Sales,Sales Manager,Bachelors,73027,0,Hyderabad,33,No,2,2,3,3,62,3,22,5,16,4,5,No,Not Provided,10-12-2022,nuppal@badami.net,57533790,10
EMP02649,Amira Venkataraman,59,Other,IT,Software Engineer,MBA,59552,34,Noida,33,Yes,4,4,5,4,77,9,23,2,0,2,4,No,Not Provided,12-11-2023,qzachariah@hotmail.com,7361637168,5
EMP02650,Baiju Bumb,55,Female,HR,HR Executive,Diploma,102491,31,Hyderabad,36,Yes,2,1,3,3,7,5,19,11,4,5,4,Yes,"Poor Work Life Balance, Overtime, Low Job Satisfaction",12-12-2022,alishakulkarni@chopra-tak.net,1060504860,16
EMP02651,Divyansh Walla,31,Other,IT,System Admin,Masters,73003,6,Kolkata,8,Yes,1,5,2,1,64,1,23,3,19,5,2,No,Not Provided,30-03-2026,vahluwalia@yahoo.com,816551903,12
EMP02652,Anika Sibal,56,Male,Finance,Financial Analyst,MBA,37057,28,Mumbai,31,No,1,3,1,4,34,2,5,11,14,4,1,Yes,"Poor Work Life Balance, High Stress, Low Salary Hike",13-01-2020,himmatkalla@yahoo.com,7356046263,13
EMP02653,Jayan Dixit,29,Female,Finance,Financial Analyst,Diploma,163701,6,Mumbai,25,Yes,2,2,5,3,52,3,19,7,11,4,5,No,Not Provided,30-08-2023,agrawalsamiha@khanna.com,496396714,12
EMP02654,Aniruddh Sharma,56,Other,Marketing,Marketing Manager,MBA,63116,30,Delhi,19,No,1,5,3,3,55,4,16,9,24,1,2,No,Not Provided,29-10-2025,advika45@venkatesh.com,5575491830,3
EMP02655,Khushi Saha,40,Female,Operations,Supply Chain Analyst,Diploma,49252,11,Mumbai,21,Yes,5,3.039382866,5,1,5,1,23,7,1,5,2,No,Not Provided,19-07-2021,bassishayak@talwar.biz,3010014364,7
EMP02656,Vihaan Badal,43,Male,Finance,Finance Manager,Masters,101741,19,Noida,2,No,3,5,2,1,72,9,12,9,20,1,3,No,Not Provided,17-07-2024,sumer93@yahoo.com,425899107,6
EMP02657,Anaya Varghese,31,Female,Operations,Supply Chain Analyst,Masters,45259,9,Bangalore,14,Yes,5,2,4,5,13,0,13,14,0,3,4,No,Not Provided,26-11-2022,arorafaiyaz@hotmail.com,9655400513,7
EMP02658,Indrans Sarna,54,Other,IT,Data Analyst,Masters,169887,34,Pune,37,Yes,1,3,4,5,56,3,24,8,25,1,2,No,Not Provided,16-02-2023,samarthjain@kala.biz,2761589490,6
EMP02659,Himmat Hayer,50,Other,Operations,Operations Executive,Bachelors,177906,23,Pune,3,No,2,2,1,3,8,10,6,2,24,2,1,No,Not Provided,27-12-2022,ira98@gill.com,535127437,10
EMP02660,Miraya Sabharwal,23,Other,Customer Support,Customer Success Manager,Bachelors,166574,1,Bangalore,4,Yes,1,5,2,3,20,6,1,2,19,3,5,No,Not Provided,02-12-2019,samiha01@jani.com,6650418820,11
EMP02661,Kismat Mani,37,Male,IT,BI Developer,Masters,127335,12,Pune,30,Yes,4,3,5,5,69,6,5,8,1,5,2,No,Not Provided,03-02-2019,ivanben@yahoo.com,1360525018,10
EMP02662,Baiju Ghosh,23,Male,Finance,Finance Manager,Diploma,111147,3,Kolkata,22,No,3,1,1,5,25,7,15,10,24,4,5,No,Not Provided,22-10-2022,isharma@sampath-kala.org,3197475573,12
EMP02663,Aaina Hegde,25,Male,IT,Software Engineer,Diploma,27441,0,Hyderabad,18,No,1,3,4,1,62,5,22,5,15,4,4,No,Not Provided,23-09-2025,anika09@gmail.com,9029953144,10
EMP02664,Lagan Sankar,23,Female,HR,Recruiter,MBA,110705,0,Chennai,34,No,4,5,3,4,55,4,2,12,4,3,5,No,Not Provided,08-12-2023,ravalkimaya@gmail.com,6138756592,5
EMP02665,Eshani Ratti,45,Female,Finance,Financial Analyst,Diploma,171088,20,Chennai,19,Yes,5,4,5,2,19,9,21,10,8,1,4,No,Not Provided,13-10-2017,hunar86@gokhale.com,9333123731,8
EMP02666,Indrajit Walia,28,Other,IT,Data Analyst,Masters,50557,4,Bangalore,22,No,1,3,2,3,24,7,20,14,19,3,1,No,Not Provided,05-12-2024,brahmbhattbhavin@hotmail.com,7310215348,9
EMP02667,Anahita Batra,24,Female,Sales,Business Development Associate,Bachelors,47731,0,Delhi,1,Yes,2,1,2,1,4,1,8,1,4,2,4,No,Not Provided,23-02-2023,raunakamble@yahoo.com,1222201641,12
EMP02668,Mamooty Sathe,39,Female,HR,HR Manager,MBA,150391,16,Bangalore,31,Yes,3,2,1,1,45,5,16,15,10,4,3,Yes,"Overtime, Low Job Satisfaction, Manager Issues",20-04-2020,fdar@dass.info,1270616284,17
EMP02669,Ishaan Ganguly,34,Other,HR,Recruiter,Diploma,56270,8,Bangalore,27,Yes,3,3,4,4,35,7,25,12,5,1,3,No,Not Provided,19-11-2022,chadhaanay@thaker.com,6794720545,7
EMP02670,Lavanya Verma,44,Other,HR,HR Manager,MBA,49005,20,Kolkata,38,No,5,2,5,5,59,6,9,7,19,2,1,No,Not Provided,02-08-2016,ywali@grover-bali.com,9987745056,6
EMP02671,Diya Mangat,59,Other,Finance,Accountant,Bachelors,62580,37,Kolkata,1,Yes,2,1,2,3,63,7,13,6,6,5,1,Yes,"Poor Work Life Balance, Overtime, Low Job Satisfaction",02-03-2024,raniabora@babu.com,9487924605,15
EMP02672,Arhaan Babu,31,Other,Marketing,SEO Specialist,Masters,97801,5,Chennai,25,No,1,3,1,5,64,0,8,1,11,5,1,No,Not Provided,29-08-2025,vbasu@yahoo.com,1825446910,9
EMP02673,Nirvaan Wable,52,Female,HR,HR Manager,Masters,176756,22,Noida,18,No,3,3,1,1,80,9,24,12,10,1,2,No,Not Provided,16-10-2021,bhaminibasu@yahoo.com,5611262723,8
EMP02674,Kaira Gopal,32,Female,IT,BI Developer,Masters,112975,7,Hyderabad,25,No,4,5,5,3,43,7,9,9,4,5,2,No,Not Provided,15-08-2019,jsura@ram.biz,6144175097,6
EMP02675,Aayush Sarma,28,Other,Sales,Business Development Associate,Masters,93102,8,Pune,39,Yes,5,3,3,5,38,10,14,3,21,5,3,No,Not Provided,31-07-2020,bhamini78@handa.com,2786544092,8
EMP02676,Kiaan Kamdar,39,Other,Marketing,SEO Specialist,Diploma,33520,10,Delhi,15,No,2,3,1,2,6,4,14,5,18,5,4,No,Not Provided,30-05-2024,tara12@chakraborty-kara.info,9375230843,10
EMP02677,Dishani Sanghvi,31,Female,IT,Data Analyst,Bachelors,115752,5,Kolkata,3,Yes,2,4,3,4,61,5,15,4,15,4,5,No,Not Provided,25-08-2022,kibenayantara@amble.net,4449695871,10
EMP02678,Nishith Ghose,33,Female,Customer Support,Support Executive,Masters,146312,8,Delhi,22,No,4,3,4,5,51,0,10,15,23,1,1,No,Not Provided,11-08-2016,kumerdivit@choudhary.org,1803527393,2
EMP02679,Samaira Kamdar,22,Female,IT,Software Engineer,Masters,105105,0,Bangalore,21,No,3,2,1,5,52,9,16,10,16,2,4,No,Not Provided,25-11-2018,araja@buch.com,885047865,9
EMP02680,Suhana Gour,24,Male,Operations,Operations Executive,MBA,125203,0,Bangalore,1,No,4,4,2,5,39,0,21,6,2,5,1,No,Not Provided,25-10-2022,divit91@hotmail.com,4751530,5
EMP02681,Darshit Anne,56,Female,Marketing,Marketing Manager,Diploma,94988,36,Chennai,34,No,2,3,5,5,55,6,0,5,18,3,2,No,Not Provided,29-03-2025,tara72@hotmail.com,3167880954,8
EMP02682,Drishya Chawla,39,Male,Marketing,Marketing Manager,MBA,120150,10,Kolkata,16,No,2,3,4,3,14,2,6,9,12,5,2,No,Not Provided,18-06-2025,mahikabhatti@gmail.com,1747704385,6
EMP02683,Miraan Sundaram,31,Female,Sales,Business Development Associate,Bachelors,162772,2,Kolkata,27,No,2,4,4,5,62,8,12,4,5,1,5,No,Not Provided,17-01-2020,raodhanush@verma-bajaj.biz,9151930825,6
EMP02684,Seher Bahri,30,Other,Customer Support,Customer Success Manager,Diploma,165604,6,Hyderabad,8,Yes,3,4,2,1,67,8,17,7,0,4,4,No,Not Provided,28-10-2020,mrege@sahni-apte.info,5845450929,11
EMP02685,Ishaan Bhat,52,Male,IT,BI Developer,Diploma,71291,27,Hyderabad,13,Yes,1,4,5,3,15,9,23,11,0,5,2,No,Not Provided,10-01-2017,bhavin78@ravel.com,2604211750,12
EMP02686,Elakshi Wable,49,Female,Customer Support,Support Executive,Bachelors,173739,23,Delhi,19,No,3,3,4,1,30,9,14,11,20,4,3,No,Not Provided,18-11-2022,gwalla@thakkar.com,3669004394,9
EMP02687,Kabir Dutta,42,Other,Sales,Sales Executive,Bachelors,141839,12,Bangalore,17,Yes,2,5,2,2,68,4,24,3,23,4,1,No,Not Provided,01-06-2020,krishdugar@viswanathan.com,3217592306,12
EMP02688,Aarav Loke,25,Male,Customer Support,Customer Success Manager,Masters,38765,0,Noida,19,No,3,4,1,5,17,9,1,3,3,2,1,No,Not Provided,06-05-2025,zarabutala@chaudhary.net,8111572083,6
EMP02689,Advik Randhawa,37,Female,IT,BI Developer,Masters,59027,12,Noida,16,No,4,1,3,4,19,8,3,13,10,5,3,No,Not Provided,23-12-2018,edugal@hotmail.com,5208963914,12
EMP02690,Alisha Chaudhary,35,Other,Operations,Supply Chain Analyst,MBA,39081,7,Pune,34,Yes,2,2,3,3,42,5,20,11,9,2,5,Yes,"Poor Work Life Balance, Overtime, Low Job Satisfaction",25-09-2018,bhandarinakul@kashyap.com,292809290,13
EMP02691,Nishith Goyal,53,Female,Not assigned,Accountant,Bachelors,30600,27,Mumbai,18,Yes,5,5,5,3,41,10,21,2,19,1,2,No,Not Provided,10-01-2025,keervidur@swaminathan-comar.net,5443472859,4
EMP02692,Aaina Shroff,45,Female,Marketing,Content Strategist,MBA,40289,15,Delhi,20,Yes,3,3,3,3,3,9,10,14,12,5,1,No,Not Provided,29-12-2025,babuaarush@yahoo.com,8847721815,9
EMP02693,Zain Bhatnagar,21,Female,Operations,Operations Executive,MBA,141831,0,Kolkata,7,No,4,4,3,5,62,7,19,6,22,4,1,No,Not Provided,29-10-2020,jsekhon@chadha.org,664316722,5
EMP02694,Yasmin Kulkarni,54,Female,Marketing,SEO Specialist,Diploma,122981,28,Chennai,29,No,1,5,1,2,74,9,13,14,8,4,5,Yes,"Poor Work Life Balance, Manager Issues, High Stress",20-05-2025,ivanaravel@gmail.com,4390869759,15
EMP02695,Stuvan Vohra,53,Other,IT,System Admin,Masters,101524,25,Bangalore,16,No,3,5,3,2,21,1,0,10,14,4,4,No,Not Provided,21-01-2024,farhankade@yahoo.com,6058027958,9
EMP02696,Adira Yohannan,43,Other,Customer Support,Customer Success Manager,MBA,113766,23,Delhi,19,Yes,1,4,2,4,39,4,16,14,13,1,1,No,Not Provided,10-02-2019,biju84@yahoo.com,1032137209,9
EMP02697,Charvi Rama,22,Female,HR,HR Executive,Bachelors,173009,0,Bangalore,29,No,3,4,3,4,16,3,1,11,6,4,1,No,Not Provided,18-05-2022,vrao@edwin.com,7641354230,8
EMP02698,Sara Datta,52,Other,Operations,Supply Chain Analyst,Bachelors,108293,23,Bangalore,37,Yes,4,5,2,3,74,3,20,7,0,1,3,No,Not Provided,21-03-2023,edasgupta@gaba-kamdar.net,6395810217,5
EMP02699,Romil Swamy,26,Female,Operations,Supply Chain Analyst,Diploma,133323,1,Kolkata,30,Yes,3,4,4,1,58,2,22,1,22,5,1,No,Not Provided,18-06-2017,bwagle@hotmail.com,2080857528,8
EMP02700,Shamik Chaudhuri,47,Other,Sales,Business Development Associate,Diploma,134703,27,Hyderabad,31,No,3,3,3,5,55,6,17,3,2,3,5,No,Not Provided,17-11-2018,jivikadar@gmail.com,4447956280,3
EMP02701,Raghav Dewan,52,Female,HR,Recruiter,Diploma,56297,24,Noida,18,No,5,1,2,2,31,5,17,13,14,1,4,No,Not Provided,05-03-2023,vidurchawla@srinivas.com,8229567821,11
EMP02702,Myra Batra,30,Male,IT,Software Engineer,Masters,101170,4,Hyderabad,32,No,4,2,3,3,21,7,23,14,10,3,4,No,Not Provided,31-10-2022,vaibhav24@shere.com,7504986448,8
EMP02703,Vritika Maharaj,31,Male,Finance,Finance Manager,Masters,38154,10,Kolkata,8,No,3,3,1,3,77,3,11,15,14,5,2,No,Not Provided,04-01-2020,tkumar@yahoo.com,8439822616,7
EMP02704,Lavanya Lal,49,Male,Customer Support,Support Executive,Diploma,30201,21,Hyderabad,38,No,4,2,2,2,74,9,10,4,4,3,4,No,Not Provided,02-06-2020,romil49@chaudry.com,4280250638,10
EMP02705,Tejas Dubey,30,Male,HR,Recruiter,Masters,175533,8,Chennai,33,Yes,1,5,2,5,66,0,2,5,9,4,5,Yes,"Poor Work Life Balance, Overtime, High Stress",19-11-2025,phayer@yahoo.com,5939487473,13
EMP02706,Renee Bumb,52,Male,Marketing,Marketing Manager,Masters,107463,22,Delhi,9,Yes,4,3.039382866,4,1,28,10,14,11,16,2,3,No,Not Provided,13-09-2023,igole@gmail.com,1976064013,8
EMP02707,Bhamini Saxena,75,Other,Not assigned,Customer Success Manager,Diploma,97349,31,Chennai,28,No,5,2,3,5,62,6,20,2,4,1,4,No,Not Provided,23-06-2023,nitara96@hotmail.com,8366002092,6
EMP02708,Ivan Goswami,35,Other,HR,HR Manager,Masters,64272,10,Noida,20,Yes,5,4,5,1,34,5,16,10,0,2,2,No,Not Provided,05-05-2018,csuresh@gmail.com,6024260083,8
EMP02709,Sumer Sani,39,Female,Finance,Accountant,Masters,131297,10,Pune,11,No,5,1,5,2,62,8,10,6,2,5,2,No,Not Provided,18-03-2018,bdoshi@gmail.com,2127041849,10
EMP02710,Dhanuk Joshi,56,Other,HR,HR Manager,Masters,64450,34,Chennai,34,No,1,3,2,1,31,4,20,1,6,2,2,No,Not Provided,16-02-2022,pkurian@yahoo.com,1231412030,8
EMP02711,Sara Gulati,46,Female,Operations,Operations Executive,MBA,179920,16,Pune,29,Yes,3,2,5,4,56,8,19,11,5,5,3,Yes,"Overtime, Low Job Satisfaction, High Stress",13-12-2025,agarwaldivij@yadav.biz,8423682006,13
EMP02712,Divyansh Bava,45,Male,Finance,Financial Analyst,MBA,106205,16,Kolkata,39,Yes,4,2,3,3,45,8,0,2,19,3,1,No,Not Provided,13-01-2018,vbuch@yahoo.com,2264008779,10
EMP02713,Ahana  Sawhney,55,Female,Customer Support,Customer Success Manager,Masters,107472,31,Mumbai,9,Yes,4,5,5,1,19,1,7,2,8,5,5,No,Not Provided,15-08-2020,stuvancheema@gmail.com,7690151791,7
EMP02714,Chirag Tiwari,29,Male,Finance,Accountant,Bachelors,163454,1,Chennai,2,Yes,1,3,2,4,59,5,19,15,18,1,3,No,Not Provided,29-03-2017,vigkismat@yahoo.com,7363758606,11
EMP02715,Biju Din,57,Female,Customer Support,Support Executive,MBA,146422,28,Noida,39,Yes,4,4,2,1,54,4,0,4,13,1,2,No,Not Provided,26-07-2023,urvi42@yahoo.com,5079661794,9
EMP02716,Biju Bhalla,54,Male,Marketing,SEO Specialist,Masters,76461,30,Pune,27,No,3,1,4,3,54,7,2,8,10,1,2,No,Not Provided,30-04-2025,egrewal@bhandari.com,1477275385,8
EMP02717,Kashvi Gala,32,Male,Finance,Financial Analyst,MBA,118645,10,Mumbai,20,No,1,1,1,2,79,4,17,5,2,2,4,No,Not Provided,05-01-2024,yuvraj-38@gmail.com,1849285282,10
EMP02718,Elakshi Sunder,56,Male,Finance,Financial Analyst,Diploma,35698,32,Delhi,1,No,1,2,2,1,62,1,4,14,23,5,4,Yes,"Poor Work Life Balance, Low Job Satisfaction, Manager Issues",03-10-2016,bhavsarraunak@kapoor-sahota.info,2485305463,17
EMP02719,Hrishita Dutta,49,Other,Finance,Financial Analyst,MBA,102958.1975,26,Mumbai,12,No,2,5,2,1,72,7,7,10,14,2,2,No,Not Provided,17-07-2020,pgour@hotmail.com,6427714186,11
EMP02720,Anvi Basu,60,Other,Sales,Sales Manager,MBA,118693,33,Kolkata,14,Yes,3,4,3,2,1,9,15,15,8,1,5,No,Not Provided,13-04-2025,chaudharysaksham@gmail.com,1445223097,8
EMP02721,Ranbir Sawhney,47,Other,IT,BI Developer,Masters,35927,18,Noida,30,Yes,4,4,3,2,10,6,18,14,9,3,3,No,Not Provided,26-09-2017,kchoudhry@hotmail.com,7204864110,9
EMP02722,Nirvi Saha,43,Male,Sales,Sales Manager,Bachelors,29145,13,Bangalore,4,Yes,4,2,4,3,33,6,12,15,13,3,4,No,Not Provided,30-08-2017,semyakshit@hotmail.com,3673592404,9
EMP02723,Hansh Kala,43,Male,Sales,Sales Executive,MBA,74308,13,Pune,16,Yes,4,5,5,1,5,1,22,2,3,3,5,No,Not Provided,06-04-2017,sahil54@butala.com,2287237783,4
EMP02724,Elakshi Bandi,29,Female,Operations,Supply Chain Analyst,Bachelors,29398,0,Chennai,28,Yes,5,4,1,4,31,3,21,7,23,3,5,No,Not Provided,03-01-2022,myravohra@yahoo.com,1457093582,5
EMP02725,Tara Maharaj,30,Other,Operations,Supply Chain Analyst,Diploma,98590,4,Mumbai,18,No,1,3,1,3,39,9,9,10,8,5,2,No,Not Provided,18-07-2023,dalalraunak@hotmail.com,5915081683,12
EMP02726,Madhup Sami,58,Male,IT,Data Analyst,MBA,149868,34,Mumbai,38,No,1,5,5,2,1,1,13,4,6,5,4,No,Not Provided,03-04-2018,anika42@yahoo.com,3921515914,9
EMP02727,Samarth Varty,23,Female,HR,HR Manager,Diploma,160186,0,Delhi,22,Yes,5,1,3,3,43,6,5,11,2,5,1,Yes,"Overtime, Low Job Satisfaction, High Stress",10-08-2024,anvi44@deshmukh.com,1986420213,14
EMP02728,Mannat Som,29,Other,Finance,Financial Analyst,MBA,165970,0,Chennai,30,Yes,1,3,3,1,69,9,12,14,2,4,3,Yes,"Poor Work Life Balance, Overtime, Manager Issues",13-10-2017,sahilsangha@chanda.org,2912021430,15
EMP02729,Neelofar Bahri,27,Female,Finance,Accountant,Bachelors,80755,5,Bangalore,28,No,3,3,4,1,66,7,9,14,10,5,2,No,Not Provided,27-06-2021,gollashaan@hotmail.com,9629486231,10
EMP02730,Himmat Batra,42,Female,Finance,Financial Analyst,Masters,111773,17,Mumbai,37,Yes,2,1,3,5,52,10,13,1,20,3,4,No,Not Provided,24-01-2020,qchar@gmail.com,6241774398,11
EMP02731,Prerak Ratti,55,Other,Operations,Supply Chain Analyst,MBA,48793,28,Bangalore,26,No,3,5,3,4,60,5,13,6,20,1,5,No,Not Provided,21-12-2022,anayarandhawa@gmail.com,1613921852,3
EMP02732,Hiran Mammen,39,Male,Customer Support,Support Executive,Bachelors,98659,10,Mumbai,23,No,2,2,2,4,35,10,10,4,9,4,5,Yes,"Poor Work Life Balance, Low Job Satisfaction, High Stress",11-12-2016,wsura@batra.com,7070236876,13
EMP02733,Reyansh Sharaf,49,Female,IT,Data Analyst,Diploma,166596,23,Pune,9,Yes,4,3,2,5,16,0,12,9,0,2,5,No,Not Provided,15-01-2020,tagarwal@banik.com,4800202263,4
EMP02734,Renee Sastry,42,Other,Customer Support,Support Executive,Bachelors,151419,21,Noida,28,No,1,1,1,1,42,6,14,4,11,4,2,Yes,"Poor Work Life Balance, Low Job Satisfaction, Manager Issues",02-11-2018,samihamajumdar@rajagopalan-solanki.biz,698291408,16
EMP02735,Fateh Kapadia,35,Other,HR,Recruiter,Bachelors,164057,7,Noida,22,No,3,4,4,4,12,3,21,3,1,5,5,No,Not Provided,16-03-2019,ahana-52@hotmail.com,1651969198,3
EMP02736,Shamik Garg,48,Male,Operations,Operations Executive,Bachelors,132262,22,Bangalore,30,Yes,1,4,3,2,10,4,24,15,19,4,4,Yes,"Poor Work Life Balance, Overtime, Manager Issues",28-04-2021,kmani@gmail.com,9474596125,13
EMP02737,Yakshit Halder,30,Female,Customer Support,Support Executive,Bachelors,146131,0,Pune,19,No,3,5,3,4,54,5,23,7,3,1,5,No,Not Provided,10-06-2025,tdeol@hotmail.com,5760327523,2
EMP02738,Rhea Wali,48,Female,Sales,Business Development Associate,Diploma,29222,23,Kolkata,33,No,4,3,2,4,76,3,14,6,18,2,1,No,Not Provided,05-12-2018,pkaran@savant-tella.net,200732220,3
EMP02739,Vedika Dhar,36,Female,Sales,Sales Executive,MBA,146729,8,Bangalore,21,Yes,2,4,3,5,80,8,20,8,2,4,1,No,Not Provided,30-01-2021,parinaazwali@chana.com,3331174806,10
EMP02740,Purab Iyengar,60,Female,Customer Support,Customer Success Manager,Diploma,128752,40,Pune,33,No,1,4,5,1,57,0,21,1,0,4,4,No,Not Provided,18-05-2019,cheemavanya@gmail.com,3465736859,9
EMP02741,Prerak Kar,28,Female,Marketing,Content Strategist,Masters,169632,1,Hyderabad,28,Yes,1,1,1,3,10,1,24,7,4,1,3,No,Not Provided,07-09-2021,hansh69@bhattacharyya.com,3374836923,11
EMP02742,Jiya Dara,30,Other,Marketing,SEO Specialist,Masters,120758,7,Pune,7,Yes,2,4,5,2,80,2,25,13,15,3,4,No,Not Provided,12-08-2020,xramachandran@mann.com,7809872529,9
EMP02743,Madhav Andra,37,Other,Marketing,Marketing Manager,Bachelors,175762,7,Pune,40,No,1,1,3,5,67,1,1,9,24,2,4,No,Not Provided,07-03-2023,fdoshi@vala.org,7368283155,9
EMP02744,Zeeshan Bawa,30,Female,Operations,Operations Executive,Masters,70315,10,Hyderabad,21,Yes,1,3,4,1,48,10,9,1,22,4,3,No,Not Provided,09-10-2024,birneelofar@sinha.info,4169517411,12
EMP02745,Hridaan Raj,52,Other,Customer Support,Support Executive,MBA,86266,31,Mumbai,5,No,5,1,4,2,4,3,4,3,21,2,1,No,Not Provided,28-10-2017,rhea47@bhakta-bhatti.net,7814349387,7
EMP02746,Kashvi Kannan,22,Male,Finance,Accountant,Bachelors,83172,0,Bangalore,2,Yes,3,2,1,5,35,5,3,15,22,1,3,Yes,"Overtime, Low Job Satisfaction, No Promotion",09-02-2022,ibaral@hotmail.com,1093022184,13
EMP02747,Vritika Hari,36,Male,Operations,Supply Chain Analyst,MBA,34282,7,Chennai,24,Yes,5,3,5,4,59,2,0,11,7,3,3,No,Not Provided,22-04-2019,borahkiara@ben.org,6284319821,6
EMP02748,Anahi Sengupta,55,Female,Finance,Accountant,MBA,150631,34,Hyderabad,13,No,1,3,4,5,51,8,18,2,10,3,1,No,Not Provided,29-03-2018,sjoshi@srinivasan-balakrishnan.biz,9747308027,5
EMP02749,Himmat Madan,36,Other,HR,HR Executive,Diploma,179891,8,Mumbai,6,No,4,2,4,3,19,5,3,7,0,1,4,No,Not Provided,05-03-2026,godahimmat@varughese.com,5126302809,7
EMP02750,Rati Dutta,60,Female,IT,Data Analyst,Masters,55607,36,Kolkata,25,Yes,4,3,4,5,67,9,1,2,10,3,1,No,Not Provided,04-05-2026,kadeshray@gmail.com,1462302136,7
EMP02751,Ela Sankaran,55,Male,Sales,Sales Executive,Masters,93796,34,Kolkata,36,No,5,2,2,4,10,8,4,7,7,4,3,Yes,"Low Job Satisfaction, High Stress, No Promotion",09-10-2019,kartiksachdeva@edwin.info,285814097,13
EMP02752,Priyansh Tripathi,35,Other,Customer Support,Customer Success Manager,Diploma,55414,10,Pune,4,Yes,1,5,3,4,43,3,20,6,5,4,5,No,Not Provided,10-05-2018,rsaha@gmail.com,8152596545,8
EMP02753,Parinaaz Keer,25,Male,Customer Support,Customer Success Manager,Masters,72337,4,Pune,25,No,4,4,4,3,62,7,1,2,1,1,2,No,Not Provided,30-01-2020,olata@yahoo.com,1976262509,5
EMP02754,Dhruv Balan,42,Male,Operations,Supply Chain Analyst,Diploma,34333,21,Bangalore,24,No,4,5,3,5,47,1,19,10,5,4,4,No,Not Provided,28-07-2025,fsarraf@iyer.net,106690819,5
EMP02755,Anahita Deol,50,Female,HR,Recruiter,Diploma,100439,22,Noida,27,Yes,3,1,5,5,12,9,9,4,16,4,5,No,Not Provided,10-07-2019,rchhabra@yahoo.com,2255704693,11
EMP02756,Aarush Majumdar,57,Male,HR,HR Manager,Bachelors,147375,31,Mumbai,1,Yes,5,3,4,3,46,1,1,3,17,2,1,No,Not Provided,06-06-2024,miraan77@hotmail.com,8014264719,4
EMP02757,Hazel Goswami,57,Female,Customer Support,Customer Success Manager,Bachelors,120842,29,Chennai,22,No,4,4,2,3,61,4,25,10,12,2,2,No,Not Provided,26-05-2025,sangharomil@yahoo.com,2115680054,4
EMP02758,Tiya Grover,29,Other,Marketing,Marketing Manager,Masters,99445,1,Bangalore,18,Yes,2,1,3,3,18,8,0,1,11,2,3,No,Not Provided,25-08-2021,kismatchawla@gmail.com,4609009516,12
EMP02759,Advika Chanda,24,Other,Marketing,SEO Specialist,MBA,56572,0,Mumbai,6,Yes,5,5,1,2,29,4,15,5,17,1,1,No,Not Provided,26-12-2020,gulativaibhav@yahoo.com,5965836690,6
EMP02760,Nakul Kara,27,Male,Sales,Sales Executive,Masters,167833,2,Bangalore,33,No,2,4,3,2,8,1,1,11,5,5,3,Yes,"Poor Work Life Balance, Manager Issues, High Stress",20-05-2016,lavanyabhagat@dave.biz,2393339463,13
EMP02761,Anay Sane,53,Female,Marketing,Content Strategist,Diploma,35272,31,Delhi,31,No,3,4,3,4,56,5,8,3,19,2,3,No,Not Provided,01-06-2016,dhillontushar@gmail.com,4063681272,3
EMP02762,Samarth Mane,25,Male,Customer Support,Support Executive,Diploma,147296,0,Hyderabad,3,No,1,4,1,1,72,1,17,4,13,4,4,No,Not Provided,17-09-2017,dalalshlok@bobal-sem.net,1001097765,10
EMP02763,Arnav Balay,47,Male,Operations,Operations Executive,Diploma,134302,23,Pune,19,No,4,5,1,5,20,5,13,1,6,4,2,No,Not Provided,30-01-2019,dramaswamy@hotmail.com,9046153889,7
EMP02764,Drishya Lall,55,Female,Sales,Sales Executive,Bachelors,103161,33,Mumbai,19,No,5,1,3,3,41,10,1,2,19,4,1,No,Not Provided,02-12-2016,khushi80@butala.biz,4253295691,10
EMP02765,Gokul Choudhry,38,Other,Marketing,Content Strategist,MBA,122297,9,Kolkata,14,No,5,4,4,5,25,5,18,11,10,2,3,No,Not Provided,29-01-2018,shettyshlok@yahoo.com,5153626160,4
EMP02766,Renee Sarraf,54,Other,IT,System Admin,Bachelors,108097,33,Mumbai,12,No,5,1,3,1,17,6,10,5,13,4,4,No,Not Provided,30-06-2018,choudharyshalv@chaudhary.biz,916460789,10
EMP02767,Damini Mani,60,Male,HR,HR Manager,Bachelors,126666,34,Chennai,17,No,2,3,2,4,28,6,19,8,24,4,3,No,Not Provided,27-10-2022,kavya66@gmail.com,4805073187,10
EMP02768,Kavya Bandi,40,Other,HR,Recruiter,Bachelors,27964,17,Pune,28,No,2,4,5,1,31,2,4,1,14,1,5,No,Not Provided,01-07-2021,rsrinivas@saran.com,9058930548,8
EMP02769,Samiha Soni,42,Male,IT,Data Analyst,MBA,59548,14,Bangalore,26,Yes,5,2,5,2,3,4,21,1,25,5,4,No,Not Provided,11-12-2018,jivinmaharaj@buch-balasubramanian.net,2454068859,11
EMP02770,Eshani Goda,60,Male,Sales,Sales Manager,Bachelors,92757,32,Mumbai,18,No,4,4,1,2,0,8,1,2,11,5,5,No,Not Provided,29-08-2022,misha76@hotmail.com,2531811496,11
EMP02771,Zoya Gara,21,Male,IT,Data Analyst,Bachelors,52845,0,Noida,38,No,2,2,4,4,54,6,3,2,13,1,2,No,Not Provided,26-10-2018,boseadah@bahri.net,2570249228,11
EMP02772,Zara Dar,37,Female,Operations,Supply Chain Analyst,Bachelors,109837,9,Noida,1,Yes,5,3,1,3,62,4,22,9,17,3,5,No,Not Provided,01-06-2025,hiran29@ratti.com,697234665,4
EMP02773,Devansh Ramakrishnan,30,Male,HR,Recruiter,MBA,106677,0,Kolkata,3,No,3,1,1,5,42,2,14,4,17,1,5,No,Not Provided,25-08-2025,reyanshchatterjee@date.org,3376909531,5
EMP02774,Bhavin Sarna,37,Female,IT,Data Analyst,MBA,166448,15,Hyderabad,1,No,2,1,2,2,59,1,14,8,3,5,5,Yes,"Poor Work Life Balance, Low Job Satisfaction, Manager Issues",10-07-2022,adira02@sodhi-mammen.com,7446637514,13
EMP02775,Piya Dash,21,Female,Marketing,Content Strategist,MBA,140540,0,Mumbai,11,Yes,2,3,3,3,47,2,8,8,20,3,4,No,Not Provided,23-07-2019,rattirohan@brahmbhatt-basu.com,3775784646,5
EMP02776,Ivan Rajagopal,26,Female,Finance,Finance Manager,Bachelors,28669,4,Pune,7,Yes,1,5,1,1,18,9,23,2,16,2,4,No,Not Provided,17-03-2021,lbaria@sen.org,1780135557,11
EMP02777,Kanav Saran,57,Female,Customer Support,Customer Success Manager,Masters,95352,30,Kolkata,34,No,4,5,1,5,26,7,6,4,21,3,1,No,Not Provided,05-04-2021,zarya@yahoo.com,9514439495,5
EMP02778,Devansh Kunda,28,Male,Not assigned,HR Executive,Diploma,167130,5,Mumbai,4,No,1,1,2,5,14,0,5,14,21,1,4,No,Not Provided,26-11-2025,tanejaemir@kothari-kibe.org,2924063045,12
EMP02779,Divyansh Sachdeva,31,Other,Operations,Supply Chain Analyst,Bachelors,53812,4,Chennai,35,No,3,4,1,2,6,5,24,2,22,5,2,No,Not Provided,19-05-2021,shalv03@gmail.com,2450895514,10
EMP02780,Nitara Dyal,58,Female,Customer Support,Customer Success Manager,Bachelors,60457,32,Hyderabad,27,No,1,1,4,2,30,4,4,3,0,1,5,No,Not Provided,08-06-2020,navyasarkar@yahoo.com,125287899,11
EMP02781,Anika Kurian,49,Male,Sales,Sales Executive,Bachelors,60308,24,Kolkata,7,No,4,2,4,2,31,8,3,15,5,1,2,No,Not Provided,24-07-2019,ivansoni@yahoo.com,8034490568,11
EMP02782,Gokul Chawla,53,Other,Marketing,Marketing Manager,Masters,97959.63636,26,Pune,33,No,4,1,4,3,26,4,1,5,7,1,4,No,Not Provided,19-09-2020,kavya91@ravi.org,8464302699,6
EMP02783,Shlok Bandi,53,Male,HR,Recruiter,Masters,129056,29,Kolkata,14,Yes,4,5,3,1,80,1,15,6,1,5,4,No,Not Provided,22-10-2023,wsodhi@chana-dhaliwal.info,3918568067,7
EMP02784,Vidur Gupta,27,Other,Operations,Supply Chain Analyst,Diploma,36381,0,Pune,28,Yes,3,1,1,5,15,2,21,2,1,5,3,No,Not Provided,20-05-2019,emirkalla@seshadri-gandhi.com,1067281758,11
EMP02785,Ehsaan Virk,27,Other,HR,HR Executive,Diploma,140207,0,Kolkata,18,Yes,4,3,2,3,68,10,23,7,21,4,2,No,Not Provided,22-04-2021,kchandra@yahoo.com,25074839,9
EMP02786,Yasmin Khurana,30,Male,Customer Support,Support Executive,Masters,153374,8,Pune,18,No,1,3,2,4,52,3,16,2,7,3,1,No,Not Provided,17-02-2020,roymiraya@dada-jain.info,5218410721,5
EMP02787,Miraya Bhandari,52,Female,Sales,Sales Manager,MBA,48477,23,Kolkata,13,Yes,3,1,5,4,5,10,17,8,25,4,1,No,Not Provided,05-10-2022,stuvan38@hotmail.com,3489780714,10
EMP02788,Emir Manda,36,Other,Sales,Sales Manager,Bachelors,163475,10,Bangalore,3,No,5,3,4,3,0,5,2,12,16,2,2,No,Not Provided,01-07-2024,dhanushganesh@yahoo.com,5998768480,6
EMP02789,Eshani Bandi,52,Male,Finance,Recruiter,Diploma,123648,29,Hyderabad,34,Yes,2,3,5,5,60,3,22,13,6,2,5,No,Not Provided,09-04-2019,veerapte@hotmail.com,7531458402,8
EMP02790,Alia Gulati,51,Male,IT,Data Analyst,Bachelors,92929,26,Mumbai,13,Yes,5,4,4,3,15,7,7,2,6,2,3,No,Not Provided,08-08-2021,qchandra@wali-bhargava.com,4496163589,4
EMP02791,Vihaan Chana,59,Male,IT,Data Analyst,Diploma,73004,33,Hyderabad,30,Yes,1,1,1,1,61,3,25,10,19,1,4,Yes,"Poor Work Life Balance, Overtime, Low Job Satisfaction",29-08-2017,vmand@gmail.com,6995223024,15
EMP02792,Zara Kale,22,Other,Operations,Supply Chain Analyst,Bachelors,166186,2,Mumbai,3,Yes,3,5,2,3,47,10,15,5,13,2,4,No,Not Provided,11-09-2022,dubelakshay@yahoo.com,8535247316,6
EMP02793,Anya Kashyap,56,Other,Sales,Business Development Associate,Diploma,133797,36,Noida,24,Yes,3,3,3,1,55,0,17,9,20,2,5,No,Not Provided,08-10-2023,ivana45@luthra.com,5416003324,4
EMP02794,Romil Ganguly,43,Other,Customer Support,Customer Success Manager,Diploma,82279,23,Bangalore,8,Yes,4,5,3,4,27,10,13,10,9,5,3,No,Not Provided,09-04-2019,sumerchaudhary@tandon.com,7985754346,9
EMP02795,Kashvi Upadhyay,60,Other,Finance,Accountant,Diploma,170717,30,Mumbai,29,No,1,2,5,4,26,7,3,3,17,4,1,Yes,"Poor Work Life Balance, Low Job Satisfaction, High Stress",04-10-2020,mirayabarad@yahoo.com,5052623148,14
EMP02796,Shaan Sangha,38,Other,Marketing,Content Strategist,Masters,147232,9,Mumbai,30,No,2,5,4,1,29,7,6,10,16,2,4,No,Not Provided,07-12-2023,sharmaromil@hotmail.com,8468666992,10
EMP02797,Damini Kaul,39,Male,Finance,Accountant,Masters,124698,16,Mumbai,33,No,4,5,2,2,15,5,21,1,14,5,3,No,Not Provided,28-10-2019,chirag30@gmail.com,9847913055,10
EMP02798,Zara Bakshi,21,Male,Marketing,SEO Specialist,Bachelors,52738,0,Pune,27,No,5,3,4,1,11,4,1,8,4,5,4,No,Not Provided,17-02-2019,divijandra@chaudhuri.org,1755787848,8
EMP02799,Hazel Johal,57,Other,HR,Recruiter,Masters,108865,33,Bangalore,16,Yes,4,5,3,2,71,7,5,3,12,3,4,No,Not Provided,10-01-2025,dhruv47@apte.com,1210121792,8
EMP02800,Kiara Bora,28,Female,Operations,Operations Executive,Bachelors,94303,4,Mumbai,7,Yes,1,5,4,1,15,9,8,10,6,4,5,Yes,"Poor Work Life Balance, Overtime, Manager Issues",16-05-2024,mehul99@hotmail.com,2203523137,14
EMP02801,Darshit Maharaj,28,Male,Operations,Operations Executive,Diploma,26938,6,Bangalore,8,Yes,4,5,5,3,6,10,10,4,0,1,3,No,Not Provided,27-02-2025,sahil62@comar.com,3979573448,4
EMP02802,Nayantara Deo,21,Female,IT,BI Developer,Bachelors,60594,1,Bangalore,4,Yes,5,2,5,3,15,7,17,1,22,3,2,No,Not Provided,08-05-2026,ojas10@yahoo.com,8572261874,7
EMP02803,Nakul Hari,27,Female,HR,Recruiter,Bachelors,123768,4,Kolkata,2,No,5,3.039382866,2,1,31,5,12,12,3,2,3,No,Not Provided,04-03-2025,jmalhotra@yahoo.com,3566950458,8
EMP02804,Rania Viswanathan,43,Male,Operations,Operations Executive,MBA,87545,14,Kolkata,26,Yes,2,2,3,1,55,3,2,2,17,2,5,Yes,"Poor Work Life Balance, Overtime, Low Job Satisfaction",08-03-2019,yaurora@yahoo.com,8187379156,13
EMP02805,Zaina Chandra,43,Male,Customer Support,Customer Success Manager,Masters,38715,23,Kolkata,39,No,2,1,2,5,75,5,17,15,11,4,4,Yes,"Poor Work Life Balance, Low Job Satisfaction, High Stress",13-07-2018,twalia@sibal.info,1709086310,16
EMP02806,Prisha Viswanathan,55,Male,Sales,Sales Executive,Bachelors,174655,27,Mumbai,6,Yes,5,2,1,5,8,7,22,3,10,1,1,No,Not Provided,05-08-2025,romil17@butala.org,3350019547,9
EMP02807,Amani Jani,42,Female,Sales,Sales Executive,Masters,107955,18,Noida,10,Yes,5,1,4,5,13,9,6,3,4,4,3,No,Not Provided,22-07-2021,miraankashyap@rattan.com,5943573245,10
EMP02808,Anaya Bhavsar,52,Other,HR,Recruiter,Diploma,76333,27,Bangalore,37,No,2,5,2,1,71,3,16,6,17,4,5,No,Not Provided,20-08-2023,jayeshbora@yahoo.com,2602608805,11
EMP02809,Oorja Dara,44,Other,IT,Software Engineer,Masters,166322,17,Pune,27,Yes,4,4,3,2,80,4,18,5,5,2,3,No,Not Provided,05-02-2017,zeeshan66@hotmail.com,5811620425,5
EMP02810,Anika Thakur,54,Other,IT,Support Executive,Masters,171741,30,Delhi,32,Yes,4,1,5,2,23,7,14,7,15,4,5,Yes,"Overtime, Low Job Satisfaction, Manager Issues",17-11-2025,emirsethi@sengupta.com,6604592667,13
EMP02811,Jiya Dube,28,Male,Sales,Sales Executive,Diploma,85956,3,Chennai,37,Yes,2,5,1,3,37,8,12,4,23,4,4,Yes,"Poor Work Life Balance, Overtime, High Stress",06-03-2026,somananahita@balay-kuruvilla.com,8414517040,13
EMP02812,Tejas Yadav,55,Male,Marketing,Content Strategist,Diploma,101265,34,Chennai,18,Yes,2,2,5,5,51,7,19,6,11,2,2,No,Not Provided,31-07-2017,zagarwal@yahoo.com,3779034012,10
EMP02813,Anika Maharaj,60,Male,Finance,Financial Analyst,Masters,31099,38,Bangalore,11,Yes,3,2,3,3,54,9,19,9,21,4,2,No,Not Provided,19-09-2025,shray63@bir.biz,4647379553,10
EMP02814,Adah Sachdev,32,Female,Operations,Operations Executive,Diploma,134705,3,Delhi,38,Yes,5,3.039382866,3,1,15,1,5,14,24,4,1,No,Not Provided,19-11-2020,kartikratti@sekhon-sarna.com,6828338329,12
EMP02815,Sumer Dixit,58,Other,HR,HR Manager,Bachelors,28835,36,Delhi,4,No,5,3,1,5,14,2,7,10,5,1,3,No,Not Provided,10-08-2025,jiyaanand@khurana-kurian.com,7663254387,4
EMP02816,Fateh Jaggi,50,Male,IT,System Admin,Bachelors,50998,24,Mumbai,27,No,3,4,1,3,8,6,19,8,11,5,1,No,Not Provided,20-09-2016,hayrehiran@gmail.com,1470628918,8
EMP02817,Lakshit Mane,26,Other,Customer Support,Customer Success Manager,Diploma,29742,4,Noida,8,Yes,5,2,5,3,0,10,23,2,2,4,1,No,Not Provided,26-11-2024,iseth@hotmail.com,6786851448,10
EMP02818,Not Available,48,Male,Sales,Sales Manager,MBA,89861,21,Chennai,2,Yes,4,4,4,5,45,0,0,12,17,5,5,No,Not Provided,10-05-2020,saira74@deep.org,5126137305,9
EMP02819,Suhana Lad,53,Female,Not assigned,HR Manager,Bachelors,94553,28,Bangalore,28,No,5,3,5,5,44,1,21,1,1,2,5,No,Not Provided,26-08-2016,xmand@choudhary-sangha.com,8486642166,1
EMP02820,Anahita Chawla,60,Other,Customer Support,Customer Success Manager,MBA,66010,36,Mumbai,5,Yes,3,2,4,2,22,3,2,4,18,3,5,No,Not Provided,20-07-2023,aarushbalasubramanian@dutta.com,4757260740,9
EMP02821,Hrishita Ganesh,50,Male,Marketing,SEO Specialist,Diploma,139328,25,Delhi,21,Yes,5,1,4,2,70,9,13,10,4,2,4,No,Not Provided,01-03-2017,anvi52@gmail.com,4747030496,11
EMP02822,Ishita Solanki,34,Female,HR,HR Manager,Masters,175302,9,Noida,37,Yes,2,1,1,1,77,10,21,3,14,1,3,Yes,"Poor Work Life Balance, Overtime, Low Job Satisfaction",13-04-2023,badal48@manne.com,2189138223,15
EMP02823,Uthkarsh Viswanathan,43,Other,IT,Data Analyst,Diploma,135531,16,Kolkata,13,Yes,5,3,1,5,37,3,10,1,19,1,4,No,Not Provided,23-02-2023,nakul45@toor.com,2810602791,4
EMP02824,Dhruv Khosla,54,Female,Sales,Sales Executive,Diploma,175088,32,Pune,3,Yes,1,2,3,1,45,0,23,12,13,1,1,No,Not Provided,30-09-2020,sarafsuhana@issac-vaidya.biz,9105570308,12
EMP02825,Yasmin Bhatia,26,Male,Customer Support,Customer Success Manager,Masters,106903,5,Mumbai,3,No,5,5,2,1,26,10,21,10,5,3,3,No,Not Provided,10-02-2026,anvi10@kumar.biz,8539026327,8
EMP02826,Lakshit Deol,54,Other,HR,Recruiter,Bachelors,108633,33,Kolkata,29,Yes,2,3,3,5,47,1,1,8,2,3,1,No,Not Provided,19-09-2017,prisha75@krish-walla.com,5729872016,8
EMP02827,Anay Maharaj,45,Male,Marketing,SEO Specialist,MBA,89148,23,Noida,5,Yes,3,3,2,1,52,7,5,8,6,3,2,No,Not Provided,16-03-2024,handadivit@yahoo.com,6532809922,10
EMP02828,Divyansh Shankar,52,Female,IT,Support Executive,Bachelors,60139,23,Mumbai,9,No,1,2,4,5,40,9,17,3,2,5,3,No,Not Provided,12-04-2019,iraaurora@madan-gola.com,8442034895,11
EMP02829,Drishya Bansal,53,Other,Customer Support,Support Executive,Masters,110140,25,Delhi,14,No,2,4,3,3,54,1,18,3,8,1,4,No,Not Provided,10-11-2024,sahil64@gmail.com,1706139415,3
EMP02830,Onkar Wali,58,Female,Finance,Accountant,Diploma,82305,33,Noida,3,Yes,2,2,3,5,57,0,8,12,11,2,5,No,Not Provided,29-07-2018,aarush90@korpal.biz,9946951606,10
EMP02831,Anika Wali,60,Male,HR,Recruiter,MBA,75102,31,Delhi,16,No,5,5,1,2,79,3,1,7,2,4,5,No,Not Provided,08-10-2023,kashvi84@yahoo.com,872852815,9
EMP02832,Farhan Kar,35,Female,Sales,Business Development Associate,MBA,67820,5,Noida,2,No,5,3,3,4,46,4,6,2,0,2,1,No,Not Provided,23-04-2017,raghavsundaram@jha.org,8319256237,0
EMP02833,Ivan Borra,37,Male,Operations,Supply Chain Analyst,Masters,104098,13,Noida,24,Yes,1,3,2,3,32,2,17,10,24,4,5,No,Not Provided,11-03-2018,lagantaneja@yahoo.com,6816271787,12
EMP02834,Ivana Tailor,22,Other,Marketing,Content Strategist,Bachelors,98077,0,Noida,28,No,3,5,4,5,54,7,20,1,0,2,5,No,Not Provided,23-08-2020,dhruvrajan@yahoo.com,5681279542,3
EMP02835,Shray Majumdar,42,Female,Marketing,Content Strategist,Bachelors,157593,16,Delhi,21,No,5,5,2,1,79,1,9,14,19,4,2,No,Not Provided,05-08-2020,darshit74@hotmail.com,9337227895,9
EMP02836,Kavya Bhattacharyya,42,Female,Operations,Supply Chain Analyst,Masters,74652,16,Chennai,28,No,3,3,3,4,42,2,7,3,5,1,3,No,Not Provided,04-11-2024,baijusankaran@sastry.net,4379947058,1
EMP02837,Faiyaz Dhawan,59,Male,Marketing,Marketing Manager,Diploma,177969,32,Chennai,32,Yes,1,3,4,2,53,10,12,3,0,4,3,Yes,"Poor Work Life Balance, Overtime, Manager Issues",28-04-2023,dishanidugar@dayal.com,919189899,13
EMP02838,Sahil Bera,23,Other,Marketing,Content Strategist,Masters,138739,1,Pune,28,No,1,2,5,2,73,9,2,3,11,4,5,Yes,"Poor Work Life Balance, Low Job Satisfaction, Manager Issues",16-10-2019,ovenkatesh@sankaran.com,4451051533,16
EMP02839,Ranbir Khalsa,51,Female,HR,Recruiter,Diploma,123707,25,Pune,34,Yes,5,2,2,2,47,0,14,10,11,3,2,No,Not Provided,06-12-2016,sakshamchanda@hotmail.com,206613116,12
EMP02840,Anvi Golla,31,Male,HR,Recruiter,Masters,144723,5,Hyderabad,10,Yes,4,2,4,1,72,10,6,12,17,1,4,No,Not Provided,12-04-2024,jkarpe@yahoo.com,27063125,11
EMP02841,Mohanlal Ahluwalia,47,Male,Operations,Operations Executive,Bachelors,33546,27,Chennai,19,No,5,3,2,5,45,3,12,15,1,3,4,No,Not Provided,26-08-2022,tanya75@gmail.com,1904739665,4
EMP02842,Shanaya Mani,39,Male,Customer Support,Customer Success Manager,Masters,171667,9,Noida,26,No,1,2,2,1,56,4,17,6,13,5,1,Yes,"Poor Work Life Balance, Low Job Satisfaction, Manager Issues",13-10-2022,subramanianabram@hotmail.com,907116508,14
EMP02843,Zoya Lata,52,Other,Marketing,SEO Specialist,Masters,164119,32,Bangalore,39,Yes,5,5,4,2,12,8,10,9,11,2,3,No,Not Provided,02-09-2022,biju52@yahoo.com,1165932098,7
EMP02844,Umang Venkataraman,59,Other,Finance,Accountant,Diploma,42355,35,Chennai,3,Yes,3,2,2,1,79,4,4,4,19,5,2,Yes,"Overtime, Low Job Satisfaction, Manager Issues",27-08-2023,Not Generated,7247272543,14
EMP02845,Jayesh Chatterjee,36,Female,HR,HR Manager,MBA,41159,6,Hyderabad,16,Yes,2,1,4,1,70,2,10,6,14,5,3,Yes,"Poor Work Life Balance, Overtime, Low Job Satisfaction",03-12-2022,laldhanuk@shetty.info,3194640641,13
EMP02846,Yakshit Sharaf,36,Male,Marketing,Content Strategist,Diploma,70944,11,Kolkata,1,Yes,5,1,3,4,9,6,10,3,21,5,1,No,Not Provided,15-01-2018,charvideshmukh@hotmail.com,8973818726,10
EMP02847,Tiya Vyas,40,Other,Not assigned,System Admin,MBA,42972,18,Delhi,12,No,1,2,1,3,54,4,3,11,21,4,5,Yes,"Poor Work Life Balance, Low Job Satisfaction, High Stress",09-02-2026,valakhushi@hotmail.com,8102254216,15
EMP02848,Pranay Dutt,55,Female,Operations,Operations Executive,Bachelors,102936.097,27,Bangalore,36,No,5,2,5,4,34,9,6,12,17,1,1,No,Not Provided,07-12-2022,ichoudhary@yahoo.com,688883093,8
EMP02849,Ayesha Ravel,57,Female,Operations,Supply Chain Analyst,MBA,139258,28,Hyderabad,1,No,4,4,4,2,71,4,8,11,18,1,4,No,Not Provided,25-05-2021,jarya@mammen.com,1285799558,4
EMP02850,Anika Badal,25,Other,Operations,Supply Chain Analyst,Diploma,129352,4,Hyderabad,24,Yes,2,5,3,4,24,0,4,8,4,5,2,No,Not Provided,03-11-2024,mahikadora@yahoo.com,2652903794,10
EMP02851,Hiran Bhandari,36,Female,Operations,Supply Chain Analyst,Masters,104386,7,Mumbai,38,No,1,1,2,3,62,10,7,2,6,3,5,No,Not Provided,30-10-2022,aarav32@yahoo.com,2333545594,11
EMP02852,Aayush Badal,30,Female,Operations,Operations Executive,Bachelors,60300,4,Delhi,18,No,3,5,4,5,11,6,24,15,6,2,3,No,Not Provided,25-02-2022,egrewal@hotmail.com,5391084543,4
EMP02853,Siya Bhatia,23,Other,Operations,Operations Executive,Bachelors,160481,0,Bangalore,40,Yes,3,1,3,2,80,6,8,12,12,2,1,No,Not Provided,26-11-2021,mannishita@krishnamurthy.com,982699621,12
EMP02854,Yakshit Kothari,49,Female,Operations,Operations Executive,Diploma,168061,27,Mumbai,7,Yes,4,5,5,3,40,2,21,14,6,4,3,No,Not Provided,13-08-2020,mahikamajumdar@gmail.com,3914471958,7
EMP02855,Kartik Bajaj,41,Other,IT,Data Analyst,MBA,125378,19,Noida,16,Yes,2,1,4,4,71,3,11,9,0,1,2,No,Not Provided,02-09-2024,qsengupta@yahoo.com,851322888,8
EMP02856,Yakshit Balakrishnan,50,Male,HR,Recruiter,Diploma,172500,23,Noida,5,Yes,5,1,4,1,71,4,22,3,13,4,4,No,Not Provided,25-07-2023,diyadara@hotmail.com,7662924795,10
EMP02857,Reyansh Kapoor,53,Female,IT,BI Developer,Masters,109164,33,Mumbai,4,Yes,5,3,5,2,41,2,13,9,2,1,1,No,Not Provided,06-09-2018,bdugal@konda-singhal.com,6876816741,4
EMP02858,Ishaan Amble,24,Female,Operations,Supply Chain Analyst,Bachelors,111128,0,Pune,30,No,3,5,4,5,57,8,3,4,18,2,4,No,Not Provided,16-10-2019,vivaandeol@hotmail.com,6952344361,5
EMP02859,Dhanuk Barman,49,Male,Sales,Business Development Associate,Bachelors,129304,21,Noida,18,No,2,5,5,1,36,3,12,10,22,2,3,No,Not Provided,25-02-2019,mdua@hotmail.com,940178705,7
EMP02860,Lakshay Andra,43,Male,Customer Support,Support Executive,Masters,82966,15,Pune,24,Yes,2,4,5,2,28,3,10,4,17,2,2,No,Not Provided,31-01-2022,psachdev@yahoo.com,6103936197,7
EMP02861,Piya Shetty,37,Female,Operations,Operations Executive,MBA,51252,14,Kolkata,18,Yes,3,5,4,4,27,1,10,8,9,3,2,No,Not Provided,21-10-2023,anahitagulati@gmail.com,8206412759,2
EMP02862,Vihaan Dyal,40,Other,HR,Recruiter,Diploma,173773,12,Kolkata,30,Yes,3,3,4,5,62,0,10,10,16,2,1,No,Not Provided,31-07-2023,zain49@viswanathan.net,1689265606,5
EMP02863,Drishya Roy,50,Other,Finance,Accountant,MBA,76179,21,Hyderabad,2,No,5,3,5,5,61,1,7,12,16,4,4,No,Not Provided,18-07-2019,kismatsheth@dhar-khosla.org,9857034080,5
EMP02864,Umang Mani,50,Male,Marketing,Content Strategist,Diploma,74136,26,Pune,22,No,5,4,3,2,14,7,23,1,11,4,3,No,Not Provided,28-03-2023,jivika80@hotmail.com,760231768,7
EMP02865,Anahita Chowdhury,56,Other,Operations,Supply Chain Analyst,Bachelors,83403,30,Hyderabad,10,No,3,3,5,2,20,6,24,8,22,1,4,No,Not Provided,13-04-2023,sampathbiju@gmail.com,1229492512,4
EMP02866,Samarth Kothari,46,Other,IT,System Admin,Diploma,63665,17,Delhi,39,No,5,5,1,2,3,9,6,7,1,5,5,No,Not Provided,23-02-2018,zainaramakrishnan@jha.com,4487951117,10
EMP02867,Sahil Din,52,Male,Customer Support,Support Executive,Diploma,104634.8542,29,Pune,34,No,1,1,5,3,60,6,12,12,14,1,2,No,Not Provided,04-08-2024,sahnipurab@talwar-doshi.com,4247522752,11
EMP02868,Nirvaan Tandon,52,Female,IT,Data Analyst,Bachelors,160846,24,Noida,15,No,3,5,3,4,36,8,11,15,23,3,1,No,Not Provided,13-04-2020,fsarin@gmail.com,3926794029,4
EMP02869,Madhav Subramanian,51,Other,Operations,Operations Executive,Diploma,30964,27,Pune,36,No,3,3,4,1,30,0,6,7,20,3,5,No,Not Provided,09-07-2024,katainaaya@hotmail.com,8614501744,3
EMP02870,Vritika Sandhu,48,Other,HR,Recruiter,Diploma,169946,19,Hyderabad,25,No,4,1,2,5,64,8,7,14,15,1,5,No,Not Provided,02-01-2022,mehulkoshy@jhaveri-shetty.com,1054358020,10
EMP02871,Not Available,53,Other,Marketing,Content Strategist,MBA,89287,26,Delhi,11,Yes,3,5,3,2,58,7,20,4,10,2,4,No,Not Provided,07-06-2016,neelofarchaudhary@bera.biz,2900895164,6
EMP02872,Pranay Madan,50,Female,Marketing,SEO Specialist,Bachelors,152179,24,Hyderabad,28,Yes,4,5,2,3,11,2,17,2,9,5,2,No,Not Provided,16-03-2018,yuvraj-80@ben.biz,2259503809,8
EMP02873,Priyansh Srinivas,22,Other,Sales,Sales Manager,MBA,123064,0,Pune,1,Yes,1,4,2,3,8,1,22,12,9,5,2,No,Not Provided,30-10-2016,manderarmaan@subramaniam.com,4644507303,12
EMP02874,Madhup Anne,59,Male,Marketing,SEO Specialist,Masters,79619,31,Chennai,33,No,3,5,1,2,19,8,14,5,16,1,3,No,Not Provided,27-05-2017,myrachokshi@gmail.com,9373400479,7
EMP02875,Mahika Raja,51,Other,HR,HR Manager,Bachelors,170949,22,Mumbai,9,Yes,3,3,5,1,33,1,11,11,13,1,3,No,Not Provided,10-05-2020,zeeshangade@viswanathan.com,4061376733,6
EMP02876,Ishaan Batra,51,Female,Sales,Sales Manager,Diploma,123873,30,Kolkata,9,Yes,5,1,5,4,32,10,6,1,5,3,3,No,Not Provided,10-11-2025,pbedi@hotmail.com,4991323976,7
EMP02877,Umang Kala,25,Other,Customer Support,Support Executive,Masters,80944,0,Kolkata,20,Yes,5,5,2,4,2,6,22,4,24,3,2,No,Not Provided,23-04-2018,siya60@gmail.com,6225060908,6
EMP02878,Samar Hayre,29,Male,Operations,Operations Executive,MBA,145007,0,Mumbai,17,Yes,3,3,3,5,51,5,1,14,22,1,1,No,Not Provided,18-05-2020,prajagopal@gmail.com,706129661,8
EMP02879,Ivan Kara,24,Other,Not assigned,Business Development Associate,Diploma,128902,0,Bangalore,15,No,5,1,1,4,56,4,4,12,1,3,3,No,Not Provided,20-01-2021,lwarrior@hotmail.com,1274030536,9
EMP02880,Suhana Bhavsar,39,Other,HR,Recruiter,Diploma,112017,11,Chennai,26,Yes,2,5,5,1,50,4,9,9,23,4,4,No,Not Provided,19-09-2022,aniruddh89@comar.info,1454903061,11
EMP02881,Dhanuk Seth,28,Other,Operations,Operations Executive,MBA,90031,6,Kolkata,27,Yes,4,3.039382866,4,1,72,9,13,11,23,5,1,No,Not Provided,16-09-2021,romil69@yahoo.com,1229235461,12
EMP02882,Diya Bala,50,Other,Customer Support,Customer Success Manager,Bachelors,134464,24,Bangalore,21,Yes,3,4,4,1,32,1,17,4,4,2,5,No,Not Provided,18-11-2019,tanejaadvik@kanda.net,8326816375,4
EMP02883,Sumer Dua,56,Female,Not assigned,Financial Analyst,Masters,178101,33,Bangalore,3,Yes,5,4,2,4,53,1,4,8,15,5,1,No,Not Provided,12-06-2021,anahibala@yahoo.com,4265947393,9
EMP02884,Kabir Sharma,24,Female,Marketing,Marketing Manager,Masters,127569,0,Chennai,6,No,3,5,5,4,3,1,12,1,14,1,1,No,Not Provided,09-01-2021,elachaudhuri@yahoo.com,1525986685,0
EMP02885,Anahita Ramachandran,53,Other,Marketing,Content Strategist,MBA,137341,23,Chennai,4,No,4,1,4,4,46,6,23,6,16,5,5,No,Not Provided,25-06-2019,fatehsood@hotmail.com,8812715021,8
EMP02886,Ehsaan Ghosh,40,Other,Marketing,Marketing Manager,Diploma,52185,19,Noida,34,Yes,3,2,2,1,61,2,6,1,20,4,5,Yes,"Overtime, Low Job Satisfaction, Manager Issues",10-12-2025,jiya13@virk.net,3915888222,13
EMP02887,Neelofar Bawa,44,Male,IT,System Admin,MBA,91111,23,Bangalore,31,Yes,3,4,3,2,69,1,5,3,17,5,3,No,Not Provided,10-01-2022,kagate@dhar.biz,9296324531,10
EMP02888,Renee Shah,26,Female,IT,BI Developer,MBA,112104,2,Bangalore,21,Yes,4,1,3,2,39,1,15,1,7,5,4,No,Not Provided,30-01-2018,vedika23@yahoo.com,3643581716,10
EMP02889,Saanvi Kade,35,Other,Finance,Financial Analyst,Masters,76521,8,Mumbai,23,No,3,3,4,5,62,3,6,13,15,1,1,No,Not Provided,27-02-2018,ztailor@krish.com,2235131117,2
EMP02890,Vivaan D’Alia,29,Female,Finance,Finance Manager,Masters,33176,1,Pune,8,No,3,1,4,2,48,8,22,14,24,3,5,No,Not Provided,20-03-2020,wvora@yahoo.com,6804974297,9
EMP02891,Aarush Agarwal,40,Other,HR,Recruiter,Bachelors,56741,20,Delhi,12,No,2,1,4,3,15,9,12,10,5,1,5,No,Not Provided,13-03-2024,fkalita@hotmail.com,310861599,10
EMP02892,Trisha Randhawa,55,Other,HR,HR Manager,MBA,62229,35,Delhi,38,Yes,2,3,1,5,67,0,7,1,4,1,4,No,Not Provided,04-01-2020,sabharwalparinaaz@dhillon.com,2168007551,8
EMP02893,Stuvan Golla,43,Female,Operations,Operations Executive,MBA,59217,13,Kolkata,3,Yes,4,5,5,2,52,2,4,10,8,2,5,No,Not Provided,21-11-2018,raniasamra@gmail.com,9092437951,8
EMP02894,Shanaya Khalsa,54,Other,Finance,Accountant,Diploma,164590,32,Noida,15,Yes,3,2,4,1,33,1,1,2,11,4,3,No,Not Provided,29-08-2020,charvi76@yahoo.com,84835933,12
EMP02895,Lakshit Goyal,46,Female,HR,HR Executive,Bachelors,60341,16,Bangalore,14,No,5,2,4,4,42,2,13,9,21,1,4,No,Not Provided,26-07-2020,gopalriaan@yahoo.com,9720506637,3
EMP02896,Dhanuk Kashyap,32,Male,Marketing,Marketing Manager,MBA,149406,3,Hyderabad,36,Yes,4,2,3,2,22,1,2,11,17,2,3,No,Not Provided,30-08-2020,ramaswamytanya@sekhon-bora.com,9981751753,12
EMP02897,Ira Sen,30,Male,HR,HR Manager,MBA,67053,8,Mumbai,38,Yes,3,5,4,4,75,9,2,10,25,5,4,No,Not Provided,14-09-2019,madhupbatta@hotmail.com,7161353881,12
EMP02898,Ehsaan Balakrishnan,50,Other,HR,HR Executive,MBA,26685,24,Chennai,37,Yes,5,2,5,1,63,10,23,8,7,5,1,Yes,"Overtime, Low Job Satisfaction, Manager Issues",26-05-2019,pihubutala@sibal.info,5771257686,13
EMP02899,Pari Boase,21,Male,Operations,Supply Chain Analyst,MBA,64319,0,Chennai,40,Yes,3,2,4,1,8,1,4,13,7,2,2,No,Not Provided,26-10-2024,suhanarastogi@manda-koshy.com,6408793208,12
EMP02900,Samarth Lall,60,Female,Sales,Sales Executive,Bachelors,104090,33,Kolkata,18,No,2,5,3,1,73,6,6,14,5,1,5,No,Not Provided,10-11-2021,siyajaggi@shere.com,2636056836,9
EMP02901,Azad Chauhan,52,Other,Sales,Business Development Associate,Masters,41838,25,Chennai,5,Yes,5,5,5,2,18,4,24,11,9,4,2,No,Not Provided,12-09-2016,nishith91@hotmail.com,2015945909,9
EMP02902,Sahil Chatterjee,24,Male,Operations,Operations Executive,Masters,50420,4,Pune,37,Yes,5,1,2,5,61,5,3,8,1,5,2,Yes,"Overtime, Low Job Satisfaction, High Stress",01-02-2019,lthaker@yahoo.com,825041955,15
EMP02903,Anya Date,23,Female,Finance,Finance Manager,Diploma,53315,0,Hyderabad,21,No,4,4,3,2,68,7,14,1,22,5,5,No,Not Provided,07-05-2022,rbakshi@deshpande-chand.biz,2382129007,7
EMP02904,Saanvi Vyas,35,Other,Sales,Sales Manager,Masters,71598,11,Delhi,3,No,2,5,4,1,19,2,7,3,15,4,2,No,Not Provided,01-10-2023,madhav75@yahoo.com,5706085729,8
EMP02905,Navya Bhagat,35,Female,Marketing,SEO Specialist,Diploma,124720,13,Kolkata,36,No,5,3,4,4,41,10,7,13,7,5,2,No,Not Provided,06-10-2025,banerjeeanaya@gmail.com,2114850831,8
EMP02906,Oorja Mall,48,Other,Customer Support,Support Executive,MBA,72029,28,Bangalore,24,Yes,1,2,4,3,26,6,13,5,5,2,1,No,Not Provided,10-12-2016,wbutala@yahoo.com,8471742228,10
EMP02907,Anaya Varty,35,Male,Sales,Sales Executive,Masters,62301,15,Mumbai,18,Yes,2,4,4,2,30,3,20,11,25,1,3,No,Not Provided,22-02-2021,gatik46@hotmail.com,5664253351,9
EMP02908,Jivin Magar,35,Male,IT,Software Engineer,Diploma,152967,14,Delhi,7,Yes,3,4,2,3,40,4,8,2,10,3,1,No,Not Provided,02-03-2017,ramakrishnanonkar@hotmail.com,4625875815,4
EMP02909,Renee Taneja,38,Female,Marketing,SEO Specialist,Diploma,109717,9,Bangalore,15,Yes,3,3,4,4,8,1,18,9,11,4,5,No,Not Provided,04-01-2022,bumbemir@kumer.com,6018670705,5
EMP02910,Bhamini Grover,37,Other,Customer Support,Support Executive,Bachelors,44148,14,Delhi,6,No,1,4,1,5,71,10,24,12,3,2,1,No,Not Provided,17-11-2020,landra@sachdev-viswanathan.com,5705605323,9
EMP02911,Nirvi Bobal,48,Other,Operations,Supply Chain Analyst,Diploma,28624,22,Pune,14,Yes,5,3,1,5,20,8,21,4,20,2,5,No,Not Provided,18-05-2021,bdar@chaudhari-dasgupta.org,993404545,6
EMP02912,Kimaya Dugal,46,Female,Customer Support,Support Executive,Bachelors,174374,24,Kolkata,24,No,1,2,4,4,75,3,13,8,0,2,3,No,Not Provided,23-06-2018,sara39@magar.com,1639062487,6
EMP02913,Amira Babu,32,Other,Finance,Finance Manager,Masters,148327,6,Mumbai,2,Yes,3,4,5,1,67,7,7,8,4,4,1,No,Not Provided,17-11-2021,chackodarshit@hotmail.com,2424546150,9
EMP02914,Myra Tak,25,Male,Marketing,Marketing Manager,Diploma,175814,0,Delhi,36,Yes,5,5,1,2,63,8,20,10,13,5,2,Yes,"Overtime, Manager Issues, High Stress",22-07-2020,kaulzara@gmail.com,2443769200,14
EMP02915,Abram Bansal,52,Female,Operations,Supply Chain Analyst,Masters,57442,30,Pune,33,No,1,1,2,4,44,10,15,3,10,1,4,No,Not Provided,06-03-2019,ilata@bath-bath.com,6442259305,11
EMP02916,Mohanlal Shankar,28,Male,Operations,Operations Executive,Diploma,32451,7,Kolkata,26,Yes,4,3,4,4,6,9,13,10,4,1,5,No,Not Provided,26-01-2022,jbora@chacko.net,2951472176,7
EMP02917,Yashvi Chokshi,25,Male,Operations,Supply Chain Analyst,MBA,110733,4,Chennai,40,No,2,3,3,1,32,6,0,2,5,3,3,No,Not Provided,11-03-2025,nbhandari@deol-yogi.com,1810787094,10
EMP02918,Aradhya Soman,24,Female,Sales,Sales Manager,Masters,122840,0,Chennai,31,Yes,5,2,1,1,22,5,19,6,16,1,4,No,Not Provided,28-07-2024,eborra@hotmail.com,2567734217,12
EMP02919,Zain Walla,52,Male,Sales,Business Development Associate,MBA,167099,25,Noida,32,Yes,1,3,4,2,49,10,7,3,25,3,1,No,Not Provided,31-07-2019,llal@gole.com,5494193351,10
EMP02920,Seher Mani,33,Female,Operations,Operations Executive,MBA,46898,5,Mumbai,9,No,4,2,2,2,21,8,10,1,3,3,5,No,Not Provided,19-07-2021,goyalrania@sankar-bedi.org,9568698926,9
EMP02921,Ranbir Solanki,25,Male,Marketing,Content Strategist,Bachelors,129900,0,Hyderabad,2,No,4,4,1,2,26,3,2,6,7,4,3,No,Not Provided,06-07-2019,hsubramaniam@gmail.com,191296061,9
EMP02922,Shamik Chacko,47,Male,HR,Recruiter,Diploma,137188,17,Noida,35,Yes,2,2,1,5,65,0,24,14,13,5,2,Yes,"Poor Work Life Balance, Overtime, Low Job Satisfaction",05-12-2021,jayeshdhingra@yahoo.com,1876017309,16
EMP02923,Nitya Ray,36,Female,Marketing,SEO Specialist,Bachelors,131950,6,Noida,1,Yes,1,1,1,4,24,3,23,11,1,4,4,Yes,"Poor Work Life Balance, Overtime, Low Job Satisfaction",03-01-2020,aarush14@saxena.net,6577901493,15
EMP02924,Amani Dara,37,Female,HR,HR Manager,Masters,90671,13,Kolkata,24,Yes,5,3,5,4,76,1,17,15,17,3,2,No,Not Provided,16-06-2018,mdivan@ratta.com,3745660464,4
EMP02925,Dharmajan Zacharia,27,Male,Sales,Business Development Associate,Bachelors,54637,3,Mumbai,8,No,1,1,1,3,74,8,8,11,11,5,5,Yes,"Poor Work Life Balance, Low Job Satisfaction, High Stress",08-07-2025,zainkalita@gmail.com,1493876279,15
EMP02926,Kavya Sathe,30,Female,Operations,Supply Chain Analyst,Bachelors,140563,8,Mumbai,33,Yes,2,2,1,4,12,8,3,14,22,4,2,Yes,"Poor Work Life Balance, Overtime, Low Job Satisfaction",05-05-2021,ldas@dhaliwal.com,1609793732,20
EMP02927,Divit Majumdar,52,Female,Operations,Supply Chain Analyst,Bachelors,145757,24,Hyderabad,10,Yes,5,5,4,2,70,0,14,6,22,2,1,No,Not Provided,01-07-2022,kaledivyansh@varma-raj.com,7737539272,4
EMP02928,Aarav Jayaraman,23,Other,HR,HR Manager,Masters,138527,0,Hyderabad,3,No,3,3,3,4,41,7,13,4,16,2,2,No,Not Provided,13-12-2017,ahana-54@hotmail.com,8731011527,2
EMP02929,Lakshay Bir,34,Other,HR,HR Manager,Diploma,31515,4,Chennai,23,No,3,3,5,1,36,7,25,8,19,5,2,No,Not Provided,28-04-2017,asaxena@sagar-bhagat.com,8771737865,7
EMP02930,Anvi Dora,50,Male,Finance,Financial Analyst,Diploma,36740,24,Noida,30,Yes,4,2,5,5,39,9,3,15,19,4,4,Yes,"Overtime, Low Job Satisfaction, High Stress",04-04-2025,manitiya@kothari-bava.org,3554708359,15
EMP02931,Eshani Ravi,47,Other,Sales,Sales Manager,Masters,42181,17,Kolkata,4,Yes,1,3,1,3,51,2,5,4,13,1,1,No,Not Provided,12-01-2017,armaansrinivas@hotmail.com,1875027779,9
EMP02932,Kaira Babu,53,Male,Customer Support,Support Executive,MBA,128617,29,Delhi,28,No,5,3,1,4,25,10,19,10,22,2,3,No,Not Provided,25-01-2026,chandraritvik@ravel-seth.com,5737182234,7
EMP02933,Kiaan Gill,28,Other,Operations,Supply Chain Analyst,Masters,126523,5,Kolkata,17,No,5,3,5,2,69,2,23,8,21,1,3,No,Not Provided,18-06-2024,divijbabu@rajagopalan.net,6655370559,2
EMP02934,Hunar Kala,53,Other,Finance,Accountant,Diploma,94296,29,Delhi,20,No,1,2,5,3,55,4,0,14,2,5,5,Yes,"Poor Work Life Balance, Low Job Satisfaction, High Stress",10-03-2023,nakulbedi@rajagopalan.biz,4291821655,13
EMP02935,Jayesh Solanki,46,Female,Customer Support,Customer Success Manager,Diploma,136702,21,Pune,15,No,5,2,1,5,53,9,7,14,2,2,1,No,Not Provided,18-03-2018,echana@reddy.biz,6358907387,9
EMP02936,Saksham Aggarwal,55,Female,Customer Support,Customer Success Manager,MBA,76807,28,Noida,30,Yes,1,4,1,2,17,0,2,7,4,4,3,Yes,"Poor Work Life Balance, Overtime, Manager Issues",27-02-2021,pbhasin@hotmail.com,7918614490,15
EMP02937,Mannat Krishnan,57,Male,Customer Support,Support Executive,MBA,72702,28,Noida,1,No,4,4,3,5,5,3,10,2,21,1,3,No,Not Provided,21-02-2017,stuvan08@hotmail.com,930813298,0
EMP02938,Sahil Khalsa,51,Other,Finance,Finance Manager,Masters,49982,28,Kolkata,31,Yes,2,2,3,2,44,4,4,2,6,4,5,Yes,"Poor Work Life Balance, Overtime, Low Job Satisfaction",05-11-2025,raghav97@kar-desai.com,9969253249,16
EMP02939,Riya Setty,32,Female,Sales,Sales Executive,Diploma,77025,6,Chennai,38,No,3,4,2,5,76,8,1,4,16,4,1,No,Not Provided,10-07-2018,hguha@gmail.com,4621431704,10
EMP02940,Gokul Mall,31,Female,IT,Data Analyst,MBA,161351,3,Kolkata,7,No,3,1,2,2,17,2,9,7,14,4,1,No,Not Provided,21-07-2025,somanvi@gmail.com,6811439381,10
EMP02941,Kiara Ratta,35,Other,Sales,Sales Manager,MBA,59189,12,Hyderabad,10,Yes,1,4,2,5,61,7,12,11,13,5,1,Yes,"Poor Work Life Balance, Overtime, High Stress",08-04-2024,shlok91@mangat.com,266353245,14
EMP02942,Aniruddh Mane,55,Male,Marketing,SEO Specialist,Bachelors,164852,30,Noida,40,No,4,2,1,2,64,10,9,3,11,4,4,Yes,"Low Job Satisfaction, Manager Issues, High Stress",17-08-2019,ekhanna@yahoo.com,4908922194,13
EMP02943,Devansh Kata,45,Female,Customer Support,Customer Success Manager,MBA,139869,19,Mumbai,29,No,1,4,2,1,35,8,20,10,23,5,4,Yes,"Poor Work Life Balance, Manager Issues, High Stress",18-03-2024,tailoranahita@gmail.com,1029966609,15
EMP02944,Kiara Karan,41,Female,Sales,Business Development Associate,Diploma,78768,11,Noida,15,Yes,4,5,2,1,10,1,6,15,23,1,2,No,Not Provided,28-09-2024,dhanush43@gmail.com,5804510845,8
EMP02945,Khushi Batra,60,Male,Customer Support,Customer Success Manager,Masters,178359,36,Chennai,19,No,4,2,4,4,37,0,24,4,21,3,5,No,Not Provided,13-07-2025,somadvik@gmail.com,4540960302,3
EMP02946,Umang Gole,21,Other,Sales,Business Development Associate,Diploma,145279,1,Bangalore,4,Yes,3,5,5,1,26,3,12,3,2,1,2,No,Not Provided,13-11-2021,abramsastry@bala.info,9297174246,4
EMP02947,Shlok Kunda,34,Male,Marketing,Content Strategist,Masters,70177,11,Mumbai,11,Yes,2,3.039382866,3,3,43,5,4,13,10,5,3,Yes,"Poor Work Life Balance, Overtime, High Stress",14-04-2019,saira77@kurian.org,468511162,14
EMP02948,Badal Krish,36,Male,Operations,Operations Executive,MBA,34206,16,Delhi,20,No,1,5,2,5,50,5,3,11,0,3,1,No,Not Provided,17-06-2021,gdutta@rama.org,5102875233,11
EMP02949,Fateh Suresh,22,Female,Marketing,Marketing Manager,Diploma,144625,0,Bangalore,9,Yes,3,1,4,5,58,3,7,14,0,5,2,No,Not Provided,23-08-2025,barora@gmail.com,7757299134,10
EMP02950,Diya Sarin,24,Female,Sales,Sales Executive,Masters,124685,0,Chennai,6,Yes,2,5,5,4,41,3,13,12,22,1,3,No,Not Provided,06-08-2023,gokulsuresh@manda.info,7806176753,7
EMP02951,Adah Kant,28,Other,Operations,Supply Chain Analyst,MBA,178571,0,Pune,35,Yes,2,5,5,5,5,8,7,5,16,2,3,No,Not Provided,24-03-2017,pranaysarkar@gmail.com,2498712630,8
EMP02952,Jivin Dugar,33,Male,HR,HR Manager,Bachelors,150932,3,Kolkata,8,No,5,3,1,5,63,3,6,14,4,3,3,No,Not Provided,06-05-2018,gbora@basak.info,8681318155,4
EMP02953,Pari Swaminathan,25,Male,Sales,Sales Executive,MBA,107401.1714,4,Pune,28,No,2,3,2,5,60,0,15,9,21,3,5,No,Not Provided,20-01-2022,arhaan27@gmail.com,9701175125,6
EMP02954,Armaan Desai,42,Male,Operations,Operations Executive,Bachelors,169154,14,Chennai,25,No,3,1,1,4,58,10,7,11,22,1,2,No,Not Provided,19-04-2018,urvi22@dubey.com,6706246636,10
EMP02955,Vritika Manda,24,Female,Sales,Sales Manager,Bachelors,166050,3,Mumbai,11,Yes,5,5,5,1,80,9,9,6,17,2,5,No,Not Provided,23-08-2020,shayak77@jain.com,3382966868,6
EMP02956,Abram Thakur,38,Other,Customer Support,Support Executive,Diploma,66832,13,Noida,14,Yes,4,3,4,1,76,1,8,5,6,3,4,No,Not Provided,07-03-2023,indrajitbumb@garg.com,1848836242,4
EMP02957,Riaan Kohli,28,Female,Operations,Supply Chain Analyst,Diploma,81097,7,Noida,9,Yes,4,5,3,4,33,10,7,15,16,1,3,No,Not Provided,02-11-2018,madhavjayaraman@bajaj-sankar.net,1217994355,6
EMP02958,Jayant Vohra,36,Other,Finance,Financial Analyst,Masters,110803,7,Chennai,20,Yes,1,5,3,2,33,5,6,15,1,4,3,Yes,"Poor Work Life Balance, Overtime, Manager Issues",16-12-2017,trishabalay@deshmukh.com,4607376702,14
EMP02959,Nitya Taneja,34,Male,Customer Support,Customer Success Manager,MBA,64174,12,Bangalore,2,No,2,1,3,1,50,3,1,15,1,1,1,No,Not Provided,16-01-2018,adah48@tiwari.com,3273413445,12
EMP02960,Rasha Ahuja,52,Male,Finance,Financial Analyst,MBA,132730,27,Pune,30,No,4,1,1,2,4,5,16,15,22,4,1,Yes,"Low Job Satisfaction, Manager Issues, High Stress",16-02-2017,xkhatri@yahoo.com,525388701,15
EMP02961,Darshit Bhandari,58,Male,Sales,Sales Manager,Diploma,42192,30,Kolkata,18,No,2,2,5,5,59,4,10,1,24,1,4,No,Not Provided,14-12-2022,tanejakhushi@dalal.com,5187481244,6
EMP02962,Abram Manne,46,Other,Sales,Business Development Associate,Masters,117751,17,Hyderabad,15,Yes,5,2,1,3,63,2,7,9,1,5,4,No,Not Provided,01-01-2019,alishacomar@rana-kapur.org,4430542349,10
EMP02963,Zeeshan Tella,30,Other,HR,Recruiter,Masters,113023,1,Chennai,25,No,2,5,1,1,53,9,21,3,7,3,1,No,Not Provided,18-06-2016,irasarin@hotmail.com,5943416612,10
EMP02964,Raunak Chakrabarti,37,Other,IT,BI Developer,Bachelors,38990,17,Mumbai,38,Yes,2,1,2,3,23,8,21,15,10,2,5,Yes,"Poor Work Life Balance, Overtime, Low Job Satisfaction",10-06-2020,aarna05@yahoo.com,1623128002,15
EMP02965,Arhaan Barad,55,Male,IT,Data Analyst,Masters,78093,32,Delhi,7,No,4,4,5,5,17,1,15,14,8,4,2,No,Not Provided,26-09-2021,shray68@gmail.com,6521714942,5
EMP02966,Vanya Sha,33,Other,IT,Software Engineer,Diploma,128880,10,Chennai,27,Yes,7,1,1,3,13,3,8,9,3,4,5,No,Not Provided,18-06-2020,saira04@vasa.com,1212388079,11
EMP02967,Tarini Shenoy,57,Other,HR,Recruiter,Bachelors,42239,29,Mumbai,25,No,4,4,2,1,16,4,2,10,8,4,5,No,Not Provided,11-01-2021,banikdhanush@hotmail.com,7982939527,12
EMP02968,Mannat Sood,23,Male,Finance,Financial Analyst,Diploma,92012,0,Hyderabad,6,No,4,4,4,5,73,6,4,13,14,4,1,No,Not Provided,26-06-2019,jivinanne@gmail.com,9306406227,9
EMP02969,Biju Ravi,36,Male,HR,HR Manager,MBA,136071,7,Chennai,27,No,2,3,3,4,16,3,10,13,23,3,2,No,Not Provided,04-07-2017,chaudhurihimmat@yahoo.com,7974852866,6
EMP02970,Adira Wable,34,Male,Sales,Sales Executive,Masters,74736,9,Bangalore,8,No,2,4,2,4,43,9,15,5,13,4,1,No,Not Provided,24-05-2022,devansh40@dhar.info,9370762519,10
EMP02971,Not Available,33,Other,Operations,Supply Chain Analyst,MBA,46743,12,Mumbai,38,No,5,5,5,5,73,8,13,6,0,5,5,No,Not Provided,30-12-2023,ryanjain@shetty-chanda.com,4888890430,6
EMP02972,Tarini Chakrabarti,32,Male,Customer Support,Customer Success Manager,Bachelors,162226,5,Chennai,35,Yes,3,2,1,1,44,10,9,10,2,5,1,Yes,"Overtime, Low Job Satisfaction, Manager Issues",02-07-2024,krishchauhan@sood-karan.org,1792168785,17
EMP02973,Tara Bora,52,Male,Marketing,Content Strategist,Bachelors,127709,32,Kolkata,6,No,1,5,3,4,57,2,15,1,15,2,2,No,Not Provided,31-12-2017,daradhanush@kumer.info,4602446688,3
EMP02974,Kaira Rajagopalan,51,Other,Finance,Finance Manager,Masters,86931,25,Kolkata,26,No,4,1,2,2,1,6,21,2,2,5,1,Yes,"Low Job Satisfaction, Manager Issues, High Stress",18-01-2018,indranil70@yahoo.com,1232085068,13
EMP02975,Adira Aggarwal,36,Female,Customer Support,Support Executive,Bachelors,34633,6,Bangalore,28,No,3,2,3,5,18,4,2,10,0,4,1,No,Not Provided,27-07-2020,miraya46@butala-shukla.biz,8852913788,11
EMP02976,Arhaan Dey,44,Other,Customer Support,Support Executive,Diploma,144679,21,Mumbai,20,Yes,1,2,1,5,73,5,25,2,21,2,4,No,Not Provided,03-06-2018,ratikakar@sharaf-mandal.biz,8909362020,12
EMP02977,Raunak Kashyap,59,Female,IT,BI Developer,Masters,136915,31,Delhi,32,Yes,5,3,1,3,9,0,13,6,3,4,5,No,Not Provided,10-11-2020,divijsridhar@gmail.com,9260328420,8
EMP02978,Neelofar Dugar,47,Other,IT,System Admin,Bachelors,50049,21,Bangalore,35,No,2,2,5,3,21,10,5,3,25,4,4,Yes,"Poor Work Life Balance, Low Job Satisfaction, High Stress",23-07-2022,siya17@hotmail.com,3825047529,14
EMP02979,Myra Cherian,35,Male,Sales,Business Development Associate,Masters,173688,10,Pune,9,No,4,3,4,5,56,6,19,13,3,5,2,No,Not Provided,09-04-2023,hgoda@vyas-kamdar.net,5295989968,7
EMP02980,Akarsh Tank,48,Other,Finance,Finance Manager,Bachelors,91016,20,Bangalore,5,Yes,4,5,4,4,38,8,6,4,24,4,1,No,Not Provided,13-05-2022,kavya28@contractor-joshi.org,4248671334,7
EMP02981,Kiaan Toor,57,Female,Marketing,SEO Specialist,Masters,111491,33,Delhi,21,Yes,2,2,1,4,13,3,9,12,14,2,3,No,Not Provided,07-12-2022,farhanuppal@gmail.com,6810638969,12
EMP02982,Zaina Mann,60,Male,Marketing,Marketing Manager,Masters,67039,39,Hyderabad,32,No,5,4,1,1,36,2,20,5,18,2,2,No,Not Provided,24-05-2022,umang56@hotmail.com,9056514666,5
EMP02983,Emir Ramanathan,35,Other,Marketing,Marketing Manager,Bachelors,108386,10,Bangalore,14,Yes,1,1,5,1,69,0,2,9,1,1,3,No,Not Provided,09-02-2022,chaudhrynavya@yahoo.com,2608389190,12
EMP02984,Sahil Bhardwaj,44,Male,Sales,Sales Executive,Bachelors,73656,22,Noida,10,Yes,4,4,1,3,35,0,12,4,18,2,1,No,Not Provided,10-01-2023,kmammen@din.com,8406156577,4
EMP02985,Shanaya Setty,21,Male,IT,Operations Executive,Diploma,83467,0,Kolkata,36,No,5,4,3,3,60,7,1,12,2,5,2,No,Not Provided,06-07-2018,zray@hotmail.com,8420450532,10
EMP02986,Alia Wali,36,Female,IT,Software Engineer,Masters,143703,6,Hyderabad,14,Yes,3,1,5,5,77,7,8,5,2,2,1,No,Not Provided,13-08-2020,cheriansamar@banerjee-gupta.net,703732206,7
EMP02987,Renee Swaminathan,54,Male,Sales,Sales Manager,Diploma,51431,32,Bangalore,35,Yes,1,5,5,5,76,0,3,4,11,2,5,No,Not Provided,13-03-2024,ctara@yahoo.com,354788229,8
EMP02988,Arnav Sarkar,54,Female,IT,Data Analyst,Diploma,139607,24,Mumbai,32,Yes,3,3,1,5,5,0,8,15,5,1,4,No,Not Provided,22-03-2017,qlalla@hotmail.com,977663352,7
EMP02989,Dhanush Sani,47,Other,HR,HR Manager,MBA,118193,25,Mumbai,8,No,1,4,2,4,49,2,19,14,14,3,3,No,Not Provided,23-12-2021,evabahl@jaggi-dayal.com,6043452457,7
EMP02990,Kiara Dhar,53,Female,HR,HR Executive,Diploma,97603.7265,32,Delhi,12,No,2,2,5,3,53,9,1,11,18,1,1,No,Not Provided,27-12-2022,vbakshi@yahoo.com,6859296609,12
EMP02991,Priyansh Keer,41,Male,Customer Support,Support Executive,MBA,136105,11,Bangalore,31,Yes,4,2,2,1,74,8,16,8,14,3,4,No,Not Provided,14-03-2023,aarush34@buch.org,7815787517,12
EMP02992,Rohan Samra,33,Male,Customer Support,Support Executive,Diploma,70210,3,Noida,31,No,2,3,2,1,73,1,7,10,5,2,5,No,Not Provided,16-01-2018,shamikbhatia@yahoo.com,8705949340,10
EMP02993,Yuvraj  Jayaraman,40,Male,Operations,Supply Chain Analyst,Bachelors,115950,14,Hyderabad,3,Yes,1,1,1,4,31,3,2,1,0,1,1,No,Not Provided,30-05-2024,veersetty@yahoo.com,6913097778,12
EMP02994,Darshit Bal,47,Other,Finance,Accountant,MBA,116028,18,Pune,34,No,1,1,5,2,8,5,18,4,6,3,3,No,Not Provided,28-01-2018,ranbir18@gmail.com,1396376597,11
EMP02995,Nirvi Chander,22,Male,Operations,Supply Chain Analyst,Masters,117339,0,Kolkata,16,No,3,2,4,2,44,8,17,3,5,4,2,No,Not Provided,13-05-2026,hbutala@madan.com,358614673,10
EMP02996,Nitya Grover,45,Female,IT,Software Engineer,Masters,154668,15,Chennai,19,Yes,1,1,1,2,28,0,7,4,17,5,5,Yes,"Poor Work Life Balance, Overtime, Low Job Satisfaction",12-05-2021,kaira67@hotmail.com,3240670087,15
EMP02997,Mamooty Soni,42,Male,Customer Support,Support Executive,Bachelors,121656,22,Delhi,14,Yes,1,3,2,1,18,7,23,14,4,2,3,Yes,"Poor Work Life Balance, Overtime, Manager Issues",05-02-2020,aarnarege@shenoy.com,7984898612,13
EMP02998,Hunar Varty,41,Female,IT,BI Developer,Masters,152820,15,Delhi,2,No,5,3,5,1,12,6,0,12,25,1,4,No,Not Provided,30-09-2020,qkant@gmail.com,4374618899,8
EMP02999,Divit Chahal,56,Male,HR,HR Manager,Diploma,176172,31,Pune,16,Yes,4,3,2,4,4,0,19,2,7,5,3,No,Not Provided,24-01-2021,batrakrish@dani.net,5301849846,7
EMP03000,Vidur Dayal,43,Female,IT,Software Engineer,Masters,42744,15,Kolkata,12,No,5,5,3,3,39,4,13,7,2,4,3,No,Not Provided,08-08-2021,yuvraj-aggarwal@kale-gara.com,9642560378,3
EMP03001,Onkar Golla,53,Other,IT,Software Engineer,Masters,170530,29,Noida,15,No,2,1,1,2,63,10,0,6,23,2,5,Yes,"Poor Work Life Balance, Low Job Satisfaction, Manager Issues",01-10-2019,mehulbuch@yahoo.com,7797837933,14
EMP03002,Saksham Goel,34,Other,HR,HR Manager,Masters,39000,6,Kolkata,15,No,4,1,2,5,65,6,3,15,5,3,1,No,Not Provided,27-08-2017,Not Generated,2044073640,11
EMP03003,Hiran Chatterjee,21,Female,Marketing,SEO Specialist,Bachelors,65791,0,Noida,13,No,1,4,4,3,80,9,21,1,19,5,3,No,Not Provided,02-11-2021,advikbhasin@gmail.com,6977853382,8
EMP03004,Anika De,39,Male,Marketing,SEO Specialist,MBA,74546,13,Kolkata,2,Yes,2,1,2,1,20,0,10,5,1,3,1,No,Not Provided,22-12-2025,Not Generated,1093340223,12
EMP03005,Devansh Sem,57,Other,Finance,Financial Analyst,Masters,111300,33,Mumbai,29,Yes,2,3.039382866,1,3,58,10,16,5,22,1,2,No,Not Provided,29-03-2026,kairadutt@hotmail.com,1343124325,10
EMP03006,Sana Sachdev,38,Other,Customer Support,Customer Success Manager,Bachelors,166203,13,Hyderabad,36,No,5,4,4,5,4,8,6,11,25,4,5,No,Not Provided,06-02-2023,warriorarnav@mammen.biz,7902770061,8
EMP03007,Misha Vora,59,Female,Sales,Sales Manager,MBA,44341,34,Bangalore,37,No,5,1,3,5,21,0,20,9,18,3,4,No,Not Provided,18-02-2020,alia83@gmail.com,343000539,4
EMP03008,Aarna Kumer,58,Male,Customer Support,Support Executive,MBA,104634.8542,32,Pune,2,Yes,5,3.039382866,5,4,7,9,18,10,1,2,1,No,Not Provided,08-05-2024,daliavihaan@ratta-raja.com,6455225397,6
EMP03009,Tarini Devi,37,Female,Sales,Sales Manager,Bachelors,151225,11,Mumbai,26,No,1,4,3,1,6,4,2,8,9,2,4,No,Not Provided,02-12-2021,biju59@gmail.com,4027492389,8
EMP03010,Sahil Sem,23,Other,Sales,Sales Manager,Masters,131324,0,Hyderabad,37,No,2,2,2,5,42,4,20,15,8,3,2,No,Not Provided,14-03-2025,dishanisankaran@bhardwaj-bansal.com,7686875353,11
EMP03011,Himmat Khare,55,Other,Customer Support,Customer Success Manager,Masters,169365,25,Pune,32,No,1,3,2,2,15,5,21,1,20,1,3,No,Not Provided,09-05-2022,raunak93@gmail.com,3201550244,10
EMP03012,Fateh Kant,30,Other,Marketing,Content Strategist,Masters,99820.92,0,Kolkata,5,Yes,4,4,4,2,53,5,0,9,11,5,4,No,Not Provided,20-08-2016,pkashyap@boase.org,8859383245,11
EMP03013,Not Available,34,Other,Operations,Operations Executive,Diploma,31184,11,Kolkata,40,Yes,1,4,5,4,63,2,22,3,23,3,4,No,Not Provided,10-07-2021,reneecheema@divan-baral.org,4459735999,6
EMP03014,Jayan Dash,24,Male,Operations,Operations Executive,MBA,154401,0,Kolkata,27,No,1,4,4,1,79,4,17,10,6,5,5,No,Not Provided,21-10-2023,duaayesha@ganesh-iyengar.com,9409824596,11
EMP03015,Piya Andra,22,Other,Sales,Sales Manager,Masters,132140,0,Noida,19,Yes,3,2,5,4,50,9,17,1,22,5,3,No,Not Provided,13-11-2019,aarav09@gmail.com,7468828705,10
EMP03016,Amani Brahmbhatt,56,Female,HR,Recruiter,MBA,72438,34,Mumbai,15,No,1,3,2,2,9,3,24,6,14,4,5,No,Not Provided,08-01-2025,gsachdeva@chowdhury.com,537619918,10
EMP03017,Jayesh Bassi,36,Female,HR,HR Executive,Masters,135825,12,Kolkata,38,No,1,4,3,1,16,3,11,4,1,1,1,No,Not Provided,29-11-2021,ganesanchirag@hotmail.com,3116248935,6
EMP03018,Mannat Joshi,35,Male,Operations,Operations Executive,Bachelors,117897,15,Noida,22,Yes,2,2,3,4,50,6,19,7,25,1,4,No,Not Provided,30-11-2025,xsathe@bhatnagar.com,6086029236,10
EMP03019,Lakshit Yadav,52,Male,Marketing,Content Strategist,Masters,42576,25,Hyderabad,36,Yes,1,5,4,3,19,1,6,8,15,1,1,No,Not Provided,16-10-2021,fatehbail@hotmail.com,8810992349,6
EMP03020,Yakshit Chopra,27,Female,Marketing,SEO Specialist,Masters,57707,7,Chennai,3,No,1,1,2,4,22,9,14,4,0,2,3,No,Not Provided,25-01-2020,rhea12@sarraf.com,5299558901,10
EMP03021,Jivika Krish,59,Female,Marketing,SEO Specialist,Bachelors,103956,35,Delhi,4,Yes,3,2,5,1,64,1,22,6,7,4,5,No,Not Provided,09-03-2026,tanya51@sahni.com,332672371,10
EMP03022,Nakul Chada,57,Male,Marketing,SEO Specialist,Masters,171322,34,Kolkata,40,Yes,2,4,5,4,10,10,1,5,22,1,1,No,Not Provided,24-03-2018,indransthakkar@gmail.com,816391653,10
EMP03023,Veer Agate,36,Other,Operations,Operations Executive,Bachelors,155185,6,Delhi,14,No,4,1,3,3,59,3,19,2,5,5,2,No,Not Provided,18-01-2017,mahika79@hotmail.com,2761508178,6
EMP03024,Oorja Ahuja,44,Male,Finance,Accountant,Masters,114658,17,Delhi,24,Yes,5,3.039382866,5,1,50,9,9,9,3,4,5,No,Not Provided,16-12-2020,damini49@yahoo.com,3765466681,9
EMP03025,Seher Gole,50,Female,Sales,Business Development Associate,MBA,87466,20,Bangalore,26,No,1,1,1,1,41,7,4,2,20,4,1,Yes,"Poor Work Life Balance, Low Job Satisfaction, Manager Issues",07-04-2026,parinaazdoshi@yahoo.com,8731175157,18
EMP03026,Manjari Mallick,44,Male,Finance,Financial Analyst,Bachelors,88140,15,Delhi,18,No,4,4,4,4,24,0,8,6,9,5,4,No,Not Provided,21-12-2019,jbadal@ranganathan-buch.org,7540920127,3
EMP03027,Anika Dixit,21,Other,Marketing,Marketing Manager,Masters,89691,0,Pune,11,Yes,2,3,2,1,2,7,21,13,1,2,2,Yes,"Poor Work Life Balance, Overtime, Manager Issues",03-02-2020,Not Generated,6922084376,13
EMP03028,Nirvi Tandon,32,Other,Operations,Operations Executive,MBA,129163,7,Kolkata,33,No,3,1,3,1,76,5,24,6,1,3,4,No,Not Provided,19-10-2022,nrattan@hotmail.com,2101770935,8
EMP03029,Sara Thaman,42,Other,Sales,Sales Executive,Bachelors,137636,18,Pune,12,Yes,5,1,1,5,74,6,1,2,11,4,4,Yes,"Overtime, Low Job Satisfaction, High Stress",14-03-2021,usami@doshi.com,8227523244,14
EMP03030,Pranay Mall,46,Other,Finance,Finance Manager,Bachelors,98054,17,Bangalore,11,Yes,2,4,1,1,18,5,20,9,3,1,5,No,Not Provided,23-04-2023,dintarini@sura-chana.com,2384827506,11
EMP03031,Anahi Batta,46,Other,HR,Recruiter,MBA,106821,25,Chennai,8,Yes,4,5,5,3,0,4,22,6,23,3,1,No,Not Provided,27-03-2022,bthaker@dada.com,6226979868,2
EMP03032,Abram Saran,40,Other,IT,Data Analyst,Masters,130275,17,Hyderabad,25,No,2,1,1,3,24,5,7,7,13,3,1,No,Not Provided,12-05-2018,khushi36@yahoo.com,9228764984,11
EMP03033,Ranbir Viswanathan,28,Other,Marketing,SEO Specialist,Diploma,38394,7,Noida,14,No,3,4,5,3,17,0,2,4,14,1,2,No,Not Provided,03-10-2025,savantzaina@gmail.com,5401430350,2
EMP03034,Nishith Dayal,21,Female,Marketing,Content Strategist,Bachelors,136001,0,Pune,16,No,3,1,3,4,30,1,21,10,6,2,4,No,Not Provided,13-02-2021,darayuvaan@dar.info,3240681552,5
EMP03035,Jayesh Khanna,54,Other,Marketing,Content Strategist,Bachelors,109475,33,Hyderabad,25,Yes,2,2,1,1,77,0,13,4,12,4,3,Yes,"Poor Work Life Balance, Overtime, Low Job Satisfaction",25-01-2025,romil80@sood.com,9568961851,16
EMP03036,Alia Dewan,35,Female,Operations,Supply Chain Analyst,MBA,141340,14,Chennai,19,Yes,5,1,5,1,42,0,16,1,10,5,2,No,Not Provided,01-10-2020,sonianika@din-kashyap.com,7290443629,10
EMP03037,Yasmin Sachdeva,46,Female,IT,Software Engineer,MBA,43922,18,Delhi,4,No,2,1,4,3,80,2,24,11,17,2,5,No,Not Provided,13-10-2025,misha78@yahoo.com,9614007568,8
EMP03038,Taimur Gaba,31,Female,Marketing,Marketing Manager,Diploma,86597,6,Kolkata,20,No,3,4,4,3,31,9,7,6,20,2,2,No,Not Provided,14-04-2023,hsankar@vig.com,5182256149,2
EMP03039,Navya Master,28,Male,IT,BI Developer,MBA,41752,0,Delhi,28,Yes,1,5,5,4,29,10,7,9,0,5,5,No,Not Provided,08-07-2020,ishaan87@bhasin.com,1298160661,11
EMP03040,Nehmat Sekhon,38,Other,Finance,Accountant,Masters,83038,16,Kolkata,3,Yes,2,3,2,3,12,4,7,4,17,2,1,No,Not Provided,17-12-2021,solankishalv@bala-sampath.net,1186298468,7
EMP03041,Abram Madan,32,Female,Marketing,SEO Specialist,Diploma,54184,5,Hyderabad,11,Yes,3,1,1,2,3,7,14,9,12,5,4,Yes,"Overtime, Low Job Satisfaction, Manager Issues",22-03-2026,tagrawal@hotmail.com,8121571385,14
EMP03042,Tejas Mall,36,Female,Marketing,Marketing Manager,Masters,83372,14,Pune,31,No,3,4,3,1,12,1,18,6,8,4,3,No,Not Provided,30-10-2018,ojaskrishnamurthy@hotmail.com,7023759179,6
EMP03043,Shanaya Kade,31,Male,Operations,Supply Chain Analyst,Bachelors,163791,10,Bangalore,36,Yes,1,4,4,5,64,7,22,7,22,2,4,No,Not Provided,22-04-2025,kchakrabarti@hotmail.com,6063423093,8
EMP03044,Anahi Choudhry,49,Other,IT,Software Engineer,Bachelors,26922,25,Delhi,37,No,2,2,3,2,1,5,19,5,4,3,5,No,Not Provided,28-05-2016,samramisha@hotmail.com,7397223518,11
EMP03045,Ritvik Goel,51,Female,IT,System Admin,MBA,150491,29,Chennai,14,Yes,4,2,4,1,76,7,14,4,11,5,5,No,Not Provided,08-10-2020,kaularhaan@dani-karnik.net,8660664570,12
EMP03046,Samaira Ravel,21,Other,Sales,Sales Executive,Diploma,76269,0,Pune,32,No,2,5,2,2,74,1,23,9,22,2,2,No,Not Provided,25-03-2018,imanne@gmail.com,8019883672,8
EMP03047,Jayant Iyer,32,Male,Customer Support,Customer Success Manager,MBA,75673,6,Noida,8,Yes,1,1,5,3,14,2,10,11,13,5,1,Yes,"Poor Work Life Balance, Overtime, Low Job Satisfaction",13-12-2024,vritika04@guha.com,4168979348,13
EMP03048,Krish Dhingra,46,Female,Sales,Sales Manager,Bachelors,105820,19,Hyderabad,22,Yes,4,5,1,4,29,3,12,13,13,2,4,No,Not Provided,07-01-2023,vivaan64@gmail.com,1008948630,6
EMP03049,Ivana Kumar,42,Female,Sales,Business Development Associate,Diploma,139962,14,Kolkata,37,Yes,3,3,5,4,49,1,6,8,2,1,1,No,Not Provided,22-09-2018,ishitavarty@saini-tara.org,1351617245,3
EMP03050,Khushi Ram,55,Other,Marketing,Marketing Manager,Diploma,97959.63636,31,Pune,1,No,3,4,3,4,70,0,13,10,1,5,1,No,Not Provided,29-06-2025,samargaba@aurora.com,1511306779,5
EMP03051,Romil Sura,26,Male,Sales,Business Development Associate,Masters,103760.1093,0,Noida,9,Yes,3,4,4,1,16,10,21,10,20,1,2,No,Not Provided,10-07-2023,mannanraunak@ahluwalia-behl.com,3675173288,8
EMP03052,Jivin Keer,32,Male,Marketing,Marketing Manager,MBA,28156,12,Pune,13,Yes,5,4,4,4,57,9,15,14,12,2,2,No,Not Provided,02-03-2019,taran60@warrior.com,4456931280,6
EMP03053,Heer Desai,22,Male,Marketing,Marketing Manager,MBA,27969,2,Delhi,10,No,3,3,2,2,39,3,21,7,19,5,1,No,Not Provided,01-12-2020,himmat99@hotmail.com,5045043327,7
EMP03054,Keya Venkataraman,22,Other,Sales,Sales Executive,MBA,81303,0,Pune,28,No,2,4,4,5,10,8,3,15,10,2,5,No,Not Provided,20-08-2024,ramakabir@kari.com,9099106937,10
EMP03055,Arhaan Gour,33,Other,Marketing,Marketing Manager,Masters,84839,12,Hyderabad,34,Yes,4,5,1,5,72,1,21,6,3,1,1,No,Not Provided,10-03-2019,asachar@yogi.com,210240632,5
EMP03056,Taran Bhandari,55,Female,Marketing,Marketing Manager,Masters,81871,33,Delhi,8,No,2,1,2,2,54,8,5,7,22,2,4,Yes,"Poor Work Life Balance, Low Job Satisfaction, Manager Issues",18-04-2023,aarush73@yahoo.com,8846101719,14
EMP03057,Jivin Gopal,55,Male,IT,BI Developer,MBA,40605,31,Noida,33,Yes,3,3,1,1,61,1,12,10,11,2,1,No,Not Provided,23-06-2017,vritikadeol@yahoo.com,5954221580,9
EMP03058,Adah Ramesh,54,Male,Finance,Financial Analyst,Masters,150688,30,Delhi,40,Yes,7,3,2,2,67,8,21,5,16,1,5,No,Not Provided,08-11-2025,tiya95@madan.org,8610404025,9
EMP03059,Tejas Ben,31,Female,Finance,Finance Manager,Diploma,105887,11,Pune,34,No,4,4,2,3,37,10,24,7,6,5,1,No,Not Provided,10-08-2017,bhavin32@de.com,8572123897,8
EMP03060,Dhruv Bandi,25,Female,Marketing,Marketing Manager,MBA,87700,0,Bangalore,25,Yes,3,3,2,2,71,4,24,12,23,5,2,No,Not Provided,20-07-2020,amanidoshi@date-magar.biz,9517437025,12
EMP03061,Ranbir Mani,57,Male,HR,Recruiter,Masters,39947,27,Mumbai,33,No,3,1,4,3,55,0,17,8,6,2,1,No,Not Provided,05-06-2024,nakulmangat@yahoo.com,6340699989,4
EMP03062,Damini Deshmukh,41,Male,Operations,Operations Executive,Masters,144258,19,Pune,35,Yes,4,3,5,2,32,6,0,1,15,2,2,No,Not Provided,13-12-2018,bhavindeo@hotmail.com,7354071285,9
EMP03063,Anahita Sant,38,Female,Operations,Supply Chain Analyst,Masters,93575,14,Chennai,21,Yes,2,2,1,4,27,5,13,7,3,1,5,No,Not Provided,11-11-2025,csandhu@gmail.com,3026014907,12
EMP03064,Elakshi Batra,21,Male,HR,HR Manager,Masters,114404,1,Hyderabad,25,No,1,4,5,5,61,5,3,12,12,3,1,No,Not Provided,06-03-2026,tthaker@vohra-tak.com,7409780504,10
EMP03065,Anay Varughese,42,Other,Operations,Supply Chain Analyst,Masters,146186,14,Delhi,36,No,4,3,5,2,47,1,23,4,25,4,3,No,Not Provided,02-08-2021,samiha23@yahoo.com,4912054887,6
EMP03066,Saanvi Barad,54,Male,Finance,Accountant,Masters,80192,32,Bangalore,40,No,5,1,4,4,3,2,23,1,23,4,4,No,Not Provided,08-03-2020,rheachauhan@hotmail.com,8398955508,7
EMP03067,Inaaya  Banerjee,33,Male,IT,System Admin,Bachelors,49363,7,Mumbai,33,Yes,1,4,2,3,79,2,10,14,15,3,3,No,Not Provided,13-02-2026,bhaminimammen@dara.com,7814033100,10
EMP03068,Aradhya Kaur,21,Male,IT,BI Developer,Masters,109825,0,Chennai,39,No,3,1,1,3,46,10,6,5,12,2,2,No,Not Provided,23-01-2018,rheasarma@chanda.net,4984659378,8
EMP03069,Madhup Lad,31,Female,Customer Support,Support Executive,MBA,129559,5,Kolkata,29,Yes,1,2,3,2,68,7,1,6,12,5,2,Yes,"Poor Work Life Balance, Overtime, Low Job Satisfaction",22-05-2020,bahlsahil@gmail.com,6815081536,18
EMP03070,Aradhya Borah,33,Other,HR,HR Manager,Bachelors,51656,5,Chennai,8,No,4,2,3,5,80,9,14,4,18,3,1,No,Not Provided,05-12-2022,zraval@amble.com,5137936742,5
EMP03071,Samaira Basu,37,Female,Marketing,Marketing Manager,Bachelors,60525,7,Noida,30,Yes,3,4,2,4,66,9,5,3,15,5,2,No,Not Provided,09-11-2023,beraaaryahi@barman-bail.com,7169840028,12
EMP03072,Mishti Doctor,34,Male,Sales,Sales Executive,MBA,116406,14,Chennai,35,No,4,3,3,5,7,3,3,5,15,1,4,No,Not Provided,22-11-2019,vardaniya00@gmail.com,2622628874,3
EMP03073,Shray Raju,40,Other,IT,BI Developer,Masters,116219,14,Delhi,38,No,4,2,4,2,17,7,4,1,22,4,4,Yes,"Low Job Satisfaction, Manager Issues, High Stress",23-09-2016,dharmajandhawan@yahoo.com,2178589687,13
EMP03074,Kiara Kuruvilla,41,Male,HR,Recruiter,Masters,125361,20,Chennai,34,Yes,5,5,3,2,21,4,20,3,25,4,5,No,Not Provided,05-04-2026,pchhabra@trivedi.com,3228742397,8
EMP03075,Anaya Bobal,52,Other,HR,HR Manager,MBA,148036,22,Pune,26,No,2,3,5,3,6,7,23,3,3,1,2,No,Not Provided,23-04-2025,azad45@buch.com,4238987870,6
EMP03076,Amani Sachdev,36,Male,Finance,Financial Analyst,MBA,134713,14,Bangalore,38,Yes,2,4,2,3,29,1,11,5,25,2,3,No,Not Provided,28-05-2024,onkarrajan@hotmail.com,629466516,8
EMP03077,Shaan Rattan,44,Female,Operations,Supply Chain Analyst,Masters,99865,23,Pune,40,No,3,2,5,2,25,3,15,10,21,1,5,No,Not Provided,03-10-2025,shaan36@varty.info,8534746692,8
EMP03078,Aaina Halder,28,Other,Customer Support,Customer Success Manager,Bachelors,156373,8,Bangalore,36,No,3,2,1,2,12,7,22,2,6,3,2,No,Not Provided,28-12-2021,neelofarbajwa@savant-sekhon.com,5595201532,10
EMP03079,Tara Sangha,27,Male,Sales,Sales Manager,Diploma,43203,3,Pune,5,No,1,4,3,4,0,2,22,8,16,3,1,No,Not Provided,22-01-2018,sarasaraf@hotmail.com,5068040500,3
EMP03080,Kimaya Sarkar,44,Male,IT,Data Analyst,Masters,81063,16,Bangalore,34,No,1,1,2,2,75,3,5,15,15,2,2,Yes,"Poor Work Life Balance, Low Job Satisfaction, Manager Issues",16-03-2018,lvirk@sridhar.biz,6857061457,15
EMP03081,Lavanya Rama,33,Other,Finance,Financial Analyst,MBA,86115,13,Mumbai,17,No,1,5,5,1,52,7,17,4,19,1,2,No,Not Provided,27-06-2021,arnavvarma@hotmail.com,4196629268,7
EMP03082,Shray Karan,41,Other,Sales,Sales Executive,Diploma,152127,12,Pune,7,Yes,5,3,5,4,49,3,9,2,6,4,4,No,Not Provided,01-06-2018,wablenehmat@yahoo.com,7952076939,5
EMP03083,Vaibhav Bhatnagar,31,Male,Finance,Financial Analyst,MBA,120155,11,Pune,24,Yes,1,4,5,5,65,7,1,4,22,4,5,No,Not Provided,08-05-2018,borahadah@gmail.com,2243869380,12
EMP03084,Yashvi Deep,52,Other,Finance,Finance Manager,Bachelors,131493,30,Kolkata,40,Yes,2,5,4,4,43,8,12,11,8,1,3,No,Not Provided,04-09-2020,rastogisamaira@hotmail.com,5075801534,10
EMP03085,Yuvaan Ram,39,Female,Finance,Accountant,Diploma,161960,9,Noida,16,Yes,5,2,5,5,44,5,25,14,12,1,3,No,Not Provided,19-01-2019,rjani@reddy.com,8676198631,9
EMP03086,Dharmajan Suri,34,Female,HR,HR Manager,Masters,55436,14,Kolkata,9,No,2,3,4,1,8,7,1,4,4,1,1,No,Not Provided,19-05-2018,raunaksrinivasan@krishnamurthy.com,2849357744,9
EMP03087,Dharmajan Agrawal,55,Male,HR,HR Manager,Masters,55638,32,Kolkata,7,No,4,3,5,3,27,3,1,13,2,3,1,No,Not Provided,23-07-2016,manjaridora@chowdhury.org,4953070015,4
EMP03088,Elakshi Ganguly,36,Male,IT,Operations Executive,Diploma,88974,10,Chennai,31,No,4,3,5,1,37,3,12,12,11,3,4,No,Not Provided,29-07-2020,tborah@yahoo.com,5705776029,5
EMP03089,Prisha Mahajan,48,Male,Operations,Operations Executive,MBA,128055,22,Kolkata,26,Yes,2,5,4,2,23,7,23,5,13,4,5,Yes,"Poor Work Life Balance, Overtime, Manager Issues",29-07-2020,renee27@hotmail.com,1216161301,13
EMP03090,Jiya Ratta,54,Other,HR,HR Manager,Diploma,129198,30,Bangalore,1,Yes,3,5,4,2,37,7,0,14,13,3,2,No,Not Provided,16-08-2022,priyanshchanda@hotmail.com,2395780040,10
EMP03091,Diya Mahajan,52,Other,HR,HR Executive,Diploma,44855,30,Delhi,24,No,5,2,5,2,25,8,2,3,21,2,1,No,Not Provided,25-05-2023,zoyaranganathan@chand-tandon.com,1411320547,9
EMP03092,Gatik Saha,35,Other,Finance,Accountant,Diploma,34129,8,Noida,18,No,1,1,5,3,67,6,7,3,23,5,2,No,Not Provided,28-05-2019,balakrishnanmamooty@gmail.com,7681445013,11
EMP03093,Tara Ramakrishnan,55,Female,Marketing,SEO Specialist,Bachelors,76408,34,Mumbai,40,No,4,3,5,4,66,2,4,13,12,5,3,No,Not Provided,19-02-2024,ktank@ramachandran.info,3763738577,8
EMP03094,Keya Soman,32,Male,Customer Support,Customer Success Manager,Bachelors,104963,11,Pune,25,No,4,2,2,5,80,7,1,9,7,2,3,No,Not Provided,31-10-2020,paridivan@ramaswamy.com,9741393561,10
EMP03095,Taran Butala,52,Female,Sales,Sales Manager,Bachelors,145554,26,Bangalore,32,No,1,1,2,2,79,5,8,14,24,1,5,Yes,"Poor Work Life Balance, Low Job Satisfaction, Manager Issues",20-11-2016,walisamaira@hotmail.com,6716253586,15
EMP03096,Kanav Sheth,52,Other,IT,System Admin,Diploma,115312,26,Kolkata,28,No,3,2,3,4,45,0,10,8,4,1,5,No,Not Provided,24-10-2021,lalavardaniya@hotmail.com,3296512394,4
EMP03097,Tejas Salvi,50,Male,Sales,Sales Manager,Masters,27590,23,Chennai,28,Yes,5,1,1,1,36,5,24,7,25,2,2,No,Not Provided,08-12-2019,hansh59@yahoo.com,5534385517,12
EMP03098,Dhanuk Mani,34,Other,Sales,Business Development Associate,Bachelors,171048,11,Kolkata,17,Yes,1,1,2,1,53,10,13,4,22,1,4,Yes,"Poor Work Life Balance, Overtime, Low Job Satisfaction",29-11-2024,rastogizeeshan@guha-koshy.com,6253023323,14
EMP03099,Samarth Halder,36,Other,IT,Software Engineer,Masters,159352,15,Hyderabad,15,No,3,2,2,5,61,8,19,3,4,2,4,No,Not Provided,18-12-2020,bakshineelofar@savant-khanna.com,7717926454,7
EMP03100,Yakshit Luthra,48,Male,Operations,Operations Executive,MBA,62756,25,Noida,20,Yes,3,5,3,5,60,9,21,12,24,4,1,No,Not Provided,05-03-2025,zainaramakrishnan@bhatia.com,3158580768,9
EMP03101,Yasmin Sunder,31,Male,IT,System Admin,Diploma,43110,5,Chennai,39,No,2,2,3,5,57,2,14,6,14,4,3,No,Not Provided,24-07-2016,adahsule@yahoo.com,674326222,10
EMP03102,Zaina Dar,51,Male,Finance,Finance Manager,MBA,71118,23,Kolkata,34,No,3,1,4,2,61,6,17,14,1,2,1,No,Not Provided,10-04-2018,ramantara@yahoo.com,8428118918,10
EMP03103,Yuvaan Konda,49,Male,Finance,Finance Manager,MBA,90893,27,Noida,39,No,1,3,3,2,42,5,0,14,22,1,1,No,Not Provided,17-03-2023,macharya@hotmail.com,5317656544,12
EMP03104,Rhea Ghosh,36,Female,Marketing,Content Strategist,Diploma,60139,13,Pune,27,Yes,1,5,2,2,24,0,8,4,18,4,4,Yes,"Poor Work Life Balance, Overtime, Manager Issues",05-09-2019,mamootykant@yahoo.com,7794335963,13
EMP03105,Mamooty Verma,43,Other,HR,HR Executive,Masters,30977,17,Kolkata,13,No,1,1,3,5,63,4,15,3,21,5,4,No,Not Provided,13-12-2023,sachdevaarav@kari-chaudry.biz,9727802887,9
EMP03106,Manjari Lata,33,Male,IT,System Admin,MBA,101885.6228,13,Mumbai,27,Yes,4,3,2,5,22,10,7,2,5,2,3,No,Not Provided,18-01-2023,miraan30@gmail.com,3221744265,7
EMP03107,Suhana Gour,51,Male,HR,HR Executive,Masters,27418,28,Pune,31,No,1,5,1,4,17,9,19,8,1,2,2,No,Not Provided,22-01-2020,navya56@vig.com,3462253599,8
EMP03108,Saksham Sarkar,28,Female,Finance,Accountant,Masters,91599,4,Pune,38,No,4,5,5,2,6,3,18,10,13,3,3,No,Not Provided,15-08-2019,vanya82@gmail.com,8857973505,5
EMP03109,Divit Ramanathan,51,Other,Operations,Operations Executive,Diploma,27173,25,Mumbai,31,No,3,3,1,2,78,8,22,4,25,4,4,No,Not Provided,03-02-2024,esethi@chaudhuri-madan.com,4415403548,10
EMP03110,Ritvik Chandran,23,Male,Finance,Accountant,MBA,87663,0,Pune,10,No,1,2,4,2,33,7,3,9,12,2,2,No,Not Provided,04-05-2018,gokul51@hotmail.com,8070169995,12
EMP03111,Urvi Bath,47,Other,Operations,Operations Executive,Masters,87759,24,Chennai,30,Yes,1,1,3,4,16,3,9,5,2,1,3,No,Not Provided,17-01-2019,kabirbose@babu-bains.net,8458065536,9
EMP03112,Samarth Ramakrishnan,57,Female,IT,Software Engineer,Bachelors,119606,37,Chennai,35,Yes,4,1,5,2,35,0,8,9,4,5,4,No,Not Provided,07-07-2021,shayashvi@yahoo.com,1954667399,11
EMP03113,Hrishita Ram,27,Male,Marketing,Marketing Manager,Bachelors,91431,0,Bangalore,16,No,4,2,1,3,66,0,5,10,14,2,3,No,Not Provided,29-11-2022,xyogi@acharya.com,2778290690,9
EMP03114,Tarini Wable,24,Female,Sales,Sales Executive,Diploma,133259,4,Bangalore,31,Yes,4,5,5,3,8,8,4,7,12,3,2,No,Not Provided,07-09-2022,neelofar23@kohli-chowdhury.biz,9866173443,7
EMP03115,Nayantara Loyal,37,Female,Customer Support,Customer Success Manager,MBA,82299,16,Pune,2,No,1,3,3,4,50,1,4,12,16,3,2,No,Not Provided,28-11-2018,zzachariah@hora.net,7144620338,7
EMP03116,Yashvi Gour,27,Other,Operations,Supply Chain Analyst,Masters,37573,0,Delhi,9,No,1,1,2,1,22,6,11,1,0,5,1,Yes,"Poor Work Life Balance, Low Job Satisfaction, Manager Issues",12-12-2024,taranbava@gulati.com,6246275713,15
EMP03117,Dhanuk Khare,38,Female,Finance,Accountant,Bachelors,124976,16,Chennai,14,Yes,3,1,2,2,66,4,12,4,22,2,3,No,Not Provided,17-05-2022,wadhwaivana@gmail.com,5578909752,9
EMP03118,Yashvi Vohra,44,Male,IT,BI Developer,Masters,109650,22,Kolkata,28,Yes,2,4,2,4,2,8,14,11,17,4,2,Yes,"Poor Work Life Balance, Overtime, High Stress",03-03-2019,indransramaswamy@gmail.com,1681251463,15
EMP03119,Parinaaz Sangha,58,Female,IT,BI Developer,Bachelors,142910,31,Chennai,22,Yes,2,5,2,5,22,8,10,15,5,2,2,No,Not Provided,02-12-2016,miraan22@choudhury.com,285049647,11
EMP03120,Aayush Jani,22,Male,Operations,Supply Chain Analyst,MBA,44587,0,Delhi,18,Yes,4,1,3,1,50,9,7,8,16,2,5,No,Not Provided,30-09-2017,armaanluthra@dixit.org,9457385779,9
EMP03121,Not Available,55,Male,Finance,Finance Manager,Diploma,165156,34,Noida,3,No,3,3,1,5,23,2,16,14,22,4,4,No,Not Provided,23-08-2024,pmall@bandi.com,6899002576,7
EMP03122,Jivika Sathe,38,Other,HR,Recruiter,MBA,86451,9,Bangalore,20,Yes,1,4,3,1,21,2,19,15,0,5,5,No,Not Provided,05-12-2019,rohan30@yahoo.com,2513519350,12
EMP03123,Sumer Soman,60,Female,Marketing,Marketing Manager,MBA,122441,33,Mumbai,30,No,3,4,3,4,51,9,5,7,8,4,3,No,Not Provided,11-04-2023,jivinborra@hotmail.com,2422462454,8
EMP03124,Rati Sandhu,53,Female,Sales,Sales Manager,Bachelors,130226,29,Chennai,27,No,1,1,4,3,35,0,10,12,17,2,4,No,Not Provided,01-06-2017,ela23@divan.com,5290425344,9
EMP03125,Zaina Balay,22,Other,HR,Recruiter,Diploma,78516,0,Kolkata,13,Yes,4,1,3,2,77,3,0,7,23,5,3,No,Not Provided,23-04-2017,madhav18@chandran.com,722338719,12
EMP03126,Suhana Sanghvi,47,Male,Finance,Financial Analyst,Masters,70697,25,Hyderabad,34,No,3,5,2,3,66,6,15,12,7,1,4,No,Not Provided,28-12-2024,evarkey@toor-batra.com,3645333680,7
EMP03127,Inaaya  Sridhar,41,Other,Customer Support,Support Executive,Diploma,87146,17,Delhi,22,Yes,1,4,4,5,21,8,17,2,19,4,4,No,Not Provided,05-04-2026,aarnaaurora@garde.com,5248306038,10
EMP03128,Zara Sandal,28,Male,Finance,Finance Manager,Masters,137716,8,Hyderabad,3,Yes,1,4,4,3,45,10,11,9,3,1,1,No,Not Provided,20-12-2023,dashkashvi@gmail.com,8565904439,7
EMP03129,Suhana Dasgupta,36,Other,Marketing,Content Strategist,Masters,27341,14,Delhi,36,Yes,4,1,2,2,43,10,8,13,2,2,5,Yes,"Overtime, Low Job Satisfaction, Manager Issues",24-05-2022,chokshimyra@viswanathan.org,6150780885,14
EMP03130,Akarsh Yadav,54,Other,IT,System Admin,Bachelors,54424,26,Pune,24,No,3,1,5,5,40,10,14,6,24,5,3,No,Not Provided,06-06-2017,mtata@hotmail.com,5518290865,8
EMP03131,Hiran Mannan,22,Other,Customer Support,Customer Success Manager,Diploma,91285,2,Hyderabad,35,Yes,5,4,2,4,6,9,13,1,11,1,4,No,Not Provided,24-12-2024,sonivihaan@chad.info,7908668062,7
EMP03132,Baiju Dash,26,Female,HR,Recruiter,MBA,61324,0,Delhi,23,No,4,2,4,3,45,2,24,6,0,2,2,No,Not Provided,26-06-2017,stuvan61@gmail.com,5351286543,3
EMP03133,Zeeshan Ratta,60,Female,Customer Support,Support Executive,Diploma,145788,35,Kolkata,35,Yes,3,3,1,3,67,8,11,15,13,5,4,No,Not Provided,14-04-2022,krishnamurthyamani@gmail.com,7791884004,12
EMP03134,Taran Devi,50,Female,IT,System Admin,Bachelors,148072,24,Kolkata,26,Yes,1,5,4,5,10,2,20,14,13,3,4,No,Not Provided,13-05-2023,tejasravi@dhar.com,9020776133,8
EMP03135,Ishita Sekhon,27,Male,Marketing,Marketing Manager,MBA,27819,5,Mumbai,15,No,4,2,2,3,26,0,25,1,22,4,4,No,Not Provided,08-11-2016,rgulati@sarraf.com,7300978042,8
EMP03136,Jayant Sandal,24,Male,IT,BI Developer,Bachelors,148202,0,Hyderabad,9,No,4,4,4,5,56,9,22,8,14,3,4,No,Not Provided,23-02-2017,bchauhan@yahoo.com,3335525930,2
EMP03137,Misha Sethi,47,Other,Finance,Finance Manager,MBA,170567,23,Hyderabad,11,Yes,4,4,4,4,42,1,13,6,15,5,5,No,Not Provided,04-07-2022,rastogijiya@kothari.net,7282374231,5
EMP03138,Indrajit Kata,58,Other,IT,Data Analyst,MBA,112413,34,Bangalore,6,No,1,5,4,3,27,4,1,7,8,4,1,No,Not Provided,28-06-2021,kismatkaul@sura.org,7021387101,8
EMP03139,Urvi Shukla,46,Other,Operations,Supply Chain Analyst,MBA,76324,21,Mumbai,4,No,4,4,5,3,70,0,3,14,17,4,1,No,Not Provided,27-12-2024,mahalmadhup@madan.biz,3242550056,7
EMP03140,Aniruddh Jhaveri,36,Male,Finance,Financial Analyst,Diploma,163924,10,Delhi,34,No,5,3,4,3,9,4,2,3,0,2,1,No,Not Provided,12-09-2022,bhatttanya@karnik.com,6779380999,3
EMP03141,Rohan Dar,60,Male,Finance,Financial Analyst,Bachelors,173789,36,Kolkata,40,No,3,4,3,5,49,8,3,10,9,1,1,No,Not Provided,15-01-2025,boasedamini@hotmail.com,4488438351,7
EMP03142,Prerak Gokhale,47,Female,HR,HR Executive,MBA,151919,17,Kolkata,17,Yes,3,3,2,4,46,5,11,15,21,2,2,No,Not Provided,17-01-2023,shanaya35@gmail.com,5107781090,8
EMP03143,Akarsh Venkatesh,53,Female,Operations,Operations Executive,Bachelors,168498,30,Hyderabad,21,No,5,3,2,2,34,2,17,9,4,3,2,No,Not Provided,26-01-2023,madanaarna@gmail.com,3314393126,4
EMP03144,Shalv Mander,22,Other,Marketing,Content Strategist,Bachelors,77187,2,Mumbai,23,Yes,2,2,3,4,80,4,8,8,13,2,3,No,Not Provided,05-04-2018,balaymannat@hotmail.com,126188785,8
EMP03145,Navya Deshpande,35,Male,Customer Support,Support Executive,Diploma,98535,14,Delhi,21,Yes,2,5,3,2,40,7,0,4,10,1,1,No,Not Provided,14-12-2024,devanshbatra@hotmail.com,8122868829,11
EMP03146,Tiya Khurana,37,Other,IT,BI Developer,MBA,116925,9,Hyderabad,13,Yes,4,4,4,3,33,3,19,1,15,5,5,No,Not Provided,29-06-2022,advikatara@hotmail.com,634559478,5
EMP03147,Prerak Jha,34,Male,Sales,Business Development Associate,Bachelors,152581,10,Hyderabad,8,No,4,1,1,1,28,6,11,6,6,2,1,No,Not Provided,21-06-2018,kumeranahi@keer-bawa.com,1840242222,9
EMP03148,Tiya Kaul,23,Male,Sales,Sales Executive,Bachelors,46885,0,Noida,12,Yes,1,5,2,4,44,1,14,2,11,5,5,No,Not Provided,29-08-2019,vidur00@yahoo.com,1285160529,10
EMP03149,Yasmin Gill,57,Other,Customer Support,Support Executive,Diploma,49573,36,Chennai,23,Yes,3,1,3,2,18,4,20,12,1,5,2,No,Not Provided,28-11-2019,vbhardwaj@gala-chowdhury.biz,9600136581,12
EMP03150,Ela Behl,22,Male,Sales,Business Development Associate,MBA,111849,0,Chennai,1,No,3,4,2,2,27,10,9,15,4,5,5,No,Not Provided,04-10-2016,navya31@varughese.biz,2640562165,11
EMP03151,Tushar Chad,23,Male,HR,Recruiter,Masters,140046,0,Kolkata,27,Yes,4,5,3,3,36,1,13,1,0,1,2,No,Not Provided,11-12-2021,anvibose@hotmail.com,6814746757,3
EMP03152,Taimur Hegde,35,Female,Sales,Business Development Associate,Bachelors,113642,15,Noida,14,No,5,3,3,4,51,0,13,15,3,2,1,No,Not Provided,25-10-2016,vaidyadivij@mallick.com,1574223414,2
EMP03153,Vritika Gokhale,39,Female,Marketing,SEO Specialist,Diploma,145408,13,Noida,26,Yes,5,5,3,4,80,0,5,7,12,4,3,No,Not Provided,29-08-2024,indrajit22@chakrabarti.org,5759807670,8
EMP03154,Prerak Contractor,33,Other,Finance,Accountant,Masters,139210,4,Mumbai,35,No,4,5,3,1,42,6,2,10,15,2,5,No,Not Provided,17-11-2018,brandhawa@hotmail.com,9143490880,9
EMP03155,Nayantara Korpal,53,Female,HR,HR Executive,Diploma,144636,29,Chennai,7,No,1,4,5,2,11,10,7,15,15,4,3,No,Not Provided,19-10-2024,senshayak@barad.com,7428291240,12
EMP03156,Lakshay Dave,49,Female,HR,HR Executive,Masters,74355,28,Chennai,22,Yes,5,5,4,4,20,5,20,10,14,5,1,No,Not Provided,03-09-2016,vanya36@upadhyay.com,7245801134,9
EMP03157,Mamooty Vig,38,Other,IT,BI Developer,Bachelors,115681,9,Chennai,34,No,2,1,4,3,31,8,6,11,9,4,2,Yes,"Poor Work Life Balance, Low Job Satisfaction, High Stress",23-03-2023,mdube@soni-vasa.com,158030583,14
EMP03158,Sana Samra,21,Other,Marketing,Marketing Manager,MBA,57750,0,Chennai,25,Yes,4,1,1,2,66,2,24,11,25,1,2,No,Not Provided,09-02-2017,chadmanjari@boase-garde.com,5364431885,12
EMP03159,Devansh Lala,26,Female,Finance,Financial Analyst,Masters,108677,0,Delhi,23,Yes,5,3,2,4,65,0,5,13,5,1,1,No,Not Provided,01-12-2025,chiragbiswas@ray.com,5550572762,8
EMP03160,Mehul Tella,40,Female,Customer Support,Customer Success Manager,Bachelors,146545,18,Noida,34,No,1,1,4,5,56,7,10,13,17,3,2,No,Not Provided,21-08-2016,vihaanandra@edwin-rout.com,8683545085,11
EMP03161,Nitya Krishna,28,Female,Not assigned,Support Executive,Bachelors,58869,0,Pune,4,No,1,3,3,1,50,9,22,7,1,1,5,No,Not Provided,20-06-2017,ravalkhushi@amble.com,676095199,7
EMP03162,Ivan Venkatesh,23,Male,Operations,Operations Executive,Masters,63744,0,Delhi,3,No,1,3,4,1,46,7,3,4,25,1,1,No,Not Provided,10-11-2023,shlokmahal@kannan.com,6664686854,9
EMP03163,Nitya Zachariah,27,Male,HR,Recruiter,Diploma,108201,1,Pune,29,Yes,3,4,2,4,6,3,6,14,16,4,2,No,Not Provided,13-01-2022,fateh00@hotmail.com,5828818667,10
EMP03164,Onkar Tripathi,26,Other,Sales,Sales Executive,Masters,80801,5,Delhi,24,No,1,5,4,3,72,5,21,2,18,2,5,No,Not Provided,27-01-2021,keerivan@yahoo.com,7376393700,5
EMP03165,Miraan Kamdar,60,Female,Finance,Financial Analyst,Masters,170652,37,Delhi,12,Yes,2,4,1,1,55,7,17,1,25,2,1,No,Not Provided,15-04-2017,Not Generated,1973473506,11
EMP03166,Alia Contractor,59,Other,Customer Support,Support Executive,MBA,29716,32,Bangalore,20,No,1,2,1,3,70,0,5,4,17,4,5,Yes,"Poor Work Life Balance, Low Job Satisfaction, High Stress",13-11-2018,xchoudhury@handa.com,9519494010,13
EMP03167,Advik Vohra,44,Other,Customer Support,Support Executive,MBA,41314,14,Pune,35,No,1,5,5,1,1,1,24,6,14,1,5,No,Not Provided,01-05-2022,fdyal@yahoo.com,8573474456,6
EMP03168,Advik Shukla,31,Male,Sales,Business Development Associate,Masters,103760.1093,1,Kolkata,25,Yes,1,5,2,5,72,6,5,15,0,5,5,Yes,"Poor Work Life Balance, Overtime, High Stress",12-09-2021,kismat98@gmail.com,9836093606,17
EMP03169,Fateh Mann,23,Other,Marketing,SEO Specialist,Masters,53800,0,Mumbai,34,No,5,1,5,2,70,8,10,10,18,2,1,No,Not Provided,09-11-2023,baradpranay@yahoo.com,6203660838,10
EMP03170,Rasha Boase,27,Female,Sales,Business Development Associate,MBA,119900,0,Mumbai,37,No,4,3,2,2,45,2,4,12,9,3,5,No,Not Provided,19-08-2021,bsampath@sundaram.net,8634683438,9
EMP03171,Indrans Mahal,28,Male,IT,Data Analyst,Masters,104472,7,Kolkata,3,Yes,1,4,3,3,53,3,15,7,21,3,3,No,Not Provided,15-07-2021,krish15@gmail.com,3107124710,5
EMP03172,Tanya Dayal,31,Female,HR,Recruiter,Diploma,156806,7,Pune,34,No,2,4,4,5,61,2,21,11,3,1,4,No,Not Provided,04-06-2023,sarannakul@yohannan.com,9266860587,6
EMP03173,Taimur Brar,17,Female,Operations,Supply Chain Analyst,Masters,56270,0,Noida,34,Yes,2,4,1,5,33,1,14,3,12,2,1,No,Not Provided,11-10-2022,hridaan09@hotmail.com,4292203693,8
EMP03174,Jivin Baral,50,Female,Finance,Accountant,Masters,48565,25,Pune,15,No,4,3,3,5,61,4,12,12,12,5,3,No,Not Provided,24-10-2022,birarmaan@gmail.com,5578973379,5
EMP03175,Stuvan Ranganathan,30,Male,Operations,Supply Chain Analyst,Diploma,101787,7,Bangalore,36,No,2,1,4,1,79,7,25,1,2,3,2,No,Not Provided,02-07-2019,gatikhalder@yahoo.com,5427841961,11
EMP03176,Neelofar Savant,56,Other,Operations,Operations Executive,Diploma,117823,26,Hyderabad,7,Yes,2,1,3,2,41,1,12,8,17,3,3,No,Not Provided,24-03-2025,sakshamrout@bassi.com,8825242283,10
EMP03177,Anvi Sharaf,28,Other,Operations,Operations Executive,Diploma,54217,5,Hyderabad,15,Yes,4,2,4,3,59,7,23,2,13,1,3,No,Not Provided,29-04-2021,devangokul@khosla.info,6481323069,7
EMP03178,Vidur Chakrabarti,42,Other,HR,HR Manager,Masters,106017,17,Pune,25,No,1,3,3,5,56,8,1,5,12,2,4,No,Not Provided,27-05-2025,yuvaanseth@yahoo.com,8795489400,8
EMP03179,Fateh Varty,23,Other,HR,HR Executive,Bachelors,41432,0,Mumbai,24,No,3,4,3,4,39,4,15,7,9,5,4,No,Not Provided,27-10-2016,bhattacharyyadivyansh@yahoo.com,2515787726,3
EMP03180,Shanaya Bath,60,Other,Marketing,Marketing Manager,Diploma,26379,37,Bangalore,27,No,4,4,4,1,61,10,17,5,16,2,3,No,Not Provided,08-09-2018,jayanvarty@gmail.com,3533034074,5
EMP03181,Madhav Wason,41,Male,HR,HR Manager,Diploma,112416,17,Mumbai,40,No,1,5,4,1,14,2,1,11,5,5,2,Yes,"Poor Work Life Balance, Manager Issues, High Stress",04-03-2026,zeeshantata@yahoo.com,1384439933,13
EMP03182,Suhana Sinha,40,Female,Sales,Business Development Associate,MBA,82839,16,Chennai,21,Yes,5,3,5,5,36,5,22,1,23,5,5,No,Not Provided,23-10-2016,saanviagrawal@toor-khurana.com,3309144068,7
EMP03183,Azad Chandra,59,Male,HR,HR Executive,Masters,90230,30,Hyderabad,36,No,1,3,1,4,69,2,6,2,2,2,5,No,Not Provided,07-03-2026,chawlamisha@tandon.com,922894323,6
EMP03184,Dharmajan Raman,56,Male,Customer Support,Support Executive,MBA,127331,27,Mumbai,19,No,2,1,5,5,21,9,10,4,13,2,1,No,Not Provided,06-04-2017,ayesha13@sheth-sengupta.com,7562572838,8
EMP03185,Kaira Halder,40,Female,HR,HR Executive,Masters,154562,13,Noida,10,Yes,4,5,2,5,27,7,16,15,11,3,2,No,Not Provided,28-10-2020,vardaniyaacharya@dasgupta.biz,8121308272,8
EMP03186,Mannat Contractor,56,Female,Operations,Supply Chain Analyst,Bachelors,26401,34,Pune,18,No,4,1,5,1,56,9,4,12,19,1,2,No,Not Provided,17-09-2016,nbobal@hotmail.com,6657422200,11
EMP03187,Badal Ahuja,51,Other,Operations,Operations Executive,Masters,175905,26,Kolkata,26,Yes,1,3,4,1,51,10,1,10,12,1,2,Yes,"Poor Work Life Balance, Overtime, Manager Issues",16-08-2018,vivaan12@salvi-basak.info,8252259421,14
EMP03188,Ritvik Rau,37,Female,IT,Software Engineer,MBA,167080,13,Pune,23,No,3,2,5,4,1,7,25,14,25,3,4,No,Not Provided,07-09-2016,sdeshpande@gmail.com,6142327339,7
EMP03189,Vedika Krishnan,52,Female,Marketing,Content Strategist,Masters,99820.92,24,Delhi,32,Yes,2,3,1,3,75,5,0,5,25,3,2,No,Not Provided,31-08-2025,fbail@yahoo.com,3349972517,12
EMP03190,Bhamini Mangal,45,Male,IT,Data Analyst,MBA,175878,21,Noida,28,No,5,3,2,4,60,5,13,5,15,5,5,No,Not Provided,29-08-2025,stuvanbalakrishnan@hotmail.com,5169792476,8
EMP03191,Kiara Agarwal,33,Male,Marketing,SEO Specialist,Masters,100300,10,Hyderabad,23,Yes,5,3,2,4,13,0,5,9,10,1,4,No,Not Provided,16-11-2024,rati66@manda.com,2078267540,6
EMP03192,Tanya Shanker,49,Other,Customer Support,Support Executive,Bachelors,61021,21,Bangalore,21,Yes,5,5,2,2,25,10,7,13,5,4,3,Yes,"Overtime, Manager Issues, High Stress",20-02-2025,badalgoel@gmail.com,6506866160,13
EMP03193,Indrans Ramakrishnan,47,Male,Sales,Sales Manager,Masters,156789,21,Kolkata,33,Yes,4,1,1,4,14,1,2,13,11,1,3,No,Not Provided,05-03-2022,gatik74@gmail.com,7936286734,12
EMP03194,Ranbir Deep,35,Other,HR,HR Manager,MBA,107866.6344,6,Delhi,29,No,4,1,1,1,19,4,25,8,5,4,2,No,Not Provided,27-03-2022,jayantbalay@subramaniam.info,4837700748,11
EMP03195,Vanya Chad,38,Female,Marketing,Marketing Manager,MBA,35521,16,Noida,36,No,4,5,1,3,47,4,8,6,0,2,5,No,Not Provided,09-04-2023,dtripathi@hotmail.com,4639564090,3
EMP03196,Anaya Issac,42,Female,Operations,Supply Chain Analyst,MBA,107587,18,Bangalore,2,Yes,5,2,1,1,75,10,21,2,9,4,1,Yes,"Overtime, Low Job Satisfaction, Manager Issues",13-07-2016,hwadhwa@yahoo.com,9665011936,14
EMP03197,Purab Sibal,36,Male,Operations,Supply Chain Analyst,MBA,135760,7,Noida,22,Yes,5,3,3,4,41,9,2,1,11,5,3,No,Not Provided,27-10-2022,fdhawan@contractor-bal.com,6705362395,9
EMP03198,Amani De,39,Male,Marketing,Content Strategist,Bachelors,145517,16,Bangalore,13,Yes,4,1,2,1,34,10,15,2,7,1,3,No,Not Provided,30-06-2023,saniadvik@dube-basu.com,9566620528,11
EMP03199,Charvi Behl,22,Female,Customer Support,Customer Success Manager,Diploma,154086,0,Noida,1,Yes,4,3,5,3,70,10,22,4,11,2,4,No,Not Provided,28-09-2017,nmanda@yahoo.com,3576525405,4
EMP03200,Divyansh Khanna,54,Other,HR,HR Manager,Diploma,61889,33,Noida,4,Yes,4,5,2,2,45,4,20,15,14,4,5,No,Not Provided,19-07-2019,hlata@loyal.com,6721988679,11
EMP03201,Ishaan Chakrabarti,48,Male,IT,Data Analyst,Diploma,103490.3855,26,Hyderabad,30,Yes,1,1,5,5,29,0,4,14,6,4,3,Yes,"Poor Work Life Balance, Overtime, Low Job Satisfaction",28-09-2019,neelofarbava@hotmail.com,5201688553,16
EMP03202,Shayak Atwal,58,Male,IT,BI Developer,MBA,161444,34,Delhi,26,Yes,5,1,1,3,38,7,6,7,12,1,3,No,Not Provided,04-07-2020,ahana-09@bahl.biz,5200844617,10
EMP03203,Hridaan Gera,58,Other,HR,HR Manager,Diploma,179542,31,Chennai,6,No,1,3,5,3,16,6,16,15,3,5,1,No,Not Provided,19-06-2023,xsrinivas@das.info,6501215017,10
EMP03204,Adira Dutta,51,Male,IT,Software Engineer,Masters,129229,27,Delhi,6,Yes,5,5,3,1,38,0,25,9,9,2,1,No,Not Provided,02-03-2022,qsane@das.info,2531421142,4
EMP03205,Aayush Sarkar,36,Female,Sales,Sales Manager,Diploma,30230,8,Bangalore,37,No,2,4,3,4,48,3,16,12,2,4,5,No,Not Provided,03-07-2022,manjari43@hotmail.com,9925553314,9
EMP03206,Abram Din,43,Other,Sales,Sales Executive,MBA,173978,16,Hyderabad,23,Yes,1,3,4,5,45,5,19,2,20,4,2,No,Not Provided,22-11-2018,hansjayan@gmail.com,8378934140,10
EMP03207,Zain Soni,29,Other,Sales,Sales Manager,Bachelors,154809,6,Hyderabad,32,No,2,2,5,2,18,3,1,10,17,5,3,Yes,"Poor Work Life Balance, Low Job Satisfaction, Manager Issues",01-09-2023,pihuchaudhuri@sarraf-apte.com,3024623247,16
EMP03208,Eshani Thakkar,40,Male,Marketing,Marketing Manager,Diploma,81899,10,Kolkata,38,No,4,2,4,3,58,9,4,11,8,3,3,No,Not Provided,03-06-2023,ghoshanaya@yahoo.com,4371313751,10
EMP03209,Saanvi Dyal,57,Other,Finance,Finance Manager,Diploma,172724,35,Chennai,20,Yes,1,5,1,1,48,7,18,3,24,2,4,No,Not Provided,11-10-2023,chakrabartividur@hotmail.com,4244027113,11
EMP03210,Ritvik Warrior,41,Other,Finance,Financial Analyst,MBA,101853,21,Delhi,30,No,2,2,2,2,36,2,10,7,19,4,1,Yes,"Poor Work Life Balance, Low Job Satisfaction, Manager Issues",18-01-2024,joshishlok@tandon.net,7101455209,14
EMP03211,Bhamini Mandal,41,Female,Marketing,SEO Specialist,MBA,116105,20,Mumbai,24,No,5,5,1,4,9,0,5,5,10,3,4,No,Not Provided,27-04-2019,vedika08@bhatti-goswami.com,4078629924,4
EMP03212,Elakshi Sem,54,Female,Finance,Accountant,Diploma,30679,28,Kolkata,33,Yes,3,4,1,5,32,9,0,1,7,3,2,No,Not Provided,25-04-2024,kanav99@gola.com,8946179707,9
EMP03213,Manikya Bakshi,25,Male,IT,Software Engineer,Masters,41467,0,Bangalore,25,No,3,4,4,5,71,3,22,7,6,2,2,No,Not Provided,14-07-2017,samiha36@bala.net,1982333960,1
EMP03214,Vihaan Bhakta,45,Male,HR,Recruiter,MBA,128592,19,Noida,23,No,2,4,5,2,77,8,3,7,9,2,5,No,Not Provided,03-09-2024,chakrabortynirvi@dutta-keer.com,5192543252,9
EMP03215,Azad Mann,34,Female,Sales,Sales Executive,Masters,69227,11,Kolkata,23,Yes,2,4,1,3,7,10,3,11,22,5,2,Yes,"Poor Work Life Balance, Overtime, High Stress",06-09-2023,esharaf@yahoo.com,613606025,16
EMP03216,Manjari Ravel,28,Male,Operations,Supply Chain Analyst,MBA,55452,0,Noida,14,No,4,5,1,1,66,9,19,14,16,3,1,No,Not Provided,12-09-2021,priyansh43@yahoo.com,1212541543,8
EMP03217,Ela Ram,50,Other,Finance,Finance Manager,Masters,70730,24,Pune,3,Yes,4,4,4,2,8,0,8,15,1,5,2,No,Not Provided,10-09-2025,umall@hotmail.com,9372472502,9
EMP03218,Vidur Sarma,46,Other,Marketing,Content Strategist,Diploma,125750,21,Noida,29,Yes,3,2,3,2,26,8,2,10,6,3,2,Yes,"Overtime, Low Job Satisfaction, Manager Issues",14-12-2018,routriaan@bhatti.net,25591703,14
EMP03219,Anahi Wali,50,Male,HR,Recruiter,MBA,115056,25,Bangalore,15,No,2,3,2,1,1,2,7,1,19,4,4,No,Not Provided,17-07-2021,vbhasin@yahoo.com,8779421001,10
EMP03220,Mehul Cherian,37,Female,Customer Support,Customer Success Manager,Bachelors,94655,17,Kolkata,7,No,2,1,1,2,40,8,9,8,17,5,1,Yes,"Poor Work Life Balance, Low Job Satisfaction, Manager Issues",14-05-2020,aarushkunda@hotmail.com,370408494,15
EMP03221,Nakul Varughese,22,Other,Customer Support,Customer Success Manager,MBA,38273,0,Delhi,39,Yes,1,2,2,3,17,0,1,6,14,3,4,Yes,"Poor Work Life Balance, Overtime, Low Job Satisfaction",13-12-2020,kkohli@yahoo.com,6553799679,13
EMP03222,Yashvi Lala,34,Other,Marketing,SEO Specialist,Masters,66442,9,Hyderabad,10,Yes,2,5,4,2,55,2,8,15,21,2,1,No,Not Provided,08-01-2026,keernehmat@dara.com,8816751879,9
EMP03223,Abram Sunder,56,Female,Operations,Supply Chain Analyst,Diploma,176847,31,Kolkata,22,No,4,4,5,4,42,7,25,10,2,5,1,No,Not Provided,29-03-2019,samarth75@krishnamurthy.info,3859359444,7
EMP03224,Farhan Seshadri,25,Other,Customer Support,Customer Success Manager,Diploma,36183,5,Mumbai,34,No,3,4,4,2,43,2,22,10,8,5,5,No,Not Provided,03-02-2018,anvi30@kala.com,3267248568,8
EMP03225,Samarth Anand,46,Female,Customer Support,Customer Success Manager,Bachelors,149110,25,Kolkata,12,No,5,2,4,1,65,0,21,6,8,2,2,No,Not Provided,28-08-2020,bhavinsarin@sankaran-gandhi.com,3484933040,5
EMP03226,Purab Sura,31,Female,Marketing,SEO Specialist,MBA,111819,11,Delhi,29,Yes,2,4,5,4,11,7,2,1,24,3,4,No,Not Provided,07-06-2020,bhaktasamarth@gmail.com,517431208,10
EMP03227,Yuvaan Behl,36,Other,IT,System Admin,Bachelors,44564,11,Mumbai,20,Yes,4,2,4,5,6,10,21,2,14,4,2,No,Not Provided,07-06-2017,trishamahajan@doshi.com,8393983009,10
EMP03228,Ryan Agate,23,Other,Sales,Sales Executive,MBA,75739,1,Delhi,38,No,3,2,4,1,35,3,0,13,12,3,3,No,Not Provided,02-05-2019,psawhney@gmail.com,9707401844,10
EMP03229,Inaaya  Deo,27,Female,Sales,Sales Manager,Diploma,110742,1,Bangalore,31,Yes,2,2,2,2,56,0,9,4,16,4,1,Yes,"Poor Work Life Balance, Overtime, Low Job Satisfaction",03-10-2018,gokul38@gulati.com,3456537393,16
EMP03230,Himmat Sridhar,43,Other,Customer Support,Customer Success Manager,MBA,125768,17,Mumbai,1,Yes,2,5,3,4,22,7,9,8,8,2,4,No,Not Provided,01-12-2016,hunar35@ramachandran-devan.info,2100342786,7
EMP03231,Eva Dass,41,Female,HR,HR Manager,MBA,125130,11,Delhi,10,No,2,1,5,2,9,3,10,7,0,5,4,No,Not Provided,22-11-2016,yuvraj-28@hotmail.com,6086080339,11
EMP03232,Damini Devan,24,Male,Customer Support,Support Executive,Masters,93171,0,Noida,15,No,4,3,2,3,3,1,11,10,0,3,2,No,Not Provided,23-07-2023,fbhakta@gmail.com,4493932372,4
EMP03233,Vidur Virk,42,Female,Customer Support,Support Executive,Diploma,167923,22,Mumbai,27,Yes,2,1,3,5,47,1,20,3,18,4,4,No,Not Provided,10-10-2016,dharmajan49@jhaveri.com,2089164157,12
EMP03234,Rasha Balan,30,Other,HR,HR Executive,Masters,95900,3,Hyderabad,11,No,3,3,1,2,56,5,25,15,13,5,5,No,Not Provided,02-08-2024,purab06@gmail.com,1130076812,11
EMP03235,Alia Kala,29,Other,Sales,Sales Executive,MBA,144796,9,Delhi,39,No,1,3,3,2,33,9,20,13,16,3,5,No,Not Provided,15-01-2020,sastryira@sastry.org,9427038427,10
EMP03236,Pari Zachariah,41,Other,Marketing,Content Strategist,Bachelors,111475,17,Noida,19,Yes,5,2,4,2,25,6,2,11,2,4,2,Yes,"Overtime, Low Job Satisfaction, Manager Issues",15-06-2025,hunar32@yahoo.com,1519405113,16
EMP03237,Ryan Wable,24,Female,HR,Recruiter,Bachelors,158712,3,Bangalore,34,Yes,1,3,4,4,72,5,9,12,22,3,2,No,Not Provided,14-09-2024,wchand@chhabra.com,309542739,10
EMP03238,Seher Karnik,21,Male,Operations,Supply Chain Analyst,Masters,71089,0,Mumbai,12,Yes,3,3,1,2,29,8,6,14,21,4,2,Yes,"Overtime, Manager Issues, High Stress",24-09-2016,neelofarchada@salvi.info,7823748555,13
EMP03239,Alia Barad,38,Other,IT,System Admin,Diploma,34206,15,Bangalore,12,No,5,1,3,2,25,10,20,6,24,5,1,No,Not Provided,10-06-2025,indrajitdivan@hotmail.com,620345081,10
EMP03240,Shanaya Ramesh,57,Male,HR,Recruiter,Diploma,81891,29,Mumbai,24,Yes,2,4,4,3,66,5,25,6,11,3,4,No,Not Provided,21-11-2017,shayak53@kalla.com,5086380654,7
EMP03241,Lavanya Chokshi,45,Other,Customer Support,Customer Success Manager,Diploma,46783,23,Delhi,22,Yes,5,5,1,5,65,2,22,6,19,3,5,No,Not Provided,07-09-2024,lgarde@gmail.com,6852744992,4
EMP03242,Ishita Dave,24,Other,HR,Recruiter,Masters,80688,4,Delhi,24,Yes,3,1,1,2,19,7,16,15,3,3,3,Yes,"Overtime, Low Job Satisfaction, Manager Issues",21-06-2018,myra99@yahoo.com,1177309969,13
EMP03243,Aniruddh Bajwa,23,Other,Finance,Accountant,Diploma,87404,0,Hyderabad,26,No,3,1,2,5,5,6,0,14,24,3,1,No,Not Provided,15-04-2021,masteranaya@tak.com,8658885768,12
EMP03244,Dhanush Chakrabarti,45,Female,Sales,Sales Manager,Diploma,77377,24,Chennai,6,No,1,5,3,1,71,10,11,9,7,1,5,No,Not Provided,28-12-2017,garderasha@soman-acharya.org,9257927927,7
EMP03245,Lakshay Batra,45,Other,IT,Software Engineer,MBA,155985,18,Hyderabad,31,Yes,5,4,2,2,51,6,13,14,0,3,4,No,Not Provided,24-08-2022,averma@wason-khatri.biz,9165446861,11
EMP03246,Kanav Iyer,43,Other,Operations,Operations Executive,MBA,59325,21,Mumbai,13,No,5,2,3,4,54,1,1,4,22,3,2,No,Not Provided,13-06-2020,aniruddh95@bajwa.net,2299102983,5
EMP03247,Zain Chopra,34,Female,HR,HR Executive,MBA,48611,7,Bangalore,39,No,4,4,2,1,76,3,20,4,18,3,1,No,Not Provided,07-02-2026,sarmaarmaan@sha.biz,5370869066,5
EMP03248,Riaan Sule,33,Female,IT,System Admin,Diploma,138794,8,Kolkata,20,No,4,2,5,2,55,4,10,3,17,4,1,No,Not Provided,20-10-2025,biju81@karnik.info,1301030845,8
EMP03249,Tarini Aggarwal,25,Other,Sales,Business Development Associate,MBA,119460,0,Hyderabad,36,No,4,1,3,1,7,6,12,2,25,1,5,No,Not Provided,03-04-2023,kabir76@yahoo.com,8392695483,8
EMP03250,Azad Comar,58,Female,Not assigned,Software Engineer,Diploma,152767,29,Hyderabad,34,No,4,5,2,1,66,8,1,7,25,2,5,No,Not Provided,15-06-2018,sastrysara@gupta-hora.org,6873839701,9
EMP03251,Ivana Khosla,58,Other,IT,System Admin,Bachelors,174545,30,Hyderabad,3,Yes,2,1,1,5,14,10,15,9,24,3,4,No,Not Provided,01-09-2025,ayesha08@deo.info,6733856535,12
EMP03252,Advika Buch,54,Other,Finance,Financial Analyst,MBA,125245,34,Kolkata,36,Yes,5,5,1,1,41,0,23,9,9,2,5,No,Not Provided,05-12-2020,zoyachaudhari@yahoo.com,1635106970,7
EMP03253,Elakshi Das,48,Male,Customer Support,Customer Success Manager,Bachelors,69964,27,Mumbai,35,Yes,1,2,1,1,61,1,6,14,17,1,5,Yes,"Poor Work Life Balance, Overtime, Low Job Satisfaction",30-03-2025,mohanlal30@gmail.com,5844575165,15
EMP03254,Vedika Kalla,50,Male,Customer Support,Support Executive,Masters,41354,24,Kolkata,9,No,1,1,2,5,72,10,1,3,21,4,4,Yes,"Poor Work Life Balance, Low Job Satisfaction, High Stress",05-09-2018,boradevansh@mani-ravi.com,5458727595,15
EMP03255,Yasmin Manne,50,Male,Operations,Operations Executive,Bachelors,64273,28,Kolkata,19,No,2,5,2,3,75,0,9,7,15,5,2,No,Not Provided,09-05-2018,dishanikhurana@suresh-deo.com,9082657264,8
EMP03256,Advika Walia,49,Male,Sales,Sales Executive,MBA,117241,22,Mumbai,3,No,4,4,5,2,7,4,2,14,20,5,5,No,Not Provided,12-10-2017,kairaagarwal@gmail.com,7498970428,9
EMP03257,Nakul Bajaj,56,Other,Customer Support,Customer Success Manager,Bachelors,69865,32,Chennai,37,No,1,4,2,5,11,5,11,11,21,5,1,Yes,"Poor Work Life Balance, High Stress, No Promotion",27-08-2016,rania34@hotmail.com,9745530440,13
EMP03258,Ryan Sarraf,40,Other,Finance,Finance Manager,MBA,108505,19,Chennai,15,No,3,5,5,2,41,5,14,6,4,4,1,No,Not Provided,06-06-2023,vedikathaman@gmail.com,5949939841,7
EMP03259,Lavanya Kar,28,Male,Finance,Accountant,Masters,105091,6,Mumbai,31,Yes,4,3,4,2,26,0,7,7,11,3,5,No,Not Provided,19-01-2026,sumerbalakrishnan@sampath.com,3653170094,5
EMP03260,Hansh Saran,21,Female,Sales,Sales Manager,MBA,148043,0,Delhi,6,No,3,4,1,1,23,8,24,10,12,2,4,No,Not Provided,19-05-2018,divij37@venkatesh-seth.com,8488150378,8
EMP03261,Ayesha Badami,32,Male,Sales,Sales Executive,Masters,30183,2,Pune,5,No,3,4,1,4,36,4,25,8,8,1,4,No,Not Provided,13-06-2024,badal70@gmail.com,3981948869,2
EMP03262,Alisha Tandon,22,Male,Operations,Supply Chain Analyst,Masters,113045,0,Noida,16,Yes,3,4,5,2,69,7,17,9,14,3,1,No,Not Provided,21-01-2026,darkiara@hotmail.com,3093557239,6
EMP03263,Mamooty Swaminathan,54,Male,HR,HR Executive,Bachelors,82449,28,Noida,33,No,4,5,2,3,75,10,24,13,12,1,1,No,Not Provided,17-05-2021,kashyapmehul@yahoo.com,1762652322,7
EMP03264,Kiaan Vasa,31,Female,HR,HR Executive,Bachelors,64423,7,Hyderabad,1,Yes,4,4,5,4,6,3,13,10,21,1,3,No,Not Provided,26-02-2024,vbasak@yahoo.com,2899359404,4
EMP03265,Reyansh Madan,50,Female,Sales,Sales Executive,Masters,56218,24,Hyderabad,30,No,2,3,3,4,64,8,24,9,8,5,2,No,Not Provided,04-08-2016,nirvaan47@hotmail.com,3655598435,9
EMP03266,Vanya Sibal,58,Female,Customer Support,Support Executive,MBA,76224,31,Noida,34,No,4,4,4,3,33,3,25,6,17,2,2,No,Not Provided,09-06-2023,aradhyatella@bansal.com,8122205514,1
EMP03267,Ranbir Balasubramanian,27,Female,HR,HR Manager,Masters,129157,3,Pune,11,Yes,4,3,2,5,23,1,20,6,21,1,4,No,Not Provided,19-11-2021,tataela@khare-karan.com,6387644435,4
EMP03268,Emir Bose,52,Male,Customer Support,Support Executive,Masters,146185,28,Pune,40,Yes,3,1,1,1,9,3,23,12,5,1,4,No,Not Provided,09-01-2022,aradhya07@brar-grewal.com,2353441851,12
EMP03269,Shamik Aggarwal,52,Male,Operations,Operations Executive,MBA,141719,24,Kolkata,14,No,2,5,1,4,25,0,13,8,23,2,1,No,Not Provided,23-01-2024,hacharya@hotmail.com,8249515196,5
EMP03270,Jayesh Venkataraman,56,Female,Finance,Finance Manager,Bachelors,138446,29,Chennai,35,Yes,5,1,5,4,4,0,16,5,12,4,1,No,Not Provided,25-11-2017,ygoda@chandra.info,7335225908,9
EMP03271,Jivin Chaudhari,43,Female,HR,HR Executive,MBA,159753,13,Mumbai,32,No,2,3,1,3,75,9,20,2,21,2,5,No,Not Provided,03-04-2025,himmat04@manne.com,9235783816,8
EMP03272,Manikya Walia,23,Other,Marketing,Marketing Manager,Diploma,123558,0,Chennai,37,Yes,7,3,3,5,10,9,21,6,4,5,1,No,Not Provided,28-03-2026,zwalla@hotmail.com,8071295435,8
EMP03273,Hunar Karpe,46,Female,HR,Recruiter,MBA,125454,26,Delhi,15,No,4,3,5,1,70,0,17,15,9,2,3,No,Not Provided,18-05-2024,chanaazad@agate.com,8698647429,4
EMP03274,Aaryahi Bir,34,Male,Operations,Operations Executive,Masters,153109,6,Bangalore,37,Yes,2,2,1,2,28,4,22,8,10,2,3,Yes,"Poor Work Life Balance, Overtime, Low Job Satisfaction",10-07-2021,chopraanahita@bhatt.org,6784593706,13
EMP03275,Sana Jayaraman,57,Female,Finance,Financial Analyst,Bachelors,96991,32,Kolkata,23,No,1,2,3,1,9,7,6,10,16,3,4,No,Not Provided,12-05-2021,khushi88@halder.com,4891545428,12
EMP03276,Saanvi Raval,30,Female,Sales,Sales Manager,Bachelors,105435.8899,2,Hyderabad,14,No,4,5,4,2,45,1,20,13,11,4,2,No,Not Provided,11-12-2017,trisha24@aggarwal-handa.com,6872527202,7
EMP03277,Madhup Soman,59,Other,Sales,Sales Manager,Masters,178237,36,Delhi,5,No,2,1,1,1,37,2,13,14,14,4,2,Yes,"Poor Work Life Balance, Low Job Satisfaction, Manager Issues",18-12-2018,hirankarpe@yahoo.com,1504113603,15
EMP03278,Ritvik Iyengar,41,Other,HR,Recruiter,Diploma,90200,15,Mumbai,17,No,3,3,4,4,69,0,13,12,2,3,4,No,Not Provided,07-01-2026,gardeindrans@gole.com,6757262510,2
EMP03279,Yuvaan Samra,59,Other,Customer Support,Support Executive,Diploma,80190,31,Chennai,24,No,5,3,5,1,36,10,16,11,20,5,5,No,Not Provided,21-03-2021,gseshadri@yahoo.com,3462222301,9
EMP03280,Ahana  Singh,28,Other,Customer Support,Customer Success Manager,Masters,156602,0,Bangalore,3,Yes,4,4,3,1,79,1,21,13,10,4,5,No,Not Provided,11-02-2018,vkarnik@gmail.com,3039515451,9
EMP03281,Kanav Kota,47,Male,Sales,Business Development Associate,Diploma,155578,22,Pune,2,No,4,4,3,4,51,3,18,3,15,4,5,No,Not Provided,17-02-2017,aaryahi61@hotmail.com,3787310385,3
EMP03282,Aaryahi Sabharwal,58,Other,Finance,Finance Manager,Bachelors,131186,31,Bangalore,35,Yes,1,2,5,2,10,8,2,5,23,4,2,Yes,"Poor Work Life Balance, Overtime, Low Job Satisfaction",15-02-2020,kanavbassi@yahoo.com,8879742927,18
EMP03283,Dishani Agate,28,Other,IT,BI Developer,Masters,128895,1,Hyderabad,10,No,2,4,4,3,28,3,25,1,12,3,2,No,Not Provided,19-11-2021,kartik38@choudhary.com,8316655394,3
EMP03284,Pari Shere,58,Female,Marketing,SEO Specialist,Diploma,80742,37,Pune,3,No,5,3,4,4,14,7,19,8,11,3,1,No,Not Provided,05-02-2024,ubasu@dalia.info,2041267770,2
EMP03285,Gokul Suresh,30,Male,Marketing,Content Strategist,Masters,98745,4,Kolkata,35,Yes,4,2,1,1,70,4,8,14,12,3,5,No,Not Provided,02-01-2025,bhargavavedika@srinivasan.com,825491298,12
EMP03286,Jivika Thaman,38,Female,Sales,Sales Executive,Masters,123986,15,Kolkata,38,No,1,4,4,4,45,1,18,10,25,3,3,No,Not Provided,25-04-2025,zbarman@bains.com,9247552149,6
EMP03287,Anahita Arora,46,Other,Operations,Supply Chain Analyst,Bachelors,112456,22,Chennai,4,No,4,3,1,4,57,3,10,15,7,5,2,No,Not Provided,28-02-2023,kmallick@yahoo.com,2210379337,7
EMP03288,Samar Bhasin,21,Female,Marketing,Marketing Manager,MBA,34826,1,Pune,34,Yes,1,2,4,1,12,9,24,10,13,5,3,Yes,"Poor Work Life Balance, Overtime, Low Job Satisfaction",24-10-2022,waliagatik@gmail.com,3178834795,18
EMP03289,Mannat Chaudhuri,36,Male,Marketing,SEO Specialist,Masters,46670,16,Hyderabad,34,Yes,4,2,2,3,24,5,7,10,17,3,1,No,Not Provided,04-04-2025,kismat77@gmail.com,7719605120,12
EMP03290,Sahil Kakar,36,Male,Sales,Business Development Associate,Masters,99041,9,Mumbai,29,Yes,4,2,4,2,31,2,8,1,11,5,3,No,Not Provided,23-07-2022,sahniaarav@yahoo.com,4773161490,11
EMP03291,Ishita Srivastava,52,Female,HR,HR Manager,MBA,85761,28,Mumbai,8,Yes,2,5,1,4,56,5,0,8,25,4,3,Yes,"Poor Work Life Balance, Overtime, High Stress",28-02-2021,adah96@hotmail.com,2170129433,14
EMP03292,Tushar Bhagat,45,Male,Sales,Sales Manager,Bachelors,158536,21,Mumbai,21,No,2,2,3,5,37,6,16,12,3,4,2,Yes,"Poor Work Life Balance, Low Job Satisfaction, High Stress",23-07-2025,okumar@gmail.com,7484838406,13
EMP03293,Kashvi Dhaliwal,30,Other,Customer Support,Support Executive,Masters,127305,9,Pune,23,Yes,2,4,2,3,40,0,16,4,19,5,5,No,Not Provided,18-09-2020,ugoswami@yahoo.com,3147449356,10
EMP03294,Sumer Dhaliwal,21,Female,Sales,Sales Manager,Diploma,57573,0,Pune,39,Yes,5,2,3,3,8,4,13,7,4,5,3,No,Not Provided,16-06-2016,zarakohli@kala.com,2064762377,9
EMP03295,Anya Rout,55,Female,IT,BI Developer,Masters,133101,26,Noida,17,No,2,4,3,3,8,9,7,14,1,4,3,No,Not Provided,29-09-2023,zsaini@dua.org,6581579936,10
EMP03296,Damini Setty,43,Male,Customer Support,Support Executive,MBA,163632,20,Mumbai,27,No,4,3,1,5,50,8,9,4,17,2,4,No,Not Provided,30-06-2017,arnavsanghvi@chawla.org,1653562076,5
EMP03297,Amira Buch,56,Female,HR,HR Manager,Bachelors,161455,35,Delhi,32,Yes,5,2,2,1,31,8,16,12,14,5,1,Yes,"Overtime, Low Job Satisfaction, Manager Issues",15-09-2024,fdhar@hotmail.com,3371081494,17
EMP03298,Jayant Kakar,54,Female,Customer Support,Customer Success Manager,Diploma,108067,26,Kolkata,27,Yes,4,3,5,1,31,5,22,7,10,2,1,No,Not Provided,10-09-2023,samarthjaggi@yahoo.com,1422687918,7
EMP03299,Azad Badal,42,Female,HR,HR Manager,Masters,176909,17,Noida,31,No,3,2,4,1,16,0,0,10,12,3,1,No,Not Provided,19-05-2019,dkrishnan@dar.org,7465139471,10
EMP03300,Darshit Joshi,45,Other,Marketing,Content Strategist,Masters,163276,22,Kolkata,3,Yes,2,2,5,3,17,10,17,9,3,2,4,No,Not Provided,21-02-2025,tanya37@vaidya.info,9940588981,10
EMP03301,Mannat Kulkarni,31,Other,IT,BI Developer,Bachelors,154731,8,Chennai,24,No,2,4,1,1,2,1,1,2,13,4,4,No,Not Provided,22-11-2018,kulkarnishaan@gmail.com,3506271451,12
EMP03302,Reyansh Tandon,22,Other,Marketing,Content Strategist,Bachelors,58968,0,Bangalore,23,Yes,1,2,3,5,74,8,3,8,4,4,4,Yes,"Poor Work Life Balance, Overtime, Low Job Satisfaction",26-07-2024,dhardivyansh@hotmail.com,850038938,15
EMP03303,Miraya Rege,35,Male,Customer Support,Support Executive,Diploma,81022,11,Delhi,36,No,1,4,1,4,32,2,7,5,17,5,1,No,Not Provided,23-11-2016,reyansh18@hotmail.com,5679698317,9
EMP03304,Indranil Sampath,56,Female,IT,BI Developer,Bachelors,33464,34,Delhi,38,Yes,2,2,1,2,2,3,17,7,11,1,4,Yes,"Poor Work Life Balance, Overtime, Low Job Satisfaction",12-11-2017,adviklal@yahoo.com,2302633839,13
EMP03305,Riya Sarna,58,Female,HR,HR Executive,Bachelors,40987,28,Mumbai,15,Yes,3,5,1,3,37,5,14,5,22,3,4,No,Not Provided,15-11-2023,kartiksom@saran.info,9889822989,6
EMP03306,Jivika Handa,51,Female,HR,Recruiter,MBA,117431,26,Bangalore,1,No,3,3,4,3,77,3,20,11,19,4,4,No,Not Provided,27-06-2017,jivinlal@yahoo.com,7199768814,5
EMP03307,Aarav Shetty,27,Other,Operations,Operations Executive,Masters,58725,4,Bangalore,33,Yes,2,3,4,5,6,9,14,3,2,3,3,No,Not Provided,12-04-2024,ratwal@bahri-gala.com,3334603557,8
EMP03308,Shray Ramanathan,49,Other,IT,Recruiter,MBA,169280,22,Noida,5,No,3,5,2,1,64,9,9,4,5,1,1,No,Not Provided,07-03-2018,manjariramachandran@gmail.com,8068614252,6
EMP03309,Neysa Krishna,39,Male,Marketing,Marketing Manager,Masters,124888,15,Noida,14,Yes,5,3,5,1,76,9,14,1,4,3,4,No,Not Provided,24-03-2019,abram64@kalla.net,4362648002,6
EMP03310,Kabir Dey,46,Other,Sales,Sales Executive,Masters,167094,18,Bangalore,4,Yes,3,4,5,4,57,0,9,14,4,2,4,No,Not Provided,29-06-2019,vasamamooty@gmail.com,7419757,4
EMP03311,Aaina Rajan,40,Female,Marketing,Content Strategist,Diploma,58158,15,Hyderabad,16,No,5,5,1,1,51,7,23,3,15,1,5,No,Not Provided,30-12-2016,reyanshhans@deo.info,227771718,6
EMP03312,Jivika Sachdeva,56,Other,Customer Support,Support Executive,Diploma,144985,35,Kolkata,11,No,1,2,4,4,74,0,19,15,25,1,1,No,Not Provided,24-03-2022,saanvi39@johal-choudhury.org,6546270391,8
EMP03313,Shanaya Chacko,52,Other,Sales,Sales Executive,Bachelors,109413,31,Bangalore,19,Yes,3,3,4,1,78,10,17,3,18,3,5,No,Not Provided,29-01-2023,azad82@hotmail.com,2150657121,6
EMP03314,Vaibhav Sarkar,28,Female,Finance,Financial Analyst,MBA,178179,7,Hyderabad,9,No,2,4,3,2,80,5,2,4,13,1,2,No,Not Provided,28-06-2016,jayeshkadakia@gmail.com,365988903,9
EMP03315,Prisha Venkataraman,38,Female,HR,Recruiter,Bachelors,25816,16,Delhi,21,Yes,1,5,2,1,22,0,0,8,5,2,5,No,Not Provided,08-01-2022,vasaseher@gmail.com,9143756453,11
EMP03316,Navya Chauhan,24,Other,Operations,Operations Executive,Bachelors,145576,1,Kolkata,28,Yes,5,3,4,1,59,1,24,15,20,1,3,No,Not Provided,26-12-2025,riaansachar@hotmail.com,4327392082,7
EMP03317,Vardaniya Sandal,52,Female,Finance,Accountant,MBA,77836,31,Delhi,28,Yes,5,3,3,3,9,1,3,15,16,5,1,No,Not Provided,24-09-2017,yakshit92@rajagopal.net,3126788445,10
EMP03318,Ahana  Bora,39,Female,IT,BI Developer,MBA,160540,10,Chennai,37,Yes,4,4,5,1,72,10,6,6,21,3,1,No,Not Provided,06-05-2026,deolkavya@yahoo.com,6475190793,7
EMP03319,Vidur Edwin,39,Male,Finance,Accountant,Masters,103301,17,Mumbai,31,Yes,4,5,4,2,4,1,4,6,10,2,1,No,Not Provided,20-04-2025,inaaya-swamy@gmail.com,934548554,7
EMP03320,Adah Madan,60,Male,Marketing,Content Strategist,MBA,30101,34,Noida,23,Yes,5,3,5,5,2,7,7,7,19,3,2,No,Not Provided,20-06-2018,ywali@keer-goel.biz,2636359122,4
EMP03321,Hridaan Chakraborty,40,Other,IT,Accountant,Masters,25530,10,Pune,28,Yes,1,2,2,2,63,6,12,6,9,1,5,Yes,"Poor Work Life Balance, Overtime, Low Job Satisfaction",19-08-2019,Not Generated,9884156149,15
EMP03322,Vanya Raj,38,Other,Sales,Business Development Associate,Masters,123149,17,Hyderabad,2,Yes,5,4,1,5,16,8,21,3,17,3,2,No,Not Provided,10-05-2024,alishabobal@hotmail.com,3522557581,6
EMP03323,Chirag Badal,59,Female,HR,HR Executive,MBA,47986,34,Bangalore,18,No,2,3,2,4,23,5,9,2,4,5,3,No,Not Provided,07-02-2017,edhillon@aurora-ganesh.org,4859064650,10
EMP03324,Aradhya Goswami,51,Female,Customer Support,Customer Success Manager,MBA,30077,22,Delhi,31,Yes,2,1,5,4,69,8,6,9,6,5,4,Yes,"Poor Work Life Balance, Overtime, Low Job Satisfaction",02-12-2020,samihakhare@hotmail.com,6671890729,14
EMP03325,Charvi Warrior,24,Female,Finance,Financial Analyst,Diploma,31459,0,Kolkata,33,No,1,2,2,3,22,2,6,6,25,2,3,No,Not Provided,30-11-2021,ahana-ganguly@yahoo.com,6095751838,9
EMP03326,Jivin Kohli,34,Female,HR,HR Manager,Masters,134487,13,Kolkata,1,No,5,1,4,3,13,6,2,10,6,5,5,No,Not Provided,31-12-2022,fatehsandal@yahoo.com,1859195194,12
EMP03327,Jiya Kannan,29,Female,HR,Recruiter,Diploma,124176,6,Kolkata,16,Yes,2,2,4,2,59,5,18,15,20,5,2,Yes,"Poor Work Life Balance, Overtime, Low Job Satisfaction",25-05-2024,amanichatterjee@wali.com,9458910484,17
EMP03328,Zeeshan Sura,36,Female,Customer Support,Support Executive,Masters,71063,9,Bangalore,3,No,5,5,4,4,42,7,6,4,13,2,3,No,Not Provided,07-09-2020,nirvaan56@yahoo.com,8406718868,2
EMP03329,Lakshay Chander,46,Male,Marketing,SEO Specialist,Bachelors,162724,19,Kolkata,17,Yes,4,3,2,5,14,4,15,6,13,3,2,No,Not Provided,26-05-2021,damini36@chandran.com,780159563,4
EMP03330,Ahana  Manne,29,Male,Marketing,SEO Specialist,Bachelors,116185,5,Noida,9,No,5,1,5,4,5,2,7,7,11,2,1,No,Not Provided,17-04-2025,zoyabahri@gade.org,6594930474,3
EMP03331,Neysa Borra,43,Male,Finance,Accountant,Bachelors,102195.4237,17,Hyderabad,19,Yes,3,4,4,1,74,6,3,12,21,5,5,Yes,"Overtime, Manager Issues, High Stress",13-09-2019,kavyarout@bali.com,2307597510,13
EMP03332,Vihaan Bhatt,29,Female,Customer Support,Support Executive,Masters,78034,9,Delhi,19,No,1,2,3,5,68,4,4,5,15,5,4,No,Not Provided,14-11-2020,aarnaraval@hotmail.com,5921320424,11
EMP03333,Trisha Gala,49,Female,Customer Support,Customer Success Manager,Bachelors,67662,27,Kolkata,16,No,4,4,3,3,33,4,6,2,4,3,4,No,Not Provided,06-07-2022,tarinisaran@hotmail.com,2440580189,0
EMP03334,Shamik Biswas,53,Male,Operations,Supply Chain Analyst,Bachelors,136569,23,Chennai,6,No,2,4,1,3,76,1,0,9,15,4,4,No,Not Provided,07-01-2018,aaryahi16@hotmail.com,720557066,10
EMP03335,Kismat Dora,75,Female,Finance,Finance Manager,Bachelors,176267,7,Pune,16,Yes,2,2,3,4,45,9,21,5,12,3,1,No,Not Provided,09-03-2026,ncomar@yahoo.com,2445278033,10
EMP03336,Abram Dhar,36,Male,Customer Support,Support Executive,Diploma,41297,6,Pune,23,Yes,5,3,3,5,35,4,21,2,7,2,3,No,Not Provided,07-08-2023,ychoudhary@hegde-deol.info,9694012909,2
EMP03337,Hrishita Sangha,38,Other,Finance,Financial Analyst,Diploma,131422,17,Bangalore,2,No,2,2,5,4,7,2,14,12,13,2,1,No,Not Provided,24-04-2021,gsrivastava@shere.biz,7649675205,8
EMP03338,Aayush Sani,44,Male,Finance,Finance Manager,Diploma,151208,16,Noida,28,Yes,3,2,4,4,54,1,22,8,10,4,1,No,Not Provided,12-12-2024,kbhalla@jaggi-thaker.com,989430727,9
EMP03339,Indranil Doshi,52,Male,Sales,Sales Executive,Diploma,31373,28,Pune,26,Yes,2,5,4,5,67,6,25,12,13,5,5,Yes,"Poor Work Life Balance, Overtime, High Stress",21-01-2024,hayervritika@hotmail.com,7631522994,13
EMP03340,Divit Sagar,40,Other,HR,HR Executive,Bachelors,31364,14,Chennai,21,Yes,3,5,4,3,15,3,5,6,17,3,1,No,Not Provided,26-07-2019,aniruddhbahri@deshmukh-balakrishnan.com,8038277103,4
EMP03341,Kashvi De,50,Female,Customer Support,Support Executive,Bachelors,130755,30,Noida,25,Yes,3,5,3,4,7,7,22,11,11,5,4,No,Not Provided,20-04-2021,hazel35@yahoo.com,2778795789,10
EMP03342,Pihu Char,35,Other,Customer Support,Support Executive,Masters,104402,13,Chennai,2,Yes,4,2,2,2,48,0,2,4,17,5,1,Yes,"Overtime, Low Job Satisfaction, Manager Issues",14-03-2018,armaan04@gmail.com,850437538,14
EMP03343,Ishaan Acharya,51,Male,Operations,Operations Executive,Bachelors,156391,31,Bangalore,39,No,5,4,1,3,75,3,25,3,4,1,3,No,Not Provided,24-04-2026,hunar28@guha-lal.net,7366567712,3
EMP03344,Zoya Roy,35,Other,Marketing,Content Strategist,Diploma,133881,11,Noida,31,Yes,1,4,1,2,56,1,1,8,15,5,4,Yes,"Poor Work Life Balance, Overtime, Manager Issues",18-01-2021,dishani07@gmail.com,2174706504,15
EMP03345,Abram Wagle,43,Female,Operations,Supply Chain Analyst,Bachelors,121146,19,Noida,4,Yes,4,2,5,3,53,9,0,15,22,3,3,No,Not Provided,13-04-2018,anaykannan@gmail.com,1237584230,11
EMP03346,Rhea Barman,40,Female,Not assigned,SEO Specialist,Masters,175802,19,Pune,13,Yes,2,4,1,3,45,6,3,4,19,1,2,No,Not Provided,14-07-2019,sraval@gmail.com,5838206518,11
EMP03347,Heer Deshmukh,54,Other,Sales,Business Development Associate,MBA,69193,25,Delhi,30,Yes,1,2,5,5,31,0,18,3,23,3,4,No,Not Provided,14-08-2022,ahujahrishita@gill.com,6657892513,9
EMP03348,Eshani Lala,23,Female,Operations,Supply Chain Analyst,Masters,96143,0,Delhi,38,Yes,4,1,5,3,30,5,6,14,25,3,2,No,Not Provided,17-02-2023,kchandran@yahoo.com,1271908925,10
EMP03349,Kartik Baral,58,Other,Sales,Business Development Associate,MBA,32323,35,Bangalore,13,No,2,1,5,4,7,3,21,4,8,2,1,No,Not Provided,08-01-2020,jivikabanerjee@hotmail.com,4791343425,6
EMP03350,Reyansh Srinivas,47,Other,Operations,Operations Executive,Bachelors,84657,24,Pune,30,Yes,4,1,5,3,54,6,2,3,9,4,4,Yes,"Overtime, Low Job Satisfaction, High Stress",09-04-2026,esami@ahluwalia.com,8691094255,13
EMP03351,Misha Sampath,38,Female,Customer Support,Customer Success Manager,Masters,122950,10,Kolkata,30,Yes,4,4,3,5,51,8,1,13,7,3,4,No,Not Provided,04-09-2025,nakulmall@tara.com,9595387395,9
EMP03352,Hiran Kari,37,Other,Finance,Accountant,MBA,130008,11,Delhi,13,No,5,5,5,3,29,10,25,15,2,1,2,No,Not Provided,16-04-2018,dhillondivit@hari.com,8464795627,4
EMP03353,Baiju Sunder,27,Female,Sales,Sales Executive,Diploma,43163,0,Bangalore,38,Yes,5,3,1,3,76,10,1,1,24,3,1,No,Not Provided,13-07-2025,fbuch@hotmail.com,1053146849,9
EMP03354,Manjari Sastry,48,Other,HR,HR Manager,Diploma,168745,25,Mumbai,14,No,2,1,5,3,50,3,3,1,2,4,2,No,Not Provided,18-10-2018,gbanik@dave.com,6513358082,11
EMP03355,Jhanvi Kari,59,Male,Finance,Financial Analyst,Bachelors,160291,38,Chennai,33,No,2,1,4,1,71,8,20,9,7,5,5,Yes,"Poor Work Life Balance, Low Job Satisfaction, Manager Issues",29-05-2019,kiara60@yahoo.com,8755641165,14
EMP03356,Suhana Ghosh,59,Other,Marketing,Marketing Manager,MBA,148995,33,Chennai,16,No,3,3,2,1,50,10,0,4,17,1,5,No,Not Provided,08-04-2021,kalestuvan@yahoo.com,1689276567,8
EMP03357,Baiju Rama,21,Female,Operations,Supply Chain Analyst,Masters,139151,0,Pune,8,No,4,5,2,5,23,9,12,13,22,3,1,No,Not Provided,25-01-2026,anika85@yahoo.com,7198836834,6
EMP03358,Madhup Shah,50,Female,Customer Support,Customer Success Manager,Bachelors,175818,23,Hyderabad,25,No,5,5,2,4,3,0,22,15,17,1,4,No,Not Provided,27-06-2023,brattan@hotmail.com,7590248943,5
EMP03359,Samar Thakur,60,Female,Operations,Operations Executive,Bachelors,55719,40,Delhi,15,No,2,3,3,2,44,8,4,6,21,4,4,No,Not Provided,05-01-2017,Not Generated,7191701624,12
EMP03360,Yashvi Keer,32,Other,Customer Support,Support Executive,MBA,158999,2,Kolkata,27,No,5,1,4,3,6,0,5,8,11,5,3,No,Not Provided,03-11-2024,dhanushbora@choudhury-solanki.biz,2427983244,9
EMP03361,Yuvraj  Gulati,26,Other,Customer Support,Customer Success Manager,Masters,124978,0,Kolkata,10,Yes,5,4,2,5,55,5,4,15,11,1,5,No,Not Provided,03-09-2017,amira02@wable.biz,178027829,10
EMP03362,Adira Dube,33,Other,HR,Recruiter,Masters,119181,9,Chennai,30,No,1,4,3,2,73,7,6,6,7,4,2,No,Not Provided,22-06-2019,esastry@gmail.com,3986699229,11
EMP03363,Sahil Magar,29,Male,Sales,Sales Manager,MBA,78356,2,Bangalore,22,Yes,1,2,1,1,45,2,0,8,16,2,3,Yes,"Poor Work Life Balance, Overtime, Low Job Satisfaction",06-09-2016,eshani26@wason-setty.net,6903742183,14
EMP03364,Damini Mani,38,Male,Customer Support,Customer Success Manager,MBA,26079,12,Pune,23,Yes,4,3,3,5,59,4,9,1,17,3,4,No,Not Provided,10-02-2023,darshitjha@yahoo.com,4401724942,2
EMP03365,Nakul Borra,51,Male,Finance,Accountant,Diploma,163686,26,Bangalore,21,Yes,5,1,5,3,37,5,15,11,1,2,5,No,Not Provided,19-09-2025,hanshsavant@bahl.biz,7828451624,9
EMP03366,Amani Iyengar,40,Other,IT,BI Developer,Diploma,53080,18,Delhi,35,Yes,4,1,4,3,71,4,6,8,23,5,5,No,Not Provided,06-12-2022,ratikaran@hotmail.com,240440140,9
EMP03367,Arnav Lata,24,Other,IT,Marketing Manager,Masters,59551,0,Delhi,18,No,5,5,2,1,53,8,15,3,15,2,3,No,Not Provided,09-09-2016,abramsuri@gmail.com,5165671357,6
EMP03368,Ayesha Comar,33,Male,Operations,Operations Executive,Diploma,114846,7,Mumbai,31,No,3,4,2,2,19,3,4,12,0,2,1,No,Not Provided,21-08-2021,Not Generated,5151341698,9
EMP03369,Miraan Chandra,21,Female,Marketing,Content Strategist,Diploma,147401,0,Mumbai,22,Yes,5,5,2,3,11,3,12,11,22,3,5,No,Not Provided,23-04-2026,riaansarma@mahajan-chanda.net,2700531409,6
EMP03370,Hridaan Chaudhry,57,Other,HR,HR Executive,Masters,71350,27,Chennai,11,Yes,2,3,4,5,2,2,17,9,9,1,3,No,Not Provided,19-03-2024,purabsetty@gmail.com,3012917273,5
EMP03371,Aarav Talwar,49,Other,Operations,Operations Executive,MBA,74406,29,Bangalore,26,No,3,3,5,4,74,1,4,8,16,3,4,No,Not Provided,25-01-2022,divit21@hotmail.com,3364353433,3
EMP03372,Jiya Jani,47,Female,HR,Recruiter,Bachelors,103323,20,Pune,25,Yes,1,1,1,4,53,2,22,9,19,2,4,No,Not Provided,06-10-2021,nsom@hotmail.com,3627888882,11
EMP03373,Dhruv Toor,30,Male,Customer Support,Customer Success Manager,Masters,53509,2,Chennai,20,Yes,2,3,4,2,56,5,11,3,1,4,2,No,Not Provided,12-03-2024,khoslamanikya@dani.com,8918163782,12
EMP03374,Mohanlal Devi,33,Male,Marketing,SEO Specialist,Diploma,111354,5,Mumbai,2,Yes,5,3,2,2,47,6,21,5,6,4,3,No,Not Provided,13-09-2017,aurorabhamini@karnik.com,8516748139,11
EMP03375,Manjari Bassi,29,Other,Customer Support,Support Executive,Bachelors,88829,5,Mumbai,23,No,4,3,4,1,29,7,2,3,11,4,3,No,Not Provided,25-10-2025,esubramanian@gmail.com,5695607095,9
EMP03376,Tanya Uppal,34,Other,HR,Recruiter,MBA,130230,14,Hyderabad,25,No,5,4,1,5,6,10,19,1,10,3,3,No,Not Provided,29-04-2018,umanggrewal@magar.com,4214234921,5
EMP03377,Raunak Viswanathan,22,Other,Marketing,Content Strategist,Diploma,59655,0,Bangalore,15,No,3,4,1,5,53,3,3,15,25,5,2,No,Not Provided,26-04-2021,datetaimur@hotmail.com,9726061514,9
EMP03378,Rasha Bahl,21,Female,Sales,Sales Executive,Diploma,34680,0,Delhi,2,No,5,3,2,1,47,7,4,9,17,1,2,No,Not Provided,17-06-2024,taimur65@gmail.com,8464337227,8
EMP03379,Pihu Borde,54,Female,IT,Software Engineer,Diploma,72682,29,Delhi,19,No,1,2,4,3,28,3,6,8,21,5,3,No,Not Provided,03-06-2017,aniruddhkarnik@yahoo.com,717798429,9
EMP03380,Nakul Kothari,27,Other,Sales,Sales Executive,Diploma,157813,3,Kolkata,39,Yes,2,2,2,1,4,7,6,15,15,2,2,Yes,"Poor Work Life Balance, Overtime, Low Job Satisfaction",28-07-2022,madhav39@yahoo.com,9352365102,17
EMP03381,Not Available,48,Male,IT,Data Analyst,Diploma,60326,25,Noida,7,Yes,4,1,1,1,78,10,24,12,14,2,2,No,Not Provided,26-10-2020,ujain@chakrabarti.com,1190111136,13
EMP03382,Bhavin Dave,27,Male,Sales,Business Development Associate,Masters,63702,3,Noida,34,Yes,4,2,1,1,39,1,20,1,5,3,1,No,Not Provided,14-07-2020,rbal@sidhu.com,4045526003,10
EMP03383,Lagan Wagle,23,Other,HR,HR Executive,MBA,93933,3,Mumbai,32,Yes,5,4,4,5,6,3,7,11,3,1,3,No,Not Provided,30-07-2017,alishagupta@hotmail.com,9200126607,5
EMP03384,Ira Varghese,40,Female,Customer Support,Customer Success Manager,Masters,110583,15,Chennai,17,Yes,2,4,5,5,29,5,23,5,11,3,3,No,Not Provided,27-10-2025,dasschirag@hotmail.com,7140135563,7
EMP03385,Suhana Shere,49,Other,Sales,Sales Executive,Masters,113564,29,Bangalore,28,No,2,5,2,5,32,6,25,13,6,3,1,No,Not Provided,14-08-2020,gadehrishita@yahoo.com,9689372160,10
EMP03386,Kanav Dhar,59,Other,Sales,Sales Executive,Diploma,179639,39,Kolkata,14,No,2,3,5,4,15,2,6,8,6,5,4,No,Not Provided,26-04-2026,saininirvi@hegde-sharma.info,5370032351,6
EMP03387,Zoya Khalsa,41,Other,Finance,Accountant,Bachelors,169629,13,Delhi,7,No,4,1,2,4,21,5,20,15,7,5,4,No,Not Provided,21-08-2025,manjari39@hotmail.com,4435487244,12
EMP03388,Diya Goyal,34,Other,Sales,Business Development Associate,MBA,126255,14,Mumbai,27,Yes,1,2,5,2,49,7,21,3,20,3,4,No,Not Provided,27-03-2025,samarthbava@yahoo.com,1601650198,13
EMP03389,Heer Basak,75,Other,IT,Software Engineer,Masters,86013,5,Bangalore,25,No,4,1,3,2,21,2,3,2,19,1,3,No,Not Provided,14-08-2022,wbalakrishnan@hotmail.com,5765870255,8
EMP03390,Darshit Dutt,56,Other,Sales,Sales Manager,Bachelors,51402,30,Kolkata,26,Yes,5,3,5,4,4,6,3,13,2,3,5,No,Not Provided,04-06-2021,ritviksuresh@yahoo.com,3930629594,9
EMP03391,Madhup Som,47,Male,IT,Data Analyst,MBA,109003,26,Chennai,23,Yes,7,2,1,3,75,7,23,13,21,3,2,No,Not Provided,01-08-2021,wluthra@golla-buch.net,9177615870,11
EMP03392,Adah Maharaj,37,Male,Marketing,Content Strategist,Bachelors,105681,15,Kolkata,36,Yes,3,5,4,5,34,5,15,9,4,2,2,No,Not Provided,29-05-2025,mishahora@yahoo.com,2402596490,5
EMP03393,Alia Gandhi,33,Male,Marketing,SEO Specialist,MBA,104921,8,Bangalore,29,Yes,2,5,3,4,79,8,12,2,6,1,4,No,Not Provided,12-03-2026,ela90@mandal-bhavsar.com,5466745364,8
EMP03394,Amira Shankar,52,Other,Operations,Operations Executive,Diploma,157087,32,Bangalore,6,No,3,5,4,5,22,7,7,2,20,3,1,No,Not Provided,24-07-2022,divanhridaan@iyengar.com,4385529319,2
EMP03395,Adira Varty,23,Female,Operations,Operations Executive,MBA,85041,0,Noida,23,No,5,1,2,1,60,9,4,14,23,4,3,Yes,"Low Job Satisfaction, Manager Issues, High Stress",16-06-2022,azaddayal@goyal.com,5585842233,16
EMP03396,Eva Subramanian,60,Female,Sales,Business Development Associate,Diploma,110971,30,Bangalore,25,Yes,3,4,5,3,4,3,16,6,15,5,5,No,Not Provided,02-06-2017,jivinsheth@sarin.com,1316728956,6
EMP03397,Kismat D’Alia,60,Other,Marketing,SEO Specialist,Diploma,70795,38,Noida,2,Yes,5,2,1,2,70,10,9,3,21,4,2,Yes,"Overtime, Low Job Satisfaction, Manager Issues",04-03-2023,keyareddy@gmail.com,2991600661,14
EMP03398,Adira Chauhan,23,Male,Operations,Supply Chain Analyst,Bachelors,103525,0,Delhi,32,No,2,3,4,2,0,4,5,1,24,2,3,No,Not Provided,12-07-2023,aayushmaster@hotmail.com,3558075027,8
EMP03399,Jhanvi Bail,40,Other,Customer Support,Support Executive,Diploma,83564,10,Bangalore,2,Yes,5,4,4,3,77,3,7,9,9,3,3,No,Not Provided,01-08-2021,onkar05@gmail.com,9192360833,2
EMP03400,Biju Yohannan,46,Male,Customer Support,Customer Success Manager,Diploma,167831,22,Chennai,40,Yes,5,5,3,1,46,3,2,4,16,2,2,No,Not Provided,26-02-2023,fmadan@hotmail.com,6679721176,7
EMP03401,Advik Devan,37,Male,Finance,Financial Analyst,Bachelors,150831,14,Bangalore,29,No,3,5,1,2,5,9,2,13,25,4,2,Yes,"Manager Issues, High Stress, No Promotion",09-01-2024,ybhargava@hotmail.com,5094339315,14
EMP03402,Ela Keer,39,Other,Operations,Operations Executive,Diploma,137727,16,Noida,16,Yes,2,2,1,4,58,3,7,11,7,4,2,Yes,"Poor Work Life Balance, Overtime, Low Job Satisfaction",14-10-2017,doctortarini@shanker.com,8283286000,15
EMP03403,Shayak Raman,75,Other,Sales,Sales Executive,Diploma,102871,6,Pune,10,No,2,1,1,5,1,2,23,4,21,1,5,No,Not Provided,22-08-2021,khuranabadal@yahoo.com,8490110145,8
EMP03404,Zain Chaudhry,48,Female,Sales,Business Development Associate,Masters,127275,24,Noida,11,Yes,4,1,1,3,70,2,18,1,21,2,1,No,Not Provided,06-06-2025,keertushar@trivedi.com,5134780098,7
EMP03405,Vritika Mangat,50,Male,Marketing,Marketing Manager,Diploma,141349,22,Pune,4,No,2,2,3,2,44,10,3,13,22,5,2,Yes,"Poor Work Life Balance, Low Job Satisfaction, Manager Issues",17-03-2023,daveyuvaan@gmail.com,880414450,17
EMP03406,Arnav Vora,58,Male,Marketing,Content Strategist,Bachelors,97881,34,Kolkata,15,No,3,3,4,2,59,6,11,15,0,5,5,No,Not Provided,17-09-2019,hbandi@yahoo.com,5397644749,9
EMP03407,Rati Dhar,29,Other,Operations,Operations Executive,Bachelors,102936.097,2,Delhi,37,No,4,2,4,4,79,1,11,10,18,1,2,No,Not Provided,22-03-2020,mdeshpande@gmail.com,6303312375,6
EMP03408,Adah Agarwal,26,Other,Operations,Supply Chain Analyst,Bachelors,77034,5,Delhi,1,Yes,5,2,3,2,60,7,17,15,13,3,1,No,Not Provided,19-06-2020,khushirastogi@sarraf.biz,8136691173,11
EMP03409,Mishti Ramakrishnan,46,Other,Sales,Business Development Associate,Masters,31810,26,Pune,27,No,2,5,3,4,11,1,14,8,13,4,2,No,Not Provided,20-07-2024,eshani76@mannan.com,9545005127,7
EMP03410,Aaryahi Dugal,22,Other,Operations,Operations Executive,Masters,64694,1,Bangalore,7,No,3,5,2,2,46,9,20,12,1,2,2,No,Not Provided,03-05-2023,lkala@gmail.com,1108770865,8
EMP03411,Kanav Bail,46,Male,Customer Support,Support Executive,Diploma,64600,23,Noida,12,No,4,5,1,3,51,7,11,4,12,4,1,No,Not Provided,22-05-2017,ndhingra@hotmail.com,8170694493,7
EMP03412,Lakshit Gaba,25,Female,HR,HR Executive,MBA,43654,0,Kolkata,15,No,2,4,1,3,61,0,24,13,24,3,5,No,Not Provided,25-05-2016,vaibhavvirk@mannan.com,560387768,7
EMP03413,Darshit Dada,23,Other,Operations,Supply Chain Analyst,Bachelors,110973,3,Pune,31,Yes,2,1,5,3,62,9,11,13,19,4,5,Yes,"Poor Work Life Balance, Overtime, Low Job Satisfaction",09-03-2021,shalv84@yahoo.com,636986134,16
EMP03414,Miraan Chhabra,58,Male,Operations,Supply Chain Analyst,Bachelors,62961,29,Pune,37,No,1,2,3,1,65,7,2,6,18,1,2,Yes,"Poor Work Life Balance, Low Job Satisfaction, Manager Issues",02-07-2020,cbhargava@gmail.com,2989697353,13
EMP03415,Prerak Loke,41,Other,Sales,Business Development Associate,Bachelors,149780,15,Mumbai,18,Yes,4,3,5,4,79,5,1,8,6,1,1,No,Not Provided,24-02-2020,sanabava@bava-ratti.com,4300743383,6
EMP03416,Parinaaz Karnik,60,Female,Finance,Recruiter,Bachelors,49366,31,Delhi,8,Yes,5,1,3,2,51,2,8,7,16,5,4,No,Not Provided,13-07-2018,kartik62@bhandari.com,4192041314,10
EMP03417,Taimur Hayer,26,Male,Sales,Business Development Associate,Masters,130149,4,Pune,34,No,4,3,2,3,12,7,24,9,3,1,1,No,Not Provided,25-09-2024,divitgaba@hotmail.com,1124957148,5
EMP03418,Anahi Rajan,33,Female,IT,BI Developer,MBA,102858,3,Delhi,9,No,4,5,5,1,51,9,19,1,18,2,1,No,Not Provided,23-02-2020,gatik81@sampath.biz,9807409032,4
EMP03419,Shlok Ben,36,Male,Operations,Supply Chain Analyst,Diploma,57133,10,Delhi,11,No,1,3,5,4,56,0,19,4,24,5,4,No,Not Provided,28-05-2024,yuvaan40@gmail.com,692613239,6
EMP03420,Aarna Divan,32,Other,IT,System Admin,Masters,65234,4,Bangalore,31,Yes,4,3,1,1,59,0,24,14,6,5,3,No,Not Provided,13-08-2022,braroorja@gmail.com,3682782191,12
EMP03421,Zeeshan Ahuja,50,Other,Operations,Operations Executive,Bachelors,51556,25,Chennai,5,No,4,3,3,2,0,5,21,15,18,3,1,No,Not Provided,02-12-2019,kiaansaha@brahmbhatt.com,4492496331,6
EMP03422,Myra Kala,56,Other,Customer Support,Support Executive,Bachelors,103485,27,Hyderabad,26,No,4,4,5,1,15,4,11,13,14,1,2,No,Not Provided,22-03-2020,bhavin34@yahoo.com,2730430474,5
EMP03423,Nitara Rajagopalan,34,Other,Operations,Supply Chain Analyst,Diploma,77409,10,Hyderabad,25,Yes,1,3,4,1,20,9,8,1,2,2,5,No,Not Provided,09-12-2024,suraadah@master-sankar.com,2415534998,10
EMP03424,Aniruddh Baria,29,Male,Operations,Supply Chain Analyst,Masters,107966,0,Noida,20,Yes,5,4,1,1,42,2,5,8,12,3,5,No,Not Provided,09-01-2022,treddy@ghosh-ganesh.net,6192279999,8
EMP03425,Badal Bhatt,44,Other,Sales,Sales Manager,Bachelors,112285,14,Mumbai,30,Yes,2,5,5,5,31,2,25,2,0,5,1,No,Not Provided,31-01-2026,ehsaansane@gmail.com,6891222025,9
EMP03426,Charvi Bhat,47,Male,Customer Support,Support Executive,Masters,75471,27,Mumbai,28,No,2,2,3,3,76,10,8,4,1,2,5,No,Not Provided,20-03-2022,ishita29@hotmail.com,7354143864,9
EMP03427,Saanvi Dani,37,Female,HR,Recruiter,Masters,143859,15,Delhi,38,No,3,4,1,5,73,6,25,1,17,3,5,No,Not Provided,30-03-2019,sanne@roy.com,6690701711,5
EMP03428,Kavya Issac,31,Female,IT,BI Developer,MBA,59762,3,Mumbai,40,No,1,3,5,1,13,3,7,15,1,2,3,No,Not Provided,03-12-2023,charvi92@hotmail.com,5032813936,8
EMP03429,Rania Bahri,29,Male,IT,Software Engineer,Masters,128766,7,Chennai,2,Yes,4,4,2,5,55,5,0,11,24,5,2,Yes,"Overtime, High Stress, No Promotion",21-10-2022,Not Generated,663891555,13
EMP03430,Vanya Karan,49,Other,IT,Software Engineer,Bachelors,128524,23,Delhi,27,No,2,4,3,3,53,9,13,2,20,4,3,No,Not Provided,05-08-2019,aarushchokshi@shroff.com,8812685049,9
EMP03431,Kimaya Sheth,28,Male,Finance,Financial Analyst,Masters,58218,0,Kolkata,39,Yes,2,4,5,5,62,2,24,11,8,4,3,No,Not Provided,22-10-2022,baijubora@gmail.com,6726247842,11
EMP03432,Jhanvi Kanda,35,Other,HR,HR Manager,MBA,151957,15,Hyderabad,34,No,3,3,1,4,20,0,0,6,8,5,3,No,Not Provided,28-10-2025,heersandal@sandhu.com,4022699889,8
EMP03433,Shlok Gaba,36,Other,Sales,Sales Executive,Bachelors,159457,10,Chennai,5,Yes,1,1,3,3,41,7,13,15,22,3,1,No,Not Provided,18-10-2020,beravardaniya@tak-srinivas.net,7304558809,12
EMP03434,Veer Khatri,38,Male,HR,HR Executive,MBA,87223,8,Chennai,10,No,4,1,5,2,25,5,8,10,24,5,1,No,Not Provided,18-06-2023,advikaluthra@yahoo.com,6311787851,12
EMP03435,Indrajit Choudhury,28,Male,Operations,Supply Chain Analyst,Diploma,87105,8,Hyderabad,7,Yes,2,1,2,3,75,4,11,1,9,2,5,No,Not Provided,18-06-2024,vaibhavsengupta@sachar.com,793677313,10
EMP03436,Baiju Mane,48,Male,Customer Support,Support Executive,MBA,112837,19,Delhi,35,No,1,4,4,1,71,10,0,14,19,4,4,Yes,"Poor Work Life Balance, Manager Issues, High Stress",15-03-2023,xcherian@baral-sachar.biz,9755044331,15
EMP03437,Vaibhav Dhar,46,Male,HR,HR Manager,Masters,140790,26,Pune,16,Yes,2,1,1,3,6,2,14,15,16,1,4,No,Not Provided,15-01-2020,prishajaggi@venkatesh-keer.info,24636456,12
EMP03438,Aniruddh Sem,32,Female,Marketing,Content Strategist,Bachelors,174104,4,Chennai,19,Yes,1,3.039382866,1,3,19,0,5,9,17,1,2,No,Not Provided,27-04-2020,charela@hotmail.com,7187907354,9
EMP03439,Saanvi Dixit,39,Male,Marketing,Content Strategist,Diploma,126825,13,Bangalore,21,Yes,1,4,1,4,71,3,7,12,17,3,5,No,Not Provided,16-01-2017,anahirajagopalan@rege.net,5757907482,9
EMP03440,Vidur Dutt,33,Other,IT,System Admin,Diploma,75951,4,Chennai,39,Yes,4,5,2,1,72,2,5,9,1,1,1,No,Not Provided,23-02-2019,ttoor@gmail.com,6875948092,9
EMP03441,Jhanvi Chaudry,36,Other,Customer Support,Support Executive,Diploma,150057,11,Chennai,14,Yes,1,2,1,2,15,10,18,15,5,3,4,Yes,"Poor Work Life Balance, Overtime, Low Job Satisfaction",21-10-2016,ybhargava@tata.info,6374675097,16
EMP03442,Miraya Tripathi,54,Male,Finance,Financial Analyst,MBA,142632,24,Bangalore,26,No,3,3,3,3,78,10,9,12,14,2,3,No,Not Provided,22-12-2016,uthkarshkar@balasubramanian.info,7051702324,5
EMP03443,Shanaya Saha,42,Other,Marketing,Marketing Manager,MBA,100931,21,Mumbai,12,No,4,5,1,5,47,7,7,4,6,4,1,No,Not Provided,24-04-2019,nitara12@gmail.com,1353067518,7
EMP03444,Elakshi Dugal,52,Other,Marketing,Content Strategist,Diploma,115855,27,Bangalore,14,No,1,2,3,4,62,0,16,1,9,1,1,No,Not Provided,24-12-2016,anandnakul@yahoo.com,2422495123,6
EMP03445,Tara Grover,46,Female,HR,Recruiter,Bachelors,77431,16,Noida,18,No,3,3.039382866,2,3,45,1,24,9,8,4,2,No,Not Provided,17-02-2022,shaandin@hotmail.com,4904190393,5
EMP03446,Rasha Anne,51,Other,Sales,Sales Manager,Diploma,83667,29,Bangalore,7,Yes,4,3.039382866,3,3,27,5,13,9,14,1,2,No,Not Provided,18-12-2016,lagansalvi@raman.com,8114730536,4
EMP03447,Faiyaz Kibe,47,Other,Marketing,Content Strategist,Diploma,160226,19,Mumbai,36,Yes,2,4,4,2,30,7,10,9,8,4,1,Yes,"Poor Work Life Balance, Overtime, Manager Issues",08-06-2016,oratti@sekhon.info,7168555308,13
EMP03448,Gokul Gera,34,Male,Finance,Financial Analyst,Bachelors,132836,10,Delhi,29,No,3,5,5,3,28,1,4,5,12,3,1,No,Not Provided,09-05-2019,dsridhar@andra.com,7356305489,3
EMP03449,Kimaya Kalla,49,Other,Not assigned,Business Development Associate,Diploma,54667,23,Noida,9,Yes,4,3,1,3,38,6,14,6,11,1,2,No,Not Provided,20-09-2018,uhans@ray.com,5536005804,6
EMP03450,Lagan Hegde,35,Female,Sales,Sales Manager,MBA,121449,7,Chennai,38,Yes,3,3.039382866,4,4,46,3,23,6,13,4,1,No,Not Provided,13-06-2019,zara47@hotmail.com,644082437,6
EMP03451,Vidur Shere,49,Other,Marketing,Content Strategist,MBA,146914,22,Hyderabad,9,No,2,4,2,1,23,4,21,13,8,3,4,No,Not Provided,20-12-2024,ivan75@gmail.com,6660348843,9
EMP03452,Kismat Iyer,31,Other,Sales,Business Development Associate,Diploma,44726,7,Kolkata,27,Yes,2,3,2,1,9,1,24,9,8,4,2,No,Not Provided,04-12-2023,ayesha95@gulati.com,8981364112,13
EMP03453,Nehmat Verma,51,Female,Finance,Financial Analyst,MBA,98859,31,Bangalore,21,Yes,5,5,3,1,79,9,10,8,0,3,5,No,Not Provided,31-05-2019,mishtisagar@dash.biz,7823216066,6
EMP03454,Ira Sachdev,26,Male,Sales,Business Development Associate,Diploma,131201,2,Mumbai,22,No,4,1,1,2,44,10,10,12,22,2,2,No,Not Provided,25-03-2019,jaggiseher@yahoo.com,7143140798,11
EMP03455,Purab Uppal,60,Other,Sales,Business Development Associate,Bachelors,126390,40,Hyderabad,37,No,3,3,3,3,5,1,18,15,4,1,1,No,Not Provided,11-05-2017,saanvisachar@gmail.com,2458527953,3
EMP03456,Shamik Tripathi,29,Female,HR,HR Executive,MBA,113162,7,Bangalore,13,No,5,2,1,2,68,3,19,7,17,3,5,No,Not Provided,14-02-2018,renee36@hotmail.com,61643211,7
EMP03457,Aaryahi Ben,37,Male,Operations,Operations Executive,Diploma,116945,17,Mumbai,10,No,1,4,5,2,12,4,15,8,0,2,3,No,Not Provided,09-03-2019,eshani21@hotmail.com,3166029491,5
EMP03458,Emir Bhatti,60,Male,Operations,Operations Executive,MBA,101799,34,Mumbai,36,No,2,3,2,2,53,2,4,1,2,2,1,No,Not Provided,26-05-2021,fkalita@hotmail.com,4018621741,10
EMP03459,Ranbir Salvi,24,Other,Sales,Sales Manager,Masters,172644,0,Bangalore,33,Yes,1,4,3,5,61,5,6,15,14,3,3,No,Not Provided,27-08-2018,zeeshan09@yahoo.com,4978627707,10
EMP03460,Kashvi Tank,58,Female,HR,Recruiter,MBA,96048,29,Bangalore,28,Yes,3,4,4,1,27,3,10,12,13,4,5,No,Not Provided,15-12-2024,pgandhi@hotmail.com,5599523621,10
EMP03461,Dhanush Andra,60,Other,HR,HR Executive,Diploma,91416,40,Hyderabad,25,No,2,4,3,4,32,8,23,3,15,2,4,No,Not Provided,28-06-2016,tvarma@sinha.com,816285216,6
EMP03462,Sahil Ganesan,27,Other,HR,HR Manager,Bachelors,177059,0,Delhi,36,No,5,2,2,3,40,0,17,5,22,5,3,No,Not Provided,13-12-2017,vohrajivin@saxena-chaudhuri.com,2141996838,9
EMP03463,Reyansh Sharaf,34,Male,HR,Recruiter,Diploma,76725,12,Hyderabad,21,Yes,1,2,1,5,21,5,9,9,1,5,4,Yes,"Poor Work Life Balance, Overtime, Low Job Satisfaction",15-04-2023,lborde@gola.com,4682213096,15
EMP03464,Kabir Bassi,34,Female,Customer Support,Support Executive,MBA,99536,8,Hyderabad,5,Yes,4,5,2,5,66,3,20,11,0,2,2,No,Not Provided,26-11-2018,sodhianaya@ranganathan-tripathi.info,6412336158,6
EMP03465,Abram Sur,40,Male,Operations,Operations Executive,Masters,40405,11,Delhi,7,Yes,2,1,2,5,3,3,9,2,4,1,5,No,Not Provided,11-09-2024,mishakumar@gmail.com,2395178302,10
EMP03466,Aayush Varughese,26,Other,HR,HR Manager,Diploma,49212,0,Chennai,29,Yes,2,5,4,3,35,5,4,15,24,3,1,No,Not Provided,02-05-2020,arnav44@hotmail.com,5290238283,12
EMP03467,Tiya Manda,21,Female,HR,HR Executive,Diploma,174125,0,Kolkata,40,Yes,2,2,5,1,45,1,11,11,25,1,1,No,Not Provided,16-01-2017,trisha20@gmail.com,8571847366,13
EMP03468,Fateh Krishnamurthy,52,Female,IT,System Admin,Bachelors,160365,23,Noida,26,No,3,3,3,4,6,8,13,6,12,3,5,No,Not Provided,31-10-2021,szacharia@yahoo.com,8145633981,3
EMP03469,Arnav Karnik,55,Other,Customer Support,Support Executive,Masters,174944,31,Chennai,6,Yes,3,4,4,3,73,0,10,8,21,3,5,No,Not Provided,05-07-2019,inaaya-bajwa@gmail.com,230337696,2
EMP03470,Abram Borah,46,Male,Customer Support,Support Executive,Diploma,146062,17,Pune,36,No,2,5,1,2,50,6,15,3,25,3,4,No,Not Provided,04-11-2022,vcheema@gmail.com,9243468329,10
EMP03471,Jivika Ganguly,21,Male,Marketing,Content Strategist,Masters,36093,0,Kolkata,22,No,5,4,1,4,78,5,8,5,8,4,1,No,Not Provided,04-08-2016,anikarout@chanda.biz,2961808419,7
EMP03472,Sumer Dixit,21,Other,Sales,Sales Manager,Masters,179268,0,Delhi,24,No,3,2,3,4,15,6,2,9,22,3,3,No,Not Provided,14-09-2021,dhanushdivan@yahoo.com,3108921718,7
EMP03473,Arnav Gade,50,Female,Customer Support,Customer Success Manager,Bachelors,68902,28,Noida,14,Yes,5,1,5,2,45,5,22,13,21,1,5,No,Not Provided,17-12-2025,shaandada@sabharwal-sarma.com,1312656405,11
EMP03474,Reyansh Bassi,60,Other,Customer Support,Customer Success Manager,MBA,58917,33,Mumbai,39,Yes,4,2,1,1,3,3,5,13,12,3,2,Yes,"Overtime, Low Job Satisfaction, Manager Issues",18-07-2025,nitara36@gmail.com,7082956952,14
EMP03475,Suhana Mahal,23,Other,Marketing,SEO Specialist,Bachelors,168341,0,Noida,1,No,1,1,3,3,10,4,18,5,6,4,2,No,Not Provided,20-01-2026,advikkaran@aggarwal-dugar.com,5833011024,9
EMP03476,Onkar Chaudhuri,38,Male,Marketing,SEO Specialist,Masters,72574,15,Hyderabad,23,No,3,4,5,1,45,1,1,1,22,4,5,No,Not Provided,22-01-2017,ptaneja@sinha-mann.biz,376411060,7
EMP03477,Nishith Sanghvi,44,Female,Operations,Supply Chain Analyst,Masters,107468,21,Delhi,40,Yes,5,2,5,2,72,10,11,7,6,1,4,No,Not Provided,16-08-2018,bainsmiraan@yahoo.com,1012007436,10
EMP03478,Raunak Gill,52,Female,Customer Support,Customer Success Manager,Bachelors,102808,26,Hyderabad,9,Yes,2,3,1,3,26,4,18,14,20,2,4,No,Not Provided,10-12-2021,Not Generated,942655366,9
EMP03479,Biju Agate,40,Other,Customer Support,Customer Success Manager,Diploma,44621,20,Bangalore,9,Yes,4,2,4,2,7,3,22,10,10,2,5,No,Not Provided,07-08-2022,devisamarth@gmail.com,2952222999,9
EMP03480,Inaaya  Doshi,50,Female,Operations,Supply Chain Analyst,Bachelors,76390,28,Hyderabad,6,Yes,3,2,2,2,11,1,11,2,14,4,4,No,Not Provided,17-06-2021,indranssachar@hotmail.com,7837345093,12
EMP03481,Renee Choudhury,28,Male,Operations,Supply Chain Analyst,Masters,88363,7,Delhi,15,No,3,2,1,2,31,2,12,10,19,5,5,No,Not Provided,08-12-2019,vartydivit@yahoo.com,1416965254,12
EMP03482,Gokul Sarraf,51,Male,Marketing,Marketing Manager,Bachelors,82167,30,Chennai,4,Yes,1,5,5,5,31,1,24,14,5,1,2,No,Not Provided,26-05-2023,basushlok@kari-saxena.com,4194388311,7
EMP03483,Drishya Warrior,46,Female,Customer Support,Support Executive,Bachelors,66042,19,Delhi,38,No,1,5,1,1,23,8,25,7,18,5,5,Yes,"Poor Work Life Balance, Manager Issues, High Stress",14-01-2021,ritvik88@bhat-sarraf.com,2553312495,13
EMP03484,Tushar Rajagopalan,24,Male,Marketing,SEO Specialist,Diploma,69306,0,Noida,23,Yes,5,4,4,5,42,1,13,3,13,3,1,No,Not Provided,07-07-2022,gandhipihu@hotmail.com,6777628049,2
EMP03485,Arhaan Dani,25,Male,Customer Support,Customer Success Manager,Masters,85176,2,Kolkata,36,Yes,3,1,4,3,60,5,2,7,16,5,4,Yes,"Overtime, Low Job Satisfaction, High Stress",12-02-2021,qmani@yahoo.com,4609145230,13
EMP03486,Dishani Bava,50,Male,Operations,Operations Executive,Diploma,41759,29,Kolkata,28,No,1,5,4,2,13,3,12,2,15,2,2,No,Not Provided,05-11-2022,kulkarnilakshay@gmail.com,7335163741,6
EMP03487,Stuvan Saran,60,Male,Operations,Operations Executive,Bachelors,170462,39,Kolkata,28,Yes,1,2,3,4,74,7,21,2,20,4,1,Yes,"Poor Work Life Balance, Overtime, Low Job Satisfaction",10-11-2024,Not Generated,4117560142,14
EMP03488,Prisha Shenoy,45,Male,Marketing,Marketing Manager,Bachelors,59320,22,Kolkata,7,No,2,3,4,3,71,9,0,4,12,1,3,No,Not Provided,17-08-2020,ivan16@gmail.com,8091421019,7
EMP03489,Divit Sachdev,52,Male,Finance,Financial Analyst,Diploma,73249,30,Mumbai,7,No,4,4,4,1,51,4,3,12,20,3,5,No,Not Provided,09-12-2021,ranganathanshlok@tiwari.com,735210179,6
EMP03490,Shray Dara,48,Male,Customer Support,Support Executive,Masters,104634.8542,24,Bangalore,20,No,3,3,1,4,0,10,0,1,6,4,3,No,Not Provided,17-06-2022,nitya42@chokshi-ganesan.com,5400812168,9
EMP03491,Kaira Bahri,47,Female,Customer Support,Support Executive,MBA,122492,17,Noida,3,No,3,4,1,1,49,10,0,6,5,2,4,No,Not Provided,23-02-2018,advikaarya@hotmail.com,7122918976,8
EMP03492,Ishaan Vaidya,49,Female,Customer Support,Support Executive,Bachelors,126992,19,Kolkata,17,No,1,1,1,2,15,3,0,2,8,1,3,No,Not Provided,03-08-2022,lakshit46@dash.com,840047294,12
EMP03493,Samar Sarna,54,Other,Sales,Sales Manager,Diploma,71025,27,Bangalore,14,No,2,4,3,1,20,1,16,9,21,3,2,No,Not Provided,14-03-2021,kumarfateh@gmail.com,3534302438,5
EMP03494,Suhana Sheth,35,Male,Finance,Financial Analyst,Masters,67928,11,Bangalore,6,No,2,5,1,5,7,9,19,13,25,4,2,No,Not Provided,10-08-2021,kalahiran@sandhu-chanda.com,9690526827,12
EMP03495,Shaan Biswas,41,Other,Sales,Sales Executive,Masters,116475,14,Noida,37,Yes,4,1,3,5,43,2,1,7,9,1,2,No,Not Provided,24-03-2023,aradhya97@yahoo.com,4863684790,8
EMP03496,Tara Chowdhury,46,Other,IT,System Admin,Bachelors,30311,20,Pune,32,Yes,3,2,4,4,67,2,11,3,14,5,3,No,Not Provided,17-09-2021,anahita55@mahal.com,3481986723,9
EMP03497,Khushi Dua,50,Other,IT,SEO Specialist,Diploma,120940,24,Hyderabad,6,Yes,4,3,2,3,74,4,7,15,18,4,1,No,Not Provided,06-09-2020,kamdardiya@dhingra-srivastava.org,9667241477,9
EMP03498,Dhanuk Rama,42,Male,Marketing,SEO Specialist,MBA,65860,19,Noida,8,No,4,3,2,1,31,8,6,13,20,3,3,No,Not Provided,16-04-2025,darkeya@gmail.com,3661327926,8
EMP03499,Nirvaan Kamdar,42,Other,Customer Support,Customer Success Manager,Diploma,102966,15,Kolkata,18,Yes,5,4,2,4,35,2,23,9,8,2,5,No,Not Provided,26-12-2020,deosamarth@hotmail.com,3922596658,4
EMP03500,Faiyaz Mahal,46,Female,IT,System Admin,MBA,134014,23,Hyderabad,34,No,4,5,1,5,66,6,18,10,9,3,2,No,Not Provided,22-02-2021,Not Generated,9196475508,7
EMP03501,Mishti Shankar,25,Other,Customer Support,Support Executive,MBA,115046,0,Noida,24,No,1,1,2,3,63,7,7,12,12,2,4,No,Not Provided,04-12-2016,pranay00@buch.com,9365216503,12
EMP03502,Zaina Borra,50,Male,IT,Software Engineer,Masters,123499,30,Delhi,34,No,4,4,5,3,15,5,19,5,1,2,4,No,Not Provided,27-01-2017,oorja02@yahoo.com,5659746419,3
EMP03503,Kiaan Hayre,60,Male,HR,Recruiter,Diploma,136806,39,Chennai,26,Yes,2,2,2,2,21,3,3,4,11,5,2,Yes,"Poor Work Life Balance, Overtime, Low Job Satisfaction",11-11-2021,myrabarman@wable-sengupta.info,6342891908,18
EMP03504,Vivaan Chada,51,Other,Sales,Sales Manager,Masters,124402,23,Chennai,2,Yes,4,2,3,1,54,6,24,13,3,4,2,Yes,"Overtime, Low Job Satisfaction, Manager Issues",14-12-2020,dubeykanav@gmail.com,4579338003,14
EMP03505,Lakshit Goda,34,Other,Marketing,SEO Specialist,Masters,146990,11,Chennai,17,Yes,3,2,4,2,15,1,25,6,14,3,2,No,Not Provided,25-02-2023,ctiwari@krishna.biz,3158385113,7
EMP03506,Romil Dixit,32,Female,HR,HR Manager,Bachelors,149630,11,Kolkata,17,Yes,1,1,5,3,30,3,1,8,5,3,5,No,Not Provided,27-04-2020,vatwal@gmail.com,8967005629,10
EMP03507,Neelofar Dubey,50,Other,HR,HR Executive,MBA,163031,26,Chennai,5,Yes,5,3,2,3,75,5,2,8,3,4,2,No,Not Provided,01-07-2016,fseth@yahoo.com,3803337932,11
EMP03508,Neysa Ranganathan,39,Other,Sales,Sales Manager,Diploma,128557,15,Bangalore,17,Yes,1,3,4,3,42,6,0,3,22,2,1,No,Not Provided,04-04-2025,aradhyakrishna@lala-gaba.biz,1765549431,9
EMP03509,Sara Bhargava,37,Female,Finance,Finance Manager,Diploma,179034,9,Hyderabad,23,Yes,5,2,1,1,34,1,6,3,1,1,2,No,Not Provided,11-11-2017,jsagar@karan.com,2056925131,9
EMP03510,Taimur Dua,33,Female,Finance,Financial Analyst,MBA,123136,11,Noida,19,Yes,1,5,5,3,79,4,13,9,18,1,4,No,Not Provided,05-08-2021,oorja84@gmail.com,3593837337,5
EMP03511,Prisha Seshadri,75,Male,Finance,Finance Manager,Masters,172852,16,Noida,18,Yes,1,5,1,3,48,6,2,15,0,2,1,Yes,"Poor Work Life Balance, Overtime, No Promotion",13-11-2024,samarth90@ghosh-badami.com,4737116361,13
EMP03512,Sahil Deshpande,17,Male,HR,HR Executive,Diploma,134785,33,Delhi,17,Yes,3,3,4,1,10,8,14,15,3,2,5,No,Not Provided,04-01-2019,aaina81@dubey-bumb.com,5489854960,8
EMP03513,Ritvik Borah,25,Other,Sales,Sales Manager,MBA,76531,3,Bangalore,15,No,1,1,5,2,12,5,11,10,19,3,5,No,Not Provided,06-09-2020,krishadira@sha.com,5802046165,12
EMP03514,Damini Gala,41,Male,Customer Support,Customer Success Manager,Bachelors,114966,16,Mumbai,9,No,2,1,5,3,25,5,10,3,24,1,4,No,Not Provided,05-07-2025,yashvidyal@baral.com,659403270,8
EMP03515,Vidur Sankar,57,Other,Sales,Sales Manager,Bachelors,70702,28,Noida,9,Yes,5,3,2,4,12,2,21,4,21,2,5,No,Not Provided,21-11-2022,anyarandhawa@babu.com,2092756945,4
EMP03516,Inaaya  Kale,25,Other,Not assigned,Support Executive,MBA,108792,0,Pune,13,Yes,1,1,4,3,31,5,21,5,10,1,5,No,Not Provided,02-02-2018,chackodishani@yahoo.com,8276092030,10
EMP03517,Aaryahi Dhingra,21,Female,Finance,Financial Analyst,Diploma,54523,0,Kolkata,19,Yes,4,3,1,3,70,7,23,14,12,4,2,No,Not Provided,22-08-2019,Not Generated,380120252,11
EMP03518,Siya Thakkar,25,Other,Operations,Supply Chain Analyst,Bachelors,46348,5,Hyderabad,5,Yes,1,1,5,3,19,1,21,14,0,4,5,Yes,"Poor Work Life Balance, Overtime, Low Job Satisfaction",28-05-2021,Not Generated,8812022457,13
EMP03519,Jhanvi Uppal,58,Female,HR,HR Manager,Masters,108796,36,Mumbai,30,No,1,1,5,1,52,4,19,8,20,3,4,No,Not Provided,09-07-2022,Not Generated,7378370520,9
EMP03520,Devansh Bhavsar,23,Other,HR,HR Executive,Diploma,71459,2,Bangalore,4,No,4,2,2,4,60,8,13,12,0,5,4,No,Not Provided,27-12-2024,myra96@gmail.com,8403058750,12
EMP03521,Zara Chander,75,Female,Finance,Accountant,Bachelors,113978,0,Hyderabad,36,Yes,2,3,2,4,73,7,24,12,17,3,2,No,Not Provided,24-03-2024,qbutala@gmail.com,7794905329,12
EMP03522,Akarsh Shankar,40,Other,Not assigned,Operations Executive,Diploma,179360,10,Mumbai,5,No,3,2,1,3,77,0,0,14,11,3,3,No,Not Provided,20-08-2023,kismatsarraf@master-mangat.com,1839276968,9
EMP03523,Navya Badami,30,Female,Sales,Business Development Associate,MBA,179758,1,Bangalore,27,Yes,5,2,2,3,48,1,21,10,1,4,4,No,Not Provided,24-10-2017,lloyal@yahoo.com,8163230313,13
EMP03524,Indrans Ratta,51,Male,Finance,Financial Analyst,Masters,119340,31,Delhi,4,No,5,5,1,3,32,10,15,7,15,3,1,No,Not Provided,01-06-2018,bdhingra@aggarwal.info,8220857004,4
EMP03525,Ojas Dara,21,Female,HR,HR Executive,MBA,176758,0,Noida,3,Yes,4,2,3,1,33,3,20,7,12,2,4,No,Not Provided,07-01-2022,keyavarkey@gmail.com,7491753657,7
EMP03526,Vritika Chaudhry,21,Female,HR,Recruiter,Diploma,97666,0,Noida,30,Yes,2,4,1,2,68,1,2,7,9,5,4,Yes,"Poor Work Life Balance, Overtime, Manager Issues",05-03-2024,joshimiraan@deol.com,4101387035,15
EMP03527,Vardaniya Khatri,30,Male,HR,HR Executive,Bachelors,125376,8,Delhi,16,No,2,1,1,3,70,0,20,4,5,5,5,No,Not Provided,16-02-2025,mviswanathan@yahoo.com,5251074083,11
EMP03528,Myra Reddy,23,Female,HR,HR Executive,MBA,26333,0,Chennai,33,No,2,4,1,4,54,5,9,15,6,5,5,Yes,"Poor Work Life Balance, High Stress, No Promotion",23-02-2024,ayesha01@hotmail.com,4313937951,13
EMP03529,Saira Swamy,43,Male,Operations,Supply Chain Analyst,MBA,173621,13,Hyderabad,17,Yes,4,5,3,2,76,9,11,3,10,5,4,No,Not Provided,24-09-2022,odhingra@suresh-mand.org,9499668437,9
EMP03530,Bhamini Lall,30,Other,Customer Support,Customer Success Manager,Bachelors,148378,5,Chennai,33,Yes,2,2,5,1,21,4,13,13,16,3,4,Yes,"Poor Work Life Balance, Overtime, Low Job Satisfaction",12-03-2017,siyajaggi@badami.com,8528380421,13
EMP03531,Ryan Bhatti,55,Female,Sales,Business Development Associate,Masters,173854,32,Bangalore,1,Yes,3,3,4,3,37,8,25,11,14,1,5,No,Not Provided,14-12-2019,chadhavidur@sahni.com,838819360,6
EMP03532,Prerak Chacko,25,Male,Marketing,Marketing Manager,MBA,97959.63636,0,Hyderabad,3,Yes,3,2,2,3,44,5,18,4,12,3,2,No,Not Provided,09-02-2018,lchaudhari@swamy-hayer.com,7266401057,9
EMP03533,Vidur Bala,23,Female,Customer Support,Customer Success Manager,Bachelors,31499,0,Kolkata,19,Yes,1,2,4,3,61,8,0,2,22,4,1,Yes,"Poor Work Life Balance, Overtime, Low Job Satisfaction",12-11-2024,qkari@majumdar.biz,1433376226,15
EMP03534,Prerak Aurora,36,Female,Marketing,Marketing Manager,MBA,140763,6,Noida,28,Yes,3,3,2,3,69,7,7,7,25,1,5,No,Not Provided,15-08-2024,rchaudhari@khare-venkataraman.com,6206705100,7
EMP03535,Zain Ramanathan,45,Male,Customer Support,Customer Success Manager,Bachelors,37862,19,Hyderabad,13,Yes,3,5,3,2,9,10,1,5,2,3,2,No,Not Provided,29-06-2025,ahana-chaudhari@varghese.biz,3487817084,8
EMP03536,Yashvi Ramakrishnan,42,Male,Sales,Business Development Associate,MBA,69883,16,Chennai,34,No,1,5,4,5,19,1,9,4,16,5,2,No,Not Provided,14-10-2025,valavedika@wagle.com,7318795353,7
EMP03537,Gokul Sura,24,Female,Customer Support,Support Executive,Masters,104634.8542,0,Noida,38,Yes,1,4,3,5,25,8,13,15,7,5,5,Yes,"Poor Work Life Balance, Overtime, High Stress",28-06-2025,jharania@yahoo.com,5592935579,13
EMP03538,Ritvik Wadhwa,27,Male,Sales,Sales Executive,MBA,107401.1714,4,Kolkata,27,Yes,3,3,2,4,1,7,1,13,18,3,3,No,Not Provided,13-10-2021,choudhurypihu@hotmail.com,9944627964,11
EMP03539,Bhamini Dayal,30,Other,Sales,Sales Executive,Masters,34925,5,Hyderabad,8,No,3,2,2,1,54,10,19,5,7,2,2,No,Not Provided,02-10-2021,magarrasha@gmail.com,8563004267,9
EMP03540,Adira Bal,58,Female,HR,HR Manager,Diploma,123281,33,Hyderabad,39,Yes,2,5,4,1,8,7,16,8,0,2,3,No,Not Provided,01-09-2018,dubeytara@hotmail.com,9786375410,10
EMP03541,Chirag Bava,50,Female,IT,Software Engineer,Bachelors,145257,26,Pune,10,No,4,3,2,5,71,0,13,4,22,4,4,No,Not Provided,17-02-2026,ganeshmamooty@gmail.com,4247030490,5
EMP03542,Jayan Batta,24,Other,Finance,Financial Analyst,Masters,176451,4,Mumbai,16,Yes,3,2,3,2,40,7,1,10,15,4,2,Yes,"Overtime, Low Job Satisfaction, Manager Issues",17-12-2022,ovasa@gmail.com,7532664600,16
EMP03543,Chirag Bhardwaj,47,Female,Sales,Sales Executive,MBA,54827,27,Kolkata,15,No,2,4,2,1,59,4,15,15,7,5,5,No,Not Provided,14-01-2017,onkarghose@hotmail.com,6681686106,12
EMP03544,Raunak Borde,31,Other,Sales,Sales Manager,Bachelors,74215,5,Hyderabad,30,Yes,2,2,5,3,46,5,16,2,21,5,2,Yes,"Poor Work Life Balance, Overtime, Low Job Satisfaction",02-12-2016,zmahajan@kar.info,9407711379,14
EMP03545,Gokul Sampath,52,Female,Sales,Business Development Associate,Bachelors,83743,32,Noida,12,No,1,3.039382866,3,2,60,6,7,5,2,2,2,No,Not Provided,04-02-2021,vasabhavin@swaminathan.biz,5209530244,7
EMP03546,Tarini Agrawal,28,Male,Marketing,Marketing Manager,Masters,77272,4,Chennai,25,No,3,3,2,4,17,2,11,5,19,5,4,No,Not Provided,03-09-2025,ishitasinghal@hotmail.com,8126672238,6
EMP03547,Akarsh Borra,36,Male,Marketing,Content Strategist,Bachelors,35814,10,Noida,32,Yes,3,5,4,3,42,1,4,2,21,1,4,No,Not Provided,22-09-2020,zeeshan02@roy.com,1885917031,5
EMP03548,Heer Aurora,57,Female,Sales,Business Development Associate,Masters,126913,33,Pune,18,No,5,4,1,2,67,1,15,10,3,1,1,No,Not Provided,14-12-2023,bhavin62@konda.biz,7570447952,6
EMP03549,Not Available,56,Female,Sales,Business Development Associate,Diploma,34018,30,Bangalore,36,No,5,1,5,5,68,2,1,6,22,5,3,No,Not Provided,05-08-2023,nehmat96@gmail.com,9889909366,9
EMP03550,Zaina Lad,49,Female,Operations,Supply Chain Analyst,Bachelors,175489,20,Noida,7,No,3,2,3,2,69,8,2,2,1,2,2,No,Not Provided,26-01-2024,rajureyansh@chopra.info,7737797046,9
EMP03551,Raghav Loke,36,Male,IT,System Admin,Masters,101885.6228,7,Noida,26,No,2,3,4,2,43,6,17,8,23,4,3,No,Not Provided,05-09-2022,bsandhu@tata.com,1881205330,11
EMP03552,Kaira Deshmukh,31,Other,IT,BI Developer,Bachelors,100589,3,Delhi,39,Yes,3,1,2,3,66,5,16,4,12,5,4,No,Not Provided,20-09-2022,qbhatnagar@barad.com,2412153672,13
EMP03553,Trisha Ganesh,29,Other,Sales,Sales Executive,Bachelors,49693,0,Hyderabad,38,No,5,3.039382866,1,5,80,10,4,14,3,3,5,No,Not Provided,01-10-2017,gkalita@gmail.com,9795322099,9
EMP03554,Anika Ramaswamy,33,Male,Marketing,SEO Specialist,Bachelors,117404,7,Kolkata,21,Yes,3,2,3,3,62,1,13,2,13,5,1,No,Not Provided,18-09-2022,ybasu@trivedi-bains.com,7855874474,8
EMP03555,Aaryahi Kala,50,Male,Customer Support,Support Executive,Bachelors,100717,22,Kolkata,20,No,5,2,2,2,77,7,5,7,3,4,5,Yes,"Low Job Satisfaction, Manager Issues, High Stress",20-10-2025,madhav04@bhavsar.net,6168857189,14
EMP03556,Jhanvi Sampath,51,Other,Finance,Accountant,Masters,58134,24,Kolkata,27,Yes,3,2,4,5,40,6,18,6,0,3,4,No,Not Provided,30-11-2021,navya20@bhasin.org,6453404795,8
EMP03557,Lakshit Bakshi,42,Other,Finance,Financial Analyst,Bachelors,155203,18,Mumbai,36,No,1,3,2,1,18,5,3,14,20,2,4,Yes,"Poor Work Life Balance, Manager Issues, No Promotion",15-01-2023,vsidhu@bir.org,975483880,14
EMP03558,Gatik Chokshi,49,Male,IT,Software Engineer,Masters,115583,20,Delhi,18,No,3,1,3,5,24,8,3,12,22,2,1,No,Not Provided,14-07-2023,ksant@hotmail.com,1927765069,9
EMP03559,Stuvan Vig,45,Female,IT,BI Developer,MBA,159980,15,Kolkata,37,No,1,5,3,5,49,9,25,5,13,4,2,No,Not Provided,14-05-2020,prishasharaf@vaidya.info,2941186702,9
EMP03560,Not Available,51,Other,Operations,Supply Chain Analyst,Masters,100196.4006,28,Noida,35,Yes,3,5,2,5,62,2,16,7,9,3,1,No,Not Provided,27-09-2023,jayan55@gmail.com,8091157961,5
EMP03561,Kaira Dar,37,Male,Finance,Finance Manager,MBA,169610,12,Noida,20,No,2,3.039382866,5,3,4,3,4,7,1,1,5,No,Not Provided,03-05-2022,nbhakta@biswas.info,9307183253,5
EMP03562,Jayant Chandra,39,Other,IT,System Admin,Diploma,54122,17,Hyderabad,28,Yes,1,5,2,3,73,8,17,7,8,3,5,No,Not Provided,26-08-2024,uthkarsh46@yadav-sunder.com,9373618222,10
EMP03563,Miraan Date,56,Male,Finance,Financial Analyst,Bachelors,146127,36,Pune,31,No,2,4,5,5,60,7,13,2,18,3,3,No,Not Provided,12-03-2019,aroradrishya@kant.com,7587472389,6
EMP03564,Oorja Dar,56,Other,Sales,Sales Executive,Masters,26982,34,Hyderabad,28,Yes,3,5,3,2,31,6,13,12,9,1,2,No,Not Provided,19-09-2024,devansh98@yahoo.com,6912042388,9
EMP03565,Aradhya Sabharwal,26,Other,IT,System Admin,Masters,141898,0,Pune,36,No,1,5,1,1,7,5,10,13,3,4,4,Yes,"Poor Work Life Balance, Manager Issues, High Stress",17-05-2024,jayant66@ahluwalia-dass.com,7315483158,15
EMP03566,Miraan Iyengar,36,Other,Marketing,Marketing Manager,Bachelors,118817,11,Mumbai,35,Yes,4,1,3,4,78,6,0,12,11,3,3,No,Not Provided,16-06-2024,okarpe@hotmail.com,4118896618,12
EMP03567,Onkar Dhar,57,Female,IT,Data Analyst,MBA,136474,36,Delhi,5,Yes,4,2,3,2,42,0,12,11,9,2,2,No,Not Provided,08-07-2025,ramananahita@yahoo.com,9768388705,9
EMP03568,Krish Chopra,49,Other,Operations,Supply Chain Analyst,MBA,104577,19,Kolkata,26,Yes,2,5,5,2,67,0,16,5,11,4,5,No,Not Provided,28-08-2018,jainmamooty@yahoo.com,7886747340,11
EMP03569,Anvi Bava,21,Female,Customer Support,Customer Success Manager,MBA,115944,0,Hyderabad,4,No,2,4,4,2,24,4,24,14,0,3,1,No,Not Provided,21-10-2021,ktripathi@yahoo.com,2480314155,7
EMP03570,Trisha Bains,57,Female,Finance,Financial Analyst,Bachelors,85724,33,Noida,32,No,2,2,1,4,78,4,2,8,14,1,3,No,Not Provided,04-09-2021,vardaniyakorpal@hotmail.com,8557447764,11
EMP03571,Damini Konda,58,Female,HR,Recruiter,MBA,97850,37,Hyderabad,7,No,3,1,3,2,23,2,12,12,4,2,1,No,Not Provided,14-03-2026,jdoctor@shetty.info,1461541622,7
EMP03572,Dhruv Grewal,22,Female,Finance,Accountant,MBA,56639,0,Chennai,20,No,2,1,5,4,48,8,15,9,3,1,4,No,Not Provided,30-04-2025,chhabrariaan@rama.com,5494021124,8
EMP03573,Ayesha Devan,29,Female,Customer Support,Support Executive,Masters,95752,7,Pune,5,No,2,1,3,1,68,3,15,10,17,2,3,No,Not Provided,08-12-2022,csandhu@yahoo.com,2674554561,10
EMP03574,Nirvi Andra,48,Other,HR,Recruiter,Masters,44721,23,Delhi,12,No,5,3,4,1,28,10,8,14,1,2,4,No,Not Provided,06-03-2020,jivin66@raju-biswas.biz,776421990,6
EMP03575,Ritvik Mall,59,Female,Customer Support,Support Executive,MBA,121847,29,Mumbai,26,No,1,1,4,1,19,1,1,13,12,3,3,Yes,"Poor Work Life Balance, Low Job Satisfaction, Manager Issues",04-07-2020,sharafjhanvi@som.com,9965745673,13
EMP03576,Tara Sen,33,Other,IT,Operations Executive,Diploma,129823,10,Hyderabad,38,No,2,4,2,4,75,2,25,8,2,2,3,No,Not Provided,04-11-2018,wsachdev@hotmail.com,8335989956,6
EMP03577,Siya Ghose,59,Other,Finance,Finance Manager,Masters,175801,37,Kolkata,1,Yes,4,5,2,5,19,1,25,1,25,3,5,No,Not Provided,22-04-2023,arhaansarkar@cherian-warrior.net,9161962305,4
EMP03578,Ehsaan Basu,27,Male,HR,HR Executive,MBA,119095,1,Kolkata,29,No,5,4,4,5,57,4,17,4,13,2,2,No,Not Provided,10-11-2024,gbatta@gera-chanda.com,416003634,1
EMP03579,Nirvi Karan,59,Male,Sales,Business Development Associate,MBA,104803,39,Kolkata,30,Yes,1,1,1,2,5,3,19,7,24,3,1,No,Not Provided,25-09-2024,bainsdivij@gmail.com,3905136992,13
EMP03580,Divit Das,56,Male,Marketing,Marketing Manager,MBA,66230,35,Noida,25,Yes,3,2,5,5,42,8,8,8,7,4,5,No,Not Provided,28-07-2020,lagan39@yahoo.com,3657597104,11
EMP03581,Advika Yogi,39,Female,Sales,Sales Manager,Masters,88933,17,Mumbai,14,Yes,2,4,4,5,43,4,7,9,2,2,3,No,Not Provided,22-02-2018,lram@gmail.com,1223279414,5
EMP03582,Divit Kata,29,Male,HR,Recruiter,Diploma,126254,7,Mumbai,5,Yes,4,2,4,4,49,10,0,4,15,2,2,No,Not Provided,15-04-2022,johalanvi@dhillon.net,1771570748,9
EMP03583,Kimaya Varughese,26,Female,HR,Recruiter,Bachelors,89007,6,Mumbai,3,Yes,4,3,1,4,16,1,3,4,24,5,5,No,Not Provided,08-04-2026,rasha09@hotmail.com,3491993145,9
EMP03584,Kavya Chatterjee,59,Male,Finance,Financial Analyst,MBA,38835,37,Hyderabad,5,Yes,3,1,1,4,72,9,18,3,6,4,5,No,Not Provided,25-11-2022,rohan35@hotmail.com,9273840178,12
EMP03585,Yuvraj  Kalla,50,Female,IT,BI Developer,Masters,135259,24,Mumbai,10,No,4,1,5,1,68,0,17,11,0,4,1,No,Not Provided,12-04-2025,fsandal@yahoo.com,6046062130,10
EMP03586,Faiyaz Krishnan,55,Other,Sales,Sales Executive,Masters,88543,35,Noida,29,No,3,2,4,5,6,10,3,9,24,5,5,No,Not Provided,01-08-2024,yuvraj-gill@contractor.net,5612832673,11
EMP03587,Hansh Gour,47,Male,Operations,Operations Executive,Diploma,121107,19,Hyderabad,38,No,3,3,1,3,9,0,11,3,8,2,4,No,Not Provided,20-01-2025,sana63@shere-saraf.com,3411206351,3
EMP03588,Vritika Sarkar,26,Other,Finance,Accountant,Masters,49166,0,Delhi,32,No,2,2,5,5,68,1,2,6,25,2,2,No,Not Provided,11-10-2023,balasubramaniansana@johal-bali.com,7250285248,9
EMP03589,Prisha Som,31,Female,Operations,Supply Chain Analyst,Diploma,176583,11,Pune,29,No,2,3,4,5,60,0,14,7,4,1,4,No,Not Provided,11-01-2026,balanika@hotmail.com,4612534824,4
EMP03590,Anvi Dhawan,42,Other,Marketing,Content Strategist,MBA,159473,13,Mumbai,14,No,5,1,1,3,74,5,11,7,10,4,1,No,Not Provided,18-07-2024,ldhawan@bandi-majumdar.info,1217756854,10
EMP03591,Adira Gade,45,Other,IT,System Admin,Bachelors,172828,20,Kolkata,17,No,3,2,5,1,3,3,14,13,22,4,4,No,Not Provided,24-09-2019,diya35@gour.info,6963530011,10
EMP03592,Neelofar Thaman,30,Male,Finance,Accountant,Bachelors,66655,4,Pune,24,Yes,1,4,4,2,54,3,3,7,0,3,4,No,Not Provided,18-09-2017,reneechaudhry@kohli.com,5511435055,9
EMP03593,Onkar Dara,47,Other,IT,Software Engineer,MBA,38630,21,Bangalore,13,Yes,5,5,4,3,58,5,8,13,17,4,3,No,Not Provided,06-06-2022,advika62@kuruvilla-solanki.org,119739293,9
EMP03594,Yasmin Dugal,39,Other,Finance,Finance Manager,MBA,65948,9,Hyderabad,34,No,4,3.039382866,2,1,59,5,6,1,22,4,4,No,Not Provided,22-12-2017,guharohan@yahoo.com,5973351545,10
EMP03595,Nehmat Kota,29,Other,IT,Software Engineer,Masters,38903,1,Mumbai,19,No,5,4,1,3,68,6,12,9,9,1,1,No,Not Provided,19-01-2021,iiyengar@sant-thaker.com,2231260206,4
EMP03596,Charvi Borde,24,Female,Operations,Supply Chain Analyst,Bachelors,112486,0,Bangalore,22,Yes,1,2,2,5,58,2,9,1,21,1,1,No,Not Provided,29-10-2018,dalalhiran@hotmail.com,465034125,10
EMP03597,Jayesh Garg,33,Female,Customer Support,Customer Success Manager,Bachelors,55406,9,Bangalore,8,Yes,2,4,2,5,49,1,1,10,24,4,1,Yes,"Poor Work Life Balance, Overtime, High Stress",17-01-2019,lsundaram@gmail.com,8047219654,14
EMP03598,Anay Dhar,56,Other,Operations,Operations Executive,Masters,106308,27,Kolkata,7,Yes,4,4,5,5,78,3,7,6,23,1,4,No,Not Provided,31-12-2024,siyabaral@hotmail.com,2527424133,2
EMP03599,Mahika Sahota,36,Male,Finance,Accountant,Bachelors,58751,10,Delhi,39,No,1,3,1,3,61,3,21,6,13,5,3,No,Not Provided,30-09-2017,wsoman@banerjee-jhaveri.org,9603096133,9
EMP03600,Uthkarsh Borah,31,Other,Operations,Supply Chain Analyst,Bachelors,59967,9,Hyderabad,17,Yes,5,1,4,1,49,6,0,8,13,5,5,Yes,"Overtime, Low Job Satisfaction, Manager Issues",06-04-2026,tiyabanik@goswami-chakrabarti.biz,2862530366,14
EMP03601,Gatik Malhotra,44,Other,Customer Support,Customer Success Manager,Masters,47528,22,Delhi,34,Yes,1,4,3,3,79,4,6,10,5,1,5,No,Not Provided,30-11-2022,suhana62@bajwa.org,93756898,8
EMP03602,Kiara Devan,23,Male,HR,HR Manager,Masters,88743,0,Hyderabad,11,Yes,2,5,3,2,62,4,0,4,11,4,5,No,Not Provided,28-10-2025,samargokhale@hotmail.com,1595477854,12
EMP03603,Drishya Vig,55,Female,IT,Software Engineer,Masters,179795,27,Pune,1,No,4,5,3,1,13,5,22,4,23,4,2,No,Not Provided,22-05-2022,kundaela@yahoo.com,8960414566,7
EMP03604,Veer Khurana,49,Other,HR,HR Manager,Diploma,84877,29,Pune,38,No,3,5,2,3,40,2,17,3,6,2,3,No,Not Provided,16-11-2025,rati41@thaman.com,7623811442,3
EMP03605,Trisha Hans,30,Male,Customer Support,Customer Success Manager,MBA,141880,3,Hyderabad,29,No,3,5,4,1,76,5,23,15,2,2,2,No,Not Provided,30-03-2020,abram82@choudhary.com,8385152938,7
EMP03606,Faiyaz Jain,47,Female,Sales,Business Development Associate,MBA,129465,26,Pune,13,Yes,1,4,4,4,24,0,8,9,6,5,3,No,Not Provided,11-02-2023,xram@gmail.com,4407609810,8
EMP03607,Anay Kala,27,Male,Customer Support,Customer Success Manager,Diploma,160830,2,Delhi,23,Yes,5,5,2,5,60,4,9,8,8,5,4,No,Not Provided,09-01-2023,indranilsabharwal@raju.com,5611590856,7
EMP03608,Lavanya Deo,27,Male,Marketing,Content Strategist,Masters,121536,2,Delhi,10,Yes,2,5,1,3,65,4,4,8,13,1,1,No,Not Provided,16-03-2024,urvivala@gmail.com,1604794966,9
EMP03609,Fateh Batra,42,Other,Finance,Finance Manager,Masters,98494,21,Chennai,18,No,3,3,2,1,64,6,20,12,9,3,1,No,Not Provided,28-04-2019,sachdevachirag@yahoo.com,2392283726,8
EMP03610,Neysa Gole,41,Male,Marketing,Marketing Manager,Bachelors,30408,19,Chennai,40,No,4,1,2,1,52,0,24,13,13,2,2,No,Not Provided,29-07-2019,tkala@gole.net,3311973050,10
EMP03611,Vidur Aggarwal,58,Female,Marketing,SEO Specialist,Bachelors,125312,38,Bangalore,2,No,3,2,4,5,19,9,21,15,20,4,5,No,Not Provided,13-05-2017,saksham80@hotmail.com,6138725385,10
EMP03612,Zoya Hegde,41,Other,HR,HR Executive,MBA,104664,18,Kolkata,16,Yes,4,3,5,5,70,2,2,15,18,5,4,No,Not Provided,14-07-2024,nakulbhattacharyya@brar-saini.org,1438490075,9
EMP03613,Raunak Sankaran,35,Other,Finance,Accountant,Masters,83789,5,Pune,32,Yes,5,4,5,2,74,1,18,15,4,3,1,No,Not Provided,09-05-2018,cdas@hotmail.com,5163711593,7
EMP03614,Akarsh Sankar,40,Male,IT,BI Developer,Bachelors,39291,14,Hyderabad,15,Yes,1,1,4,5,5,9,17,7,23,2,3,No,Not Provided,21-02-2026,rohande@ravel-sethi.net,2262925921,10
EMP03615,Kabir Gandhi,55,Male,HR,Recruiter,Bachelors,109016.6964,31,Bangalore,3,No,2,3,4,2,8,10,11,14,4,1,1,No,Not Provided,10-10-2019,aramakrishnan@majumdar-gaba.com,853016080,9
EMP03616,Yakshit Samra,33,Other,IT,Support Executive,Diploma,94200,10,Chennai,21,No,1,3,4,4,0,2,23,6,6,3,1,No,Not Provided,06-10-2019,ahujahansh@gmail.com,970297315,3
EMP03617,Badal Loke,53,Other,HR,HR Manager,MBA,44018,24,Mumbai,29,Yes,1,2,4,1,44,0,16,8,18,1,5,No,Not Provided,14-11-2025,vidur67@sood.net,3551818143,11
EMP03618,Manikya Yohannan,25,Other,Customer Support,Customer Success Manager,Masters,76317,0,Chennai,24,No,5,1,5,5,27,10,2,15,22,3,2,No,Not Provided,28-11-2024,hbrahmbhatt@wali.com,1452314702,9
EMP03619,Aayush Ramesh,58,Female,Marketing,Marketing Manager,Diploma,68682,36,Hyderabad,25,Yes,3,5,3,5,23,9,20,14,12,1,5,No,Not Provided,25-12-2023,rajagopalanbaiju@yahoo.com,9413704988,7
EMP03620,Nakul Kamdar,59,Other,Sales,Business Development Associate,Diploma,110394,39,Pune,1,No,3,4,1,1,52,10,15,13,1,3,4,No,Not Provided,25-09-2016,yashvivasa@bahl.com,8666398994,8
EMP03621,Hansh Sant,45,Female,Finance,Financial Analyst,Masters,113337,17,Pune,15,No,2,3,5,1,61,10,8,1,15,4,1,No,Not Provided,22-04-2022,jkala@yahoo.com,6400400349,10
EMP03622,Uthkarsh Saran,37,Male,Finance,Finance Manager,Masters,117109,14,Bangalore,9,No,2,1,4,5,18,7,25,9,14,2,4,No,Not Provided,29-08-2019,reddyadvika@gmail.com,1202522080,8
EMP03623,Kanav Garde,51,Female,Finance,Finance Manager,Masters,28632,24,Kolkata,2,Yes,2,2,5,3,31,4,13,9,2,5,1,No,Not Provided,25-10-2016,tejas15@hotmail.com,1798673601,11
EMP03624,Onkar Tata,23,Female,Operations,Operations Executive,MBA,27485,0,Delhi,40,No,3,3,5,1,17,3,11,4,0,2,5,No,Not Provided,18-08-2022,shayakgara@bajaj.com,7052489594,3
EMP03625,Myra Chadha,41,Other,Sales,Sales Manager,Diploma,124299,12,Delhi,10,No,5,2,4,5,79,10,24,4,2,2,2,No,Not Provided,15-07-2018,diyabhatt@ram.net,65553922,5
EMP03626,Tejas Wadhwa,45,Female,IT,BI Developer,MBA,135086,22,Hyderabad,37,Yes,3,2,3,4,42,7,23,8,1,1,3,No,Not Provided,23-02-2022,kantyuvraj@yahoo.com,3696968369,8
EMP03627,Priyansh Chandran,31,Other,Marketing,Content Strategist,Masters,122102,6,Bangalore,13,Yes,5,3,2,2,59,5,18,12,8,2,4,No,Not Provided,24-11-2021,ehsaan25@jani-dhillon.com,639082359,10
EMP03628,Ivan Subramanian,54,Female,IT,Software Engineer,Masters,96547,28,Hyderabad,18,No,1,5,4,3,36,7,19,8,25,5,4,No,Not Provided,08-10-2019,aggarwaldrishya@gmail.com,3316267945,8
EMP03629,Aayush Sandhu,43,Female,HR,HR Executive,Masters,64560,20,Hyderabad,36,Yes,1,1,5,4,0,8,8,5,10,3,2,No,Not Provided,26-07-2018,xsarna@hotmail.com,7092936484,11
EMP03630,Jayant Comar,55,Male,IT,Software Engineer,Masters,164690,32,Noida,29,Yes,2,5,1,5,12,1,14,13,11,3,4,No,Not Provided,19-08-2016,subramaniamnakul@ratti.biz,393552765,10
EMP03631,Dishani Mander,21,Male,Marketing,SEO Specialist,Masters,93384,0,Chennai,1,No,2,2,3,2,17,7,4,8,11,5,4,Yes,"Poor Work Life Balance, Low Job Satisfaction, Manager Issues",13-10-2025,reneerau@kalita-swaminathan.org,3054390006,15
EMP03632,Jayant Sunder,42,Other,Finance,Finance Manager,Masters,167844,22,Delhi,19,No,1,5,2,1,34,6,9,5,24,1,4,No,Not Provided,02-01-2019,akonda@bedi.com,1440052932,9
EMP03633,Krish Buch,37,Male,IT,BI Developer,MBA,176420,16,Delhi,33,No,3,1,1,1,31,10,0,13,9,3,1,Yes,"Low Job Satisfaction, Manager Issues, No Promotion",28-02-2021,mehul77@gmail.com,2316996639,14
EMP03634,Manjari Biswas,23,Male,IT,Software Engineer,Diploma,147922,3,Chennai,20,No,4,5,1,3,69,7,2,11,13,4,1,No,Not Provided,28-05-2022,kimaya00@hari.biz,7489988336,11
EMP03635,Samaira Iyengar,44,Other,Finance,Accountant,MBA,49129,14,Delhi,26,Yes,5,4,4,1,42,2,4,4,24,5,1,No,Not Provided,04-12-2022,kanavyogi@gopal.com,7442671060,10
EMP03636,Lakshit Devi,32,Male,Operations,Supply Chain Analyst,Bachelors,45232,11,Pune,38,Yes,4,4,4,2,38,8,1,4,13,1,2,No,Not Provided,04-11-2025,jayesh89@gmail.com,8049954870,9
EMP03637,Neelofar Shere,29,Other,Customer Support,Support Executive,Diploma,125732,8,Delhi,22,No,3,1,4,1,32,0,10,3,6,1,2,No,Not Provided,03-12-2020,wchad@doctor.info,4785729152,5
EMP03638,Vanya Sarraf,52,Male,Marketing,Content Strategist,Diploma,49909,28,Pune,18,Yes,2,2,5,5,13,4,21,6,14,5,3,No,Not Provided,27-08-2017,gangulyarmaan@hotmail.com,5427287946,11
EMP03639,Eshani Sanghvi,59,Other,Operations,Operations Executive,Masters,123025,35,Hyderabad,36,Yes,2,1,5,5,73,8,2,6,0,1,5,Yes,"Poor Work Life Balance, Overtime, Low Job Satisfaction",25-08-2021,pchawla@jain-dhaliwal.com,1697494050,13
EMP03640,Arnav Apte,48,Female,Sales,Sales Executive,Bachelors,177039,18,Delhi,29,Yes,2,5,5,3,50,0,10,3,3,1,4,No,Not Provided,07-05-2017,parisubramanian@yahoo.com,1416778090,6
EMP03641,Zain Devi,47,Male,Finance,Accountant,Diploma,83586,20,Pune,7,Yes,3,5,5,3,73,1,2,7,6,4,5,No,Not Provided,21-04-2022,borrashanaya@bains.biz,356676296,7
EMP03642,Kiara Lall,29,Other,IT,System Admin,Masters,36654,9,Delhi,30,No,2,5,1,5,28,1,22,15,23,4,3,No,Not Provided,06-04-2021,rattidhruv@hotmail.com,5508397359,11
EMP03643,Ehsaan Anand,28,Other,HR,HR Executive,Diploma,97271,0,Chennai,30,No,5,5,5,1,41,3,2,4,12,5,1,No,Not Provided,23-10-2020,amira91@tripathi.biz,7014804035,8
EMP03644,Neelofar Bath,26,Female,Not assigned,Content Strategist,Bachelors,32813,0,Hyderabad,34,Yes,2,2,4,4,77,1,23,2,23,5,4,No,Not Provided,02-01-2018,devizoya@yahoo.com,4394153618,12
EMP03645,Faiyaz Dada,31,Female,Operations,Operations Executive,Bachelors,173400,5,Noida,14,No,4,4,2,4,53,4,14,4,14,1,3,No,Not Provided,20-04-2026,akarshsaha@hotmail.com,6542302667,2
EMP03646,Vaibhav Dhillon,39,Female,Customer Support,Customer Success Manager,Masters,90953,19,Bangalore,29,Yes,2,3,1,2,15,7,12,8,2,5,3,Yes,"Poor Work Life Balance, Overtime, Manager Issues",26-02-2026,boaseneysa@walia.com,4514314273,15
EMP03647,Amani Warrior,31,Other,Customer Support,Support Executive,MBA,71649,3,Pune,14,Yes,4,5,2,1,20,8,2,14,6,5,2,Yes,"Overtime, Manager Issues, High Stress",09-11-2016,vigahana@kota.com,829896740,15
EMP03648,Akarsh Kadakia,36,Male,Operations,Supply Chain Analyst,MBA,157141,6,Kolkata,32,No,5,4,4,2,77,10,10,6,0,5,5,No,Not Provided,01-06-2016,edani@yahoo.com,4592670882,8
EMP03649,Urvi Chandra,28,Female,Marketing,SEO Specialist,MBA,178777,1,Hyderabad,13,Yes,5,1,4,2,59,5,18,11,8,4,2,Yes,"Overtime, Low Job Satisfaction, Manager Issues",01-09-2019,eravel@shetty.info,2347675104,14
EMP03650,Ryan Joshi,28,Other,Marketing,Marketing Manager,Masters,71334,2,Delhi,32,Yes,2,1,1,3,29,1,14,11,12,1,3,Yes,"Poor Work Life Balance, Overtime, Low Job Satisfaction",03-06-2025,chandransiya@mand.net,5413364646,13
EMP03651,Himmat Vig,40,Male,Marketing,SEO Specialist,Bachelors,116439,14,Noida,3,No,5,1,4,4,66,5,19,4,14,5,1,No,Not Provided,27-02-2024,anika42@mahajan.com,2287569132,8
EMP03652,Shanaya Wali,23,Male,Customer Support,Customer Success Manager,Bachelors,109535,2,Delhi,22,No,3,3,5,5,67,3,7,2,21,2,1,No,Not Provided,08-10-2018,mhans@hotmail.com,2031692046,0
EMP03653,Eva Manda,25,Female,Marketing,Marketing Manager,MBA,57948,0,Bangalore,31,Yes,4,2,1,4,16,4,5,7,13,4,4,Yes,"Overtime, Low Job Satisfaction, High Stress",14-01-2024,ybaral@yahoo.com,1497479192,13
EMP03654,Tarini Deshmukh,55,Other,Marketing,Content Strategist,Masters,149907,35,Hyderabad,1,Yes,3,2,4,1,21,2,22,8,22,4,5,No,Not Provided,17-07-2017,siyasachar@yahoo.com,3434810448,10
EMP03655,Anaya Lall,26,Other,Customer Support,Support Executive,MBA,66628,0,Mumbai,5,Yes,5,2,4,2,62,5,14,7,16,4,5,No,Not Provided,29-03-2017,dadanirvi@bahl.biz,9645964390,12
EMP03656,Charvi Jha,51,Male,Finance,Finance Manager,Diploma,153948,27,Chennai,12,Yes,3,4,2,3,56,8,13,2,10,5,4,No,Not Provided,01-01-2025,htank@chadha.biz,6785638484,9
EMP03657,Badal Koshy,33,Female,IT,System Admin,Diploma,68232,13,Noida,1,Yes,2,1,3,1,2,5,1,3,2,5,2,Yes,"Poor Work Life Balance, Overtime, Low Job Satisfaction",16-11-2023,osinghal@acharya.com,1645039740,17
EMP03658,Divit Dua,56,Male,IT,Software Engineer,Diploma,39340,28,Chennai,12,No,3,1,4,4,59,8,10,5,22,2,5,No,Not Provided,08-09-2024,hayervidur@yahoo.com,2702308372,5
EMP03659,Ishita Mani,49,Female,Customer Support,Support Executive,MBA,127114,19,Delhi,21,Yes,2,3,5,4,27,7,16,14,7,5,1,No,Not Provided,08-12-2025,adira98@hotmail.com,7761973836,12
EMP03660,Advik Vala,45,Female,Sales,Sales Executive,Bachelors,91369,17,Bangalore,12,Yes,4,2,5,5,13,9,22,8,14,3,3,No,Not Provided,01-05-2025,wadhwakaira@sekhon.com,5043598326,7
EMP03661,Saanvi Bahl,53,Other,Not assigned,Sales Executive,Masters,75061,23,Pune,24,Yes,1,2,2,4,62,10,11,1,14,3,3,No,Not Provided,25-07-2021,graja@yahoo.com,5217151870,12
EMP03662,Sahil Sami,39,Other,Customer Support,Customer Success Manager,MBA,37548,14,Pune,30,Yes,4,2,2,1,0,4,13,4,23,5,4,Yes,"Overtime, Low Job Satisfaction, Manager Issues",04-03-2020,vkara@jani.org,7652991372,13
EMP03663,Anay Tripathi,36,Male,IT,Software Engineer,MBA,50924,16,Pune,12,No,3,4,3,1,46,1,18,6,16,2,3,No,Not Provided,17-08-2023,prisha44@sahota.com,1228166943,2
EMP03664,Trisha Dutt,43,Male,Sales,Sales Executive,Bachelors,60294,14,Delhi,38,No,1,2,3,5,45,6,21,4,4,5,2,No,Not Provided,06-03-2025,dinaaryahi@maharaj-dasgupta.com,5155313744,12
EMP03665,Nirvi Sinha,28,Female,Marketing,SEO Specialist,Bachelors,128545,4,Pune,21,No,5,5,1,1,50,8,23,12,2,1,1,No,Not Provided,11-04-2021,tellavaibhav@suresh-bhatti.com,6810874,8
EMP03666,Bhavin Mahal,35,Other,Finance,Accountant,Diploma,159021,13,Bangalore,25,Yes,3,1,3,1,33,7,1,1,6,3,1,No,Not Provided,06-12-2018,galatiya@chakrabarti.com,7502397036,12
EMP03667,Saksham Chatterjee,22,Male,Sales,Sales Executive,Masters,164279,0,Delhi,38,Yes,3,5,5,3,39,3,25,7,4,2,5,No,Not Provided,07-11-2019,raunakchatterjee@bahri.info,8659150367,3
EMP03668,Eva Varughese,42,Male,Sales,Business Development Associate,Bachelors,140644,21,Mumbai,39,No,1,1,2,2,65,9,1,12,0,1,2,Yes,"Poor Work Life Balance, Low Job Satisfaction, Manager Issues",03-03-2020,masterivan@gmail.com,597992594,17
EMP03669,Mannat Kaul,29,Other,Customer Support,Customer Success Manager,Bachelors,92711,2,Pune,13,No,1,2,4,4,9,5,12,11,2,4,2,Yes,"Poor Work Life Balance, Low Job Satisfaction, High Stress",05-09-2019,nityakala@grewal-dass.com,6261548073,13
EMP03670,Piya Grewal,51,Male,HR,Recruiter,Masters,90388,22,Pune,13,Yes,5,1,5,1,13,2,1,5,4,3,1,No,Not Provided,24-11-2024,banikelakshi@badal-wali.com,9183985879,9
EMP03671,Tiya Bobal,43,Other,Finance,Accountant,Diploma,142405,19,Pune,36,No,3,3,3,5,58,8,1,6,1,2,3,No,Not Provided,11-09-2017,upadhyayneysa@chaudhry-andra.com,5555964483,5
EMP03672,Jivin Gera,43,Female,Marketing,SEO Specialist,MBA,70227,15,Bangalore,5,No,1,5,4,3,26,6,15,15,1,5,5,No,Not Provided,28-12-2016,anayabumb@hotmail.com,1512758639,10
EMP03673,Aniruddh Ahluwalia,22,Female,Operations,Operations Executive,Diploma,117038,0,Hyderabad,28,No,5,5,2,3,9,8,20,14,2,5,5,No,Not Provided,04-09-2022,vgrewal@koshy.com,1376468600,10
EMP03674,Indrans Tella,56,Other,Finance,Financial Analyst,Bachelors,169855,27,Mumbai,32,Yes,1,4,3,2,50,5,10,2,24,3,2,No,Not Provided,18-12-2018,tejasbhatti@gmail.com,7170534184,10
EMP03675,Kaira Bhatia,22,Other,Customer Support,Support Executive,Masters,167803,0,Kolkata,15,No,4,4,5,3,43,5,12,15,23,2,5,No,Not Provided,25-08-2022,kandashamik@hotmail.com,7487451749,4
EMP03676,Zara Ghosh,23,Female,Operations,Operations Executive,Diploma,131819,0,Pune,19,Yes,2,3,4,1,1,7,11,8,24,5,1,No,Not Provided,08-03-2023,chiragchakraborty@gmail.com,7495037763,12
EMP03677,Biju Samra,57,Male,Sales,Sales Executive,MBA,161069,27,Kolkata,12,Yes,3,1,2,5,46,5,3,10,2,2,2,No,Not Provided,18-07-2017,jayantbassi@zacharia-lad.info,9737868580,13
EMP03678,Zoya Gara,32,Female,Sales,Sales Executive,Diploma,111991,10,Bangalore,1,Yes,2,3,3,5,70,6,12,2,17,4,3,No,Not Provided,04-11-2017,shamik30@sachar.com,364483929,10
EMP03679,Samiha Chacko,39,Male,Sales,Business Development Associate,MBA,132909,15,Mumbai,24,No,3,4,1,3,29,7,17,12,3,4,4,No,Not Provided,04-02-2021,sethhridaan@gmail.com,7461382498,9
EMP03680,Dhanush Agrawal,44,Male,HR,Recruiter,Diploma,133407,21,Pune,28,Yes,4,4,2,3,49,6,3,12,18,5,3,Yes,"Overtime, High Stress, No Promotion",19-07-2016,oorjarajan@walia.info,8168185645,14
EMP03681,Stuvan Suresh,53,Female,Finance,Accountant,Masters,171994,31,Pune,37,Yes,3,3,2,5,4,9,10,3,17,5,2,No,Not Provided,15-06-2018,ojas86@yahoo.com,3530278539,10
EMP03682,Saira Biswas,42,Other,Finance,Accountant,Masters,157476,15,Hyderabad,11,Yes,2,5,1,4,29,2,8,15,8,2,4,No,Not Provided,19-07-2025,yuvraj-98@hotmail.com,9222507349,9
EMP03683,Kashvi Vasa,21,Female,Operations,Supply Chain Analyst,Masters,26688,0,Hyderabad,34,No,7,2,1,3,80,0,5,13,23,5,5,No,Not Provided,19-10-2017,vivaangera@ahuja.com,4680253955,13
EMP03684,Indrajit Setty,33,Female,Customer Support,Customer Success Manager,Masters,70359,9,Bangalore,10,Yes,2,2,3,1,59,7,21,11,24,2,2,Yes,"Poor Work Life Balance, Overtime, Low Job Satisfaction",11-04-2017,mdhar@karnik.com,5100503886,14
EMP03685,Jhanvi Venkatesh,34,Male,Marketing,Content Strategist,Masters,122970,5,Pune,1,Yes,2,3,4,2,69,10,3,1,0,2,2,No,Not Provided,09-01-2022,saira39@saraf-tailor.org,6698447035,11
EMP03686,Anahita Seshadri,41,Other,IT,Data Analyst,MBA,97645,16,Chennai,12,Yes,1,3,1,4,25,7,0,4,22,2,1,No,Not Provided,09-02-2017,srivastavaprisha@brahmbhatt.com,3573487743,11
EMP03687,Aaina Atwal,51,Other,Finance,Financial Analyst,Masters,153935,30,Pune,37,Yes,1,2,3,4,44,10,10,11,15,2,5,Yes,"Poor Work Life Balance, Overtime, Low Job Satisfaction",09-04-2025,dubeabram@vaidya-varkey.info,5477671680,13
EMP03688,Nakul Mann,44,Male,Customer Support,Customer Success Manager,Diploma,87905,19,Noida,13,Yes,1,4,5,5,21,3,9,1,2,5,3,No,Not Provided,05-08-2020,wkrish@yahoo.com,8326553563,8
EMP03689,Purab Rastogi,24,Male,Customer Support,Support Executive,Masters,119328,0,Kolkata,17,Yes,4,3,1,1,49,8,7,2,7,3,5,No,Not Provided,14-10-2020,xtaneja@mallick.com,4029917096,8
EMP03690,Emir Sharaf,49,Male,IT,BI Developer,Bachelors,80637,19,Kolkata,19,Yes,5,5,1,2,66,6,8,5,22,3,4,No,Not Provided,13-06-2019,kaleromil@arya.com,6168978578,8
EMP03691,Adah Dada,55,Female,Marketing,SEO Specialist,Bachelors,54036,28,Delhi,30,No,5,1,4,5,54,5,23,13,15,4,3,No,Not Provided,28-12-2016,tsachdeva@hotmail.com,4950824920,11
EMP03692,Nitara Setty,50,Male,IT,Software Engineer,MBA,142599,21,Kolkata,4,Yes,2,2,4,4,20,0,15,3,6,1,2,No,Not Provided,10-10-2023,vchaudhari@vala-rastogi.net,2105825938,8
EMP03693,Eva Baral,46,Other,Marketing,Content Strategist,Bachelors,26422,19,Noida,35,Yes,1,1,3,3,30,1,13,7,0,3,1,No,Not Provided,31-05-2025,ibhavsar@yahoo.com,9022446517,9
EMP03694,Prerak Gour,30,Other,IT,Data Analyst,MBA,140597,10,Bangalore,28,No,3,3,3,5,70,1,23,12,10,1,4,No,Not Provided,11-01-2026,johalsamiha@hotmail.com,2468454598,3
EMP03695,Kabir Banerjee,58,Other,Marketing,Marketing Manager,Bachelors,145983,35,Noida,16,Yes,1,1,3,2,62,9,10,1,18,4,2,Yes,"Poor Work Life Balance, Overtime, Low Job Satisfaction",18-01-2017,yuvraj-rajan@yahoo.com,6615774540,15
EMP03696,Ivan Seshadri,51,Male,IT,Data Analyst,Bachelors,88021,30,Kolkata,40,No,3,5,4,4,75,3,2,8,24,3,1,No,Not Provided,24-06-2023,wbalakrishnan@gmail.com,4580494043,3
EMP03697,Emir Kunda,24,Female,HR,HR Manager,Diploma,134966,4,Bangalore,40,Yes,1,1,3,5,1,7,13,14,1,5,4,Yes,"Poor Work Life Balance, Overtime, Low Job Satisfaction",14-12-2023,hsibal@zachariah.com,2036453603,16
EMP03698,Urvi Garg,58,Male,Customer Support,Customer Success Manager,Diploma,91203,33,Delhi,28,No,5,5,5,2,8,9,1,11,7,2,3,No,Not Provided,16-05-2023,kalejayant@upadhyay-badal.com,2861112002,9
EMP03699,Indrajit Kulkarni,60,Other,Finance,Financial Analyst,Masters,116251,38,Pune,28,No,3,1,3,5,72,8,5,15,9,4,1,Yes,"Low Job Satisfaction, High Stress, No Promotion",01-06-2025,lthakur@gmail.com,553655159,13
EMP03700,Anay Banerjee,26,Other,Not assigned,Support Executive,MBA,41155,0,Hyderabad,17,No,3,1,5,5,62,2,9,12,24,1,5,No,Not Provided,01-07-2020,jayant13@gmail.com,2514574047,5
EMP03701,Zoya Chatterjee,35,Other,Finance,Accountant,Masters,105877,6,Chennai,20,No,2,3,3,4,8,7,12,4,23,2,2,No,Not Provided,16-01-2019,chopralakshit@dhawan.com,5376177180,5
EMP03702,Nayantara Bhasin,23,Female,IT,Software Engineer,Masters,155876,1,Bangalore,10,Yes,1,1,4,4,78,5,6,9,0,5,1,Yes,"Poor Work Life Balance, Overtime, Low Job Satisfaction",09-10-2017,hunarborah@borra-dhar.com,3112343656,13
EMP03703,Zaina Mani,52,Female,Customer Support,Support Executive,Masters,174535,26,Pune,39,Yes,4,4,3,4,41,1,13,2,8,5,3,No,Not Provided,14-09-2023,cheemaojas@singh.com,127006997,6
EMP03704,Aradhya Chawla,38,Female,HR,HR Executive,Diploma,81288,18,Hyderabad,27,Yes,2,5,3,3,64,2,24,13,2,3,2,No,Not Provided,27-11-2018,chandavivaan@kala.info,3618145460,8
EMP03705,Kiaan Sarin,25,Male,Marketing,Marketing Manager,MBA,89040,0,Bangalore,10,No,2,4,1,2,20,3,23,9,4,3,4,No,Not Provided,17-12-2025,kumarmisha@gmail.com,1099011970,7
EMP03706,Sahil Shankar,34,Female,Operations,Supply Chain Analyst,Diploma,137852,11,Kolkata,16,No,3,3,5,2,18,5,3,3,20,3,1,No,Not Provided,22-01-2025,renee14@sekhon.com,9269937447,6
EMP03707,Piya Thaker,27,Male,Marketing,Marketing Manager,Bachelors,97959.63636,5,Delhi,19,No,4,1,1,1,29,0,16,15,9,4,3,No,Not Provided,12-03-2021,iravala@amble.com,1713791390,12
EMP03708,Vanya Ramachandran,51,Other,HR,HR Manager,MBA,151198,27,Pune,35,No,5,2,3,2,30,0,4,7,21,5,2,No,Not Provided,17-10-2020,dhanuk55@maharaj.com,187276833,11
EMP03709,Miraan Jayaraman,42,Other,HR,HR Manager,Diploma,147630,19,Mumbai,40,No,5,1,4,4,80,9,9,15,24,3,3,No,Not Provided,01-06-2019,sethidhanuk@dugal.com,5047179459,8
EMP03710,Vaibhav Upadhyay,58,Other,Sales,Sales Executive,Diploma,160692,29,Noida,17,Yes,1,5,5,5,20,10,22,10,19,3,5,No,Not Provided,01-03-2022,rajagopalgatik@gupta.com,5116499220,9
EMP03711,Yuvraj  Dani,39,Female,IT,BI Developer,Bachelors,28499,13,Kolkata,24,No,4,4,2,4,40,0,0,5,0,5,3,No,Not Provided,02-06-2021,kanavkumer@kadakia-gala.com,6994792633,7
EMP03712,Kartik Chatterjee,44,Female,IT,Data Analyst,Bachelors,46580,21,Hyderabad,2,No,4,5,4,2,49,3,16,5,3,2,5,No,Not Provided,23-09-2016,abhatti@hotmail.com,9046150828,2
EMP03713,Aradhya Keer,53,Other,HR,Recruiter,Masters,81005,33,Noida,39,No,3,4,4,1,31,3,5,4,6,2,3,No,Not Provided,26-06-2016,heer09@yahoo.com,3497258451,5
EMP03714,Divyansh Tata,49,Male,Marketing,SEO Specialist,Masters,83564,19,Noida,26,No,3,2,5,1,60,0,21,8,7,3,3,No,Not Provided,26-09-2016,kulkarnidevansh@hotmail.com,1610533091,6
EMP03715,Mohanlal Chandra,34,Male,HR,HR Manager,Bachelors,56623,8,Kolkata,10,Yes,3,1,2,5,12,9,12,5,24,5,2,No,Not Provided,01-01-2021,mirayamadan@gill-chhabra.com,1585623304,12
EMP03716,Zoya Goswami,38,Male,HR,Recruiter,MBA,145779,16,Kolkata,3,No,2,1,1,1,67,0,12,14,12,5,4,Yes,"Poor Work Life Balance, Low Job Satisfaction, Manager Issues",26-04-2020,advik37@yahoo.com,4448038565,15
EMP03717,Shlok Bail,58,Other,Operations,Supply Chain Analyst,Masters,42592,37,Pune,36,Yes,4,1,2,5,79,7,3,1,13,5,2,Yes,"Overtime, Low Job Satisfaction, High Stress",12-11-2022,chadamisha@sundaram-konda.info,5817391751,15
EMP03718,Shalv Shukla,40,Female,Customer Support,Customer Success Manager,MBA,154315,14,Kolkata,30,No,5,2,2,4,48,4,18,8,0,5,4,No,Not Provided,02-09-2023,siyakeer@iyer.com,9047461247,9
EMP03719,Nishith Keer,36,Other,IT,Data Analyst,MBA,88212,16,Chennai,4,No,4,4,1,1,28,4,7,4,22,5,3,No,Not Provided,09-04-2025,balasubramaniandamini@hotmail.com,3906720568,7
EMP03720,Jivin Bali,45,Male,Customer Support,Customer Success Manager,MBA,88097,19,Mumbai,28,Yes,2,3,3,5,21,9,5,11,8,5,2,Yes,"Poor Work Life Balance, Overtime, High Stress",23-04-2021,khushiaggarwal@yahoo.com,4701022873,15
EMP03721,Jayesh Chada,48,Other,Marketing,Marketing Manager,Bachelors,97959.63636,27,Noida,11,No,5,1,2,5,2,5,2,14,1,3,5,No,Not Provided,11-06-2019,bmannan@varughese.com,7576856472,11
EMP03722,Akarsh Cherian,23,Other,IT,Operations Executive,Masters,85617,0,Noida,5,No,5,4,5,5,28,0,2,13,12,5,2,No,Not Provided,28-01-2025,ojaggi@kala.org,8861213986,7
EMP03723,Anay Guha,31,Female,HR,Recruiter,MBA,78558,1,Pune,36,No,4,1,1,5,79,7,13,1,7,3,4,No,Not Provided,12-02-2026,pranaybobal@yahoo.com,8258426671,8
EMP03724,Seher Banik,58,Female,Marketing,SEO Specialist,Bachelors,175733,30,Delhi,11,No,1,5,5,4,22,3,25,11,19,4,4,No,Not Provided,20-04-2022,kanavshenoy@shanker-mahal.com,6089862830,8
EMP03725,Sana Jani,41,Male,Sales,Sales Manager,Diploma,106478,16,Chennai,31,Yes,1,1,4,2,52,3,9,1,18,5,2,Yes,"Poor Work Life Balance, Overtime, Low Job Satisfaction",16-03-2022,anahita08@yahoo.com,5349804180,14
EMP03726,Hrishita Sahni,29,Female,Finance,Financial Analyst,Bachelors,43146,3,Hyderabad,14,Yes,5,1,2,5,46,3,8,15,3,2,2,No,Not Provided,19-01-2026,dubeyehsaan@gmail.com,5481857006,9
EMP03727,Pari Wali,44,Male,Sales,Sales Executive,Bachelors,136482,18,Mumbai,13,Yes,4,1,3,1,68,1,4,4,22,4,5,No,Not Provided,02-08-2023,latavritika@yahoo.com,7006772551,12
EMP03728,Kavya Sagar,55,Male,Customer Support,Customer Success Manager,MBA,122158,31,Noida,30,No,1,3,4,1,75,4,11,10,8,5,3,No,Not Provided,25-11-2025,vvig@yahoo.com,7421969936,11
EMP03729,Kavya Hora,24,Female,Operations,Supply Chain Analyst,Diploma,31176,0,Kolkata,24,No,3,1,2,1,59,9,25,4,18,4,2,No,Not Provided,12-03-2023,tarandar@balan-dubey.com,1363278616,12
EMP03730,Neysa Sani,25,Female,HR,HR Manager,Diploma,157141,0,Chennai,32,No,5,4,5,3,77,10,10,4,11,3,4,No,Not Provided,13-08-2016,oorja02@hotmail.com,6739192893,3
EMP03731,Lagan Dhar,22,Female,Marketing,Content Strategist,MBA,173189,0,Delhi,37,No,4,2,4,2,16,9,3,7,11,1,3,No,Not Provided,06-01-2019,barmanmadhup@yahoo.com,2722365004,10
EMP03732,Dharmajan Khatri,37,Other,Marketing,SEO Specialist,MBA,101060.0377,12,Chennai,1,No,2,3,5,1,28,8,4,1,10,5,5,No,Not Provided,21-12-2017,gillgatik@yahoo.com,9925813450,12
EMP03733,Akarsh Garg,47,Female,HR,Recruiter,Bachelors,79846,24,Kolkata,21,Yes,3,5,5,2,10,6,11,15,12,4,2,No,Not Provided,12-04-2023,yuvaanbhandari@chopra-gill.com,6671757831,11
EMP03734,Lakshay Dar,45,Female,HR,Recruiter,Masters,112434,22,Pune,20,Yes,5,1,3,1,27,6,16,1,5,4,5,No,Not Provided,16-05-2020,samrabhavin@dasgupta.com,4733363934,12
EMP03735,Dhanuk Kari,54,Male,Finance,Finance Manager,Diploma,86326,32,Hyderabad,39,Yes,2,4,5,3,11,1,8,1,1,1,2,No,Not Provided,14-04-2026,cvala@chopra-agrawal.com,2404620031,6
EMP03736,Riaan Bawa,56,Female,Finance,Finance Manager,MBA,89977,29,Chennai,24,No,4,1,3,3,78,6,10,6,23,2,3,No,Not Provided,08-07-2018,uthkarshsrinivas@sehgal-chakraborty.com,8345308104,5
EMP03737,Stuvan Reddy,50,Male,Operations,Supply Chain Analyst,Bachelors,148149,21,Kolkata,14,Yes,5,3,1,5,63,1,11,5,11,1,4,No,Not Provided,30-03-2020,badaldeshmukh@lanka-khanna.net,3286725921,4
EMP03738,Hunar Dar,54,Male,IT,Data Analyst,MBA,161936,34,Kolkata,13,Yes,2,5,1,5,43,7,12,3,19,4,4,No,Not Provided,27-03-2023,xkhanna@bal-mahajan.com,9415169071,12
EMP03739,Neysa Sodhi,48,Female,Customer Support,Customer Success Manager,Masters,60467,18,Pune,23,Yes,5,3,1,5,69,9,23,12,3,5,3,No,Not Provided,25-02-2021,ramachandranheer@yahoo.com,7385072088,11
EMP03740,Gokul Chadha,53,Other,Customer Support,Customer Success Manager,Bachelors,149964,24,Bangalore,35,Yes,1,5,3,5,24,0,2,15,20,5,2,No,Not Provided,17-12-2020,tara07@yahoo.com,981610556,13
EMP03741,Purab Ram,33,Female,IT,Software Engineer,Diploma,155096,12,Hyderabad,4,No,2,3,5,2,34,4,21,2,21,3,1,No,Not Provided,03-09-2023,vohrariya@sami.com,5483379880,5
EMP03742,Mehul Sule,34,Female,Customer Support,Support Executive,Bachelors,116292,8,Hyderabad,3,Yes,3,2,5,2,70,5,3,6,13,1,3,No,Not Provided,05-08-2022,aaryahi07@hotmail.com,4800062512,11
EMP03743,Yasmin Ravel,23,Male,Operations,Supply Chain Analyst,Diploma,93021,1,Chennai,1,No,1,5,4,2,61,10,20,8,20,5,3,No,Not Provided,31-05-2021,biraniruddh@hotmail.com,6849684173,10
EMP03744,Sahil Bumb,21,Male,Marketing,Content Strategist,Bachelors,137813,0,Pune,10,No,3,3,3,1,50,7,19,15,9,3,1,No,Not Provided,15-09-2018,ahluwaliakrish@upadhyay-doctor.com,6329318920,6
EMP03745,Lavanya Krishna,58,Female,Customer Support,Customer Success Manager,Diploma,145400,38,Mumbai,3,Yes,4,1,4,5,25,3,15,14,12,2,3,No,Not Provided,18-10-2023,farhan38@hotmail.com,2887668655,7
EMP03746,Dharmajan Madan,50,Male,Sales,Business Development Associate,Diploma,119309,26,Bangalore,16,Yes,4,1,1,3,71,2,12,2,16,5,1,No,Not Provided,19-08-2021,ramananaya@dalal.info,9003579960,10
EMP03747,Kimaya Deshmukh,44,Other,Sales,Business Development Associate,Masters,147593,21,Noida,18,No,5,1,4,3,13,8,19,6,16,3,3,No,Not Provided,22-02-2026,trivedishlok@hotmail.com,2315812901,5
EMP03748,Prerak Sundaram,27,Female,Customer Support,Customer Success Manager,MBA,143862,0,Bangalore,40,No,3,2,4,3,40,6,7,4,1,3,2,No,Not Provided,14-07-2023,siyagoswami@hotmail.com,2143663741,6
EMP03749,Mamooty Kumer,37,Other,Customer Support,Support Executive,Masters,54775,17,Delhi,21,No,4,3,2,2,8,8,9,11,25,2,2,No,Not Provided,22-12-2024,Not Generated,3465572939,8
EMP03750,Armaan Bhardwaj,32,Male,Finance,Finance Manager,MBA,132023,2,Mumbai,15,Yes,4,4,3,1,71,3,14,11,12,1,3,No,Not Provided,21-08-2016,nsabharwal@mander.com,5612049081,6
EMP03751,Eshani Boase,44,Female,Customer Support,Support Executive,MBA,91898,24,Noida,28,Yes,5,5,3,5,36,9,24,6,19,4,2,No,Not Provided,14-07-2025,priyanshgokhale@gmail.com,1761387160,8
EMP03752,Shalv Jayaraman,53,Female,Operations,Supply Chain Analyst,Bachelors,25638,32,Chennai,4,Yes,2,4,2,1,7,8,19,6,14,4,3,Yes,"Poor Work Life Balance, Overtime, Manager Issues",28-08-2017,xbahri@gmail.com,4967699998,14
EMP03753,Aradhya Andra,53,Male,Operations,Operations Executive,MBA,75174,26,Mumbai,11,No,4,5,5,5,40,9,25,3,18,3,3,No,Not Provided,14-02-2019,lvenkataraman@mall-dani.com,6934038615,2
EMP03754,Vidur Soni,35,Female,Sales,Sales Manager,Diploma,53608,11,Mumbai,26,No,4,3,5,2,55,3,24,7,11,3,2,No,Not Provided,15-01-2021,venkateshfaiyaz@tripathi.org,6565009539,3
EMP03755,Hazel Chawla,23,Other,Finance,Accountant,Diploma,80201,0,Mumbai,37,Yes,5,4,2,1,20,5,8,1,17,5,5,No,Not Provided,31-01-2021,mgour@sane.com,1340948838,12
EMP03756,Nirvi Sanghvi,46,Other,Sales,Sales Executive,MBA,122293,24,Hyderabad,35,No,5,2,5,2,5,1,21,10,23,3,1,No,Not Provided,14-07-2019,mastertanya@yahoo.com,3414356175,8
EMP03757,Tanya Toor,17,Other,Marketing,Content Strategist,Diploma,143415,0,Chennai,27,No,5,5,5,4,59,2,12,6,19,3,5,No,Not Provided,03-07-2017,ndara@gmail.com,2982275523,1
EMP03758,Gatik Uppal,28,Male,Finance,Accountant,Bachelors,34199,2,Hyderabad,5,Yes,4,3,4,2,76,6,17,4,9,3,5,No,Not Provided,18-12-2017,deprerak@thaman-manda.org,1882242801,6
EMP03759,Kimaya Bakshi,30,Other,Customer Support,Support Executive,MBA,150729,2,Delhi,34,No,5,4,1,3,43,4,19,7,12,2,4,No,Not Provided,26-06-2018,kjaggi@tella.com,6526162613,3
EMP03760,Sahil Ramachandran,37,Other,Finance,Financial Analyst,Masters,26485,13,Delhi,39,No,3,2,3,2,67,8,10,3,16,3,4,No,Not Provided,31-05-2018,tsaini@warrior-saran.info,288866622,8
EMP03761,Tanya Saini,23,Other,Finance,Finance Manager,Diploma,87372,0,Delhi,39,Yes,1,2,3,1,9,3,8,6,20,4,1,Yes,"Poor Work Life Balance, Overtime, Low Job Satisfaction",10-10-2018,aniruddhtandon@hotmail.com,8184998424,14
EMP03762,Nakul Dugar,43,Male,Finance,Financial Analyst,Masters,58158,22,Pune,40,Yes,2,3,1,1,2,1,19,14,2,1,2,No,Not Provided,01-10-2023,walimyra@yahoo.com,874030757,12
EMP03763,Ela Banerjee,42,Other,Sales,Sales Executive,Masters,130619,18,Kolkata,10,Yes,5,3,4,2,38,5,15,7,6,4,4,No,Not Provided,24-04-2022,umajumdar@hotmail.com,3613512300,9
EMP03764,Kismat Mahajan,51,Female,Marketing,Content Strategist,MBA,132418,29,Hyderabad,28,Yes,5,5,2,3,30,0,3,10,5,4,4,No,Not Provided,06-01-2025,prishakale@dugar.com,9146548387,12
EMP03765,Kiara Buch,39,Male,HR,HR Executive,Masters,71930,15,Mumbai,37,Yes,3,3,1,4,10,9,6,14,13,4,2,No,Not Provided,05-12-2025,ranbirsom@kala-manne.com,3199420019,12
EMP03766,Abram Contractor,40,Other,Customer Support,Customer Success Manager,Diploma,78102,18,Pune,27,Yes,2,3,3,3,3,2,2,2,18,3,4,No,Not Provided,09-08-2016,bdave@mani.com,2041867060,8
EMP03767,Hansh Mallick,47,Female,Operations,Operations Executive,Diploma,40433,18,Bangalore,18,No,3,4,5,4,54,7,20,15,16,1,3,No,Not Provided,23-10-2025,boasemanikya@yahoo.com,6091951188,4
EMP03768,Mannat Viswanathan,32,Male,Customer Support,Customer Success Manager,Diploma,127160,2,Pune,8,Yes,3,1,2,5,44,8,17,8,9,3,3,No,Not Provided,05-03-2023,balveer@gmail.com,8310233709,9
EMP03769,Oorja Bandi,44,Other,Sales,Business Development Associate,Diploma,90465,17,Delhi,14,Yes,5,3,5,2,2,4,24,9,20,4,1,No,Not Provided,24-02-2021,ysawhney@hotmail.com,2455598865,7
EMP03770,Kaira Sule,25,Female,Finance,Accountant,Masters,97612,0,Mumbai,23,No,5,4,3,2,38,1,10,4,14,2,3,No,Not Provided,09-07-2023,ritvik77@kaul-ganesh.info,500922848,2
EMP03771,Tara Virk,40,Female,Marketing,SEO Specialist,Diploma,164890,16,Noida,3,Yes,5,2,4,2,40,1,3,2,10,1,4,No,Not Provided,09-08-2017,hgrover@rajagopalan.com,1881760980,9
EMP03772,Rhea Dalal,53,Female,IT,System Admin,Diploma,156476,27,Pune,24,No,3,5,4,3,11,8,20,6,24,3,3,No,Not Provided,23-02-2018,raunak11@buch.com,5699222129,2
EMP03773,Elakshi Saraf,32,Female,Marketing,SEO Specialist,Bachelors,166805,12,Kolkata,40,Yes,5,3,2,4,54,10,12,14,17,4,3,No,Not Provided,27-04-2020,nakulkothari@chandra-swamy.net,7433378990,12
EMP03774,Tiya Bora,43,Female,HR,HR Executive,Diploma,56128,15,Chennai,19,No,4,3,5,2,20,8,15,4,25,1,5,No,Not Provided,18-07-2021,zain51@deol-golla.com,2021835268,4
EMP03775,Nitara Lad,55,Male,Sales,Sales Manager,Bachelors,167976,29,Chennai,8,No,3,4,1,2,50,9,4,3,8,2,5,No,Not Provided,04-03-2020,hrishitasrivastava@hotmail.com,3044650867,8
EMP03776,Badal Raja,31,Male,Finance,Finance Manager,Diploma,117932,8,Bangalore,24,Yes,2,3,5,5,70,9,21,15,16,1,2,No,Not Provided,18-08-2020,lsaha@gmail.com,5501822233,9
EMP03777,Zara Rege,42,Other,Finance,Finance Manager,MBA,174254,21,Delhi,20,No,4,2,4,5,62,7,25,1,2,3,1,No,Not Provided,06-07-2024,etella@mann.biz,3937642968,5
EMP03778,Aayush Agate,57,Male,HR,HR Executive,Bachelors,169456,30,Noida,4,Yes,1,3,5,3,72,3,20,4,9,1,3,No,Not Provided,13-08-2021,mallzoya@gmail.com,4334109692,5
EMP03779,Ryan Divan,21,Male,IT,Software Engineer,Masters,53291,1,Pune,14,No,5,2,5,1,59,10,22,5,15,5,4,No,Not Provided,16-06-2019,jhanvisaxena@dutta-viswanathan.com,3668351592,10
EMP03780,Indranil Tank,34,Other,HR,HR Manager,MBA,123110,6,Delhi,6,Yes,5,5,2,2,52,0,0,11,3,1,2,No,Not Provided,25-08-2023,sanajohal@jhaveri.com,9386526472,10
EMP03781,Nakul Sen,31,Other,Customer Support,Customer Success Manager,Bachelors,127939,4,Noida,34,No,5,2,5,2,58,5,24,8,0,1,5,No,Not Provided,29-05-2016,nkoshy@yahoo.com,192387589,8
EMP03782,Riaan Venkataraman,35,Male,Customer Support,Support Executive,Diploma,120728,14,Bangalore,16,Yes,1,1,3,2,44,8,2,15,14,4,5,Yes,"Poor Work Life Balance, Overtime, Low Job Satisfaction",29-12-2019,shamikvohra@yahoo.com,5714829640,19
EMP03783,Prerak Mandal,35,Male,Marketing,Content Strategist,Diploma,140651,11,Noida,21,Yes,5,4,3,1,63,3,2,15,16,1,1,No,Not Provided,23-03-2021,rohanmanda@sangha-kuruvilla.net,4292288187,8
EMP03784,Miraan Ram,53,Other,Operations,Operations Executive,Masters,135820,28,Noida,24,No,5,1,1,2,73,5,9,8,3,3,5,No,Not Provided,02-09-2018,hrishita79@hotmail.com,8812645826,9
EMP03785,Samarth Yohannan,55,Male,Sales,Sales Executive,Diploma,178196,28,Hyderabad,27,Yes,4,4,1,4,79,5,18,12,16,3,4,No,Not Provided,03-01-2022,bhallanakul@gmail.com,1412471478,9
EMP03786,Hiran Lad,17,Other,IT,Data Analyst,MBA,147227,11,Bangalore,24,Yes,1,5,2,3,38,8,12,7,17,5,1,No,Not Provided,20-12-2019,janinirvi@yahoo.com,7015526713,12
EMP03787,Rasha Bhatia,22,Male,Customer Support,Support Executive,Diploma,104634.8542,2,Hyderabad,34,Yes,3,3,4,3,8,8,17,9,12,1,5,No,Not Provided,15-02-2026,samiha69@zachariah.com,4686868655,5
EMP03788,Amira Trivedi,24,Other,Operations,Operations Executive,Diploma,66733,1,Chennai,12,Yes,2,3,1,2,6,0,18,6,4,3,3,No,Not Provided,18-05-2018,indrajitissac@ram-chacko.org,1528034418,9
EMP03789,Saanvi Sastry,29,Female,Finance,Financial Analyst,Diploma,144369,8,Bangalore,30,No,4,3,5,5,12,0,0,3,20,2,3,No,Not Provided,22-01-2021,mdalal@yahoo.com,243765538,3
EMP03790,Bhavin Shenoy,41,Male,IT,Data Analyst,Masters,110055,19,Chennai,6,No,2,5,1,5,19,7,17,1,15,4,5,No,Not Provided,08-05-2021,suhanadey@deol-tata.com,3252270666,10
EMP03791,Drishya Savant,41,Female,HR,HR Executive,MBA,25755,17,Hyderabad,17,No,5,1,3,3,41,9,9,13,13,4,5,No,Not Provided,29-11-2020,cwason@savant.com,8038178743,10
EMP03792,Kismat Baral,53,Male,HR,Recruiter,MBA,105401,32,Mumbai,8,Yes,2,3,4,1,51,4,7,14,6,3,5,No,Not Provided,22-03-2018,hazel35@gmail.com,984464046,9
EMP03793,Yasmin Jhaveri,49,Female,Operations,Supply Chain Analyst,MBA,176559,21,Delhi,9,No,4,1,2,4,7,7,17,3,13,3,2,No,Not Provided,05-11-2019,sanachakrabarti@hotmail.com,4411333244,7
EMP03794,Divit Gill,43,Male,HR,HR Executive,Bachelors,72152,18,Noida,25,Yes,3,3,3,5,64,8,17,8,8,4,1,No,Not Provided,27-07-2024,dhruvdevan@hotmail.com,2598204339,8
EMP03795,Ivana Khalsa,49,Other,IT,Software Engineer,Diploma,138909,29,Delhi,15,Yes,4,1,3,4,74,5,18,15,15,3,4,No,Not Provided,01-10-2023,arhaan05@chaudhuri.biz,9645278296,9
EMP03796,Damini Vala,41,Male,Marketing,Marketing Manager,Diploma,111327,13,Mumbai,38,No,1,2,2,5,53,0,15,13,1,5,5,Yes,"Poor Work Life Balance, Low Job Satisfaction, High Stress",28-01-2022,fbala@gupta-bala.info,7604835609,14
EMP03797,Devansh Roy,60,Female,Marketing,SEO Specialist,Masters,45718,34,Kolkata,22,No,3,2,2,1,18,5,22,6,2,3,3,No,Not Provided,28-03-2023,amira53@bobal.com,8763846982,9
EMP03798,Aarush Subramaniam,50,Other,Customer Support,Support Executive,Masters,150541,27,Chennai,7,Yes,2,2,5,4,5,2,20,12,2,2,2,No,Not Provided,04-07-2018,umangjha@boase.biz,2419185489,10
EMP03799,Mishti Chatterjee,24,Female,Marketing,Content Strategist,Masters,103741,1,Pune,9,No,2,2,1,1,58,7,10,11,24,2,4,Yes,"Poor Work Life Balance, Low Job Satisfaction, Manager Issues",13-12-2016,neelofarhayer@yahoo.com,9675332361,14
EMP03800,Ela Sarraf,43,Female,Customer Support,Support Executive,MBA,30306,21,Delhi,28,Yes,3,5,4,3,40,2,2,4,7,4,2,No,Not Provided,29-10-2024,gsharaf@bhandari.info,2454052012,8
EMP03801,Yakshit Rastogi,45,Other,IT,System Admin,Masters,170769,24,Hyderabad,28,Yes,1,5,2,4,7,6,9,5,11,5,1,Yes,"Poor Work Life Balance, Overtime, High Stress",24-06-2024,raveldevansh@gmail.com,8420548166,13
EMP03802,Nirvaan Barman,56,Male,Sales,Sales Manager,Masters,94243,26,Pune,18,No,4,5,5,3,58,1,22,11,24,4,1,No,Not Provided,30-12-2020,umani@wable.com,5283929054,5
EMP03803,Zain Bal,38,Other,Finance,Accountant,MBA,169029,16,Chennai,10,No,3,3,1,3,29,4,4,4,18,1,1,No,Not Provided,20-07-2020,zsachdeva@hotmail.com,1231064592,4
EMP03804,Shanaya Batra,22,Male,HR,HR Executive,Diploma,150644,0,Hyderabad,34,No,4,4,4,3,50,1,4,1,20,1,3,No,Not Provided,13-03-2025,ritvikkrish@sarna.org,8622674692,3
EMP03805,Aarna D’Alia,42,Female,Marketing,Marketing Manager,Bachelors,79670,21,Delhi,4,Yes,4,3,2,3,13,0,14,7,11,1,4,No,Not Provided,07-07-2023,walibadal@majumdar.biz,6376598125,4
EMP03806,Ivana Varghese,46,Male,Finance,Finance Manager,Diploma,93764,23,Mumbai,35,No,4,5,3,1,13,0,10,8,12,4,3,No,Not Provided,14-07-2019,abram46@hotmail.com,688797173,6
EMP03807,Samaira Doshi,26,Other,Finance,Finance Manager,Diploma,87380,5,Chennai,7,No,5,3,1,1,11,10,14,14,20,4,4,No,Not Provided,16-10-2024,aarna76@hotmail.com,9515118920,11
EMP03808,Manjari Chopra,42,Other,IT,Software Engineer,Bachelors,142602,15,Mumbai,11,No,1,3,5,5,39,3,25,10,0,4,3,No,Not Provided,26-11-2018,jhans@yahoo.com,338769662,8
EMP03809,Sumer Sarin,60,Female,Finance,Financial Analyst,Bachelors,155083,38,Noida,27,Yes,5,2,2,4,63,2,23,8,21,3,1,No,Not Provided,10-10-2021,sahotavidur@chad.com,4196734814,8
EMP03810,Akarsh Bir,37,Other,Finance,Financial Analyst,MBA,179724,11,Mumbai,16,Yes,1,1,1,1,7,0,12,9,14,2,3,No,Not Provided,27-03-2026,nitarachana@kade.biz,4125741125,12
EMP03811,Yuvraj  Gour,49,Female,HR,HR Manager,Diploma,164199,26,Delhi,39,No,3,3,3,2,55,8,15,13,1,4,4,No,Not Provided,23-12-2018,ranbirkari@gour.org,6089211853,10
EMP03812,Mannat Date,51,Female,Finance,Accountant,Diploma,179132,24,Chennai,32,Yes,2,1,4,1,23,10,10,2,10,4,1,Yes,"Poor Work Life Balance, Overtime, Low Job Satisfaction",16-03-2019,jayesh53@yahoo.com,3213664548,16
EMP03813,Not Available,24,Other,Finance,Accountant,MBA,88362,1,Pune,40,No,1,4,3,5,76,0,25,11,14,2,4,No,Not Provided,14-12-2016,buchdivit@chandra.net,4609590318,6
EMP03814,Biju Kale,39,Other,Finance,Financial Analyst,MBA,106184,19,Pune,21,Yes,4,1,4,5,62,8,1,14,18,1,2,No,Not Provided,13-04-2024,rajagopalindrans@iyer.com,981445581,11
EMP03815,Zeeshan Ganesh,57,Female,Operations,Supply Chain Analyst,Diploma,170130,28,Hyderabad,33,No,4,1,4,5,39,1,24,12,12,2,2,No,Not Provided,09-05-2018,lsachar@shetty-rajagopalan.com,3764989311,6
EMP03816,Vardaniya Ramanathan,41,Male,Marketing,Content Strategist,Bachelors,43247,11,Mumbai,8,Yes,4,2,1,2,16,10,20,14,13,5,2,Yes,"Overtime, Low Job Satisfaction, Manager Issues",07-02-2024,zsehgal@yahoo.com,2984143262,16
EMP03817,Aarna Date,34,Other,Operations,Operations Executive,MBA,142658,6,Pune,34,No,2,4,5,2,40,2,25,11,5,2,2,No,Not Provided,30-01-2017,dattakashvi@hotmail.com,8912668447,8
EMP03818,Aayush Jha,41,Female,Customer Support,Customer Success Manager,Masters,105530.7044,11,Chennai,20,No,1,1,1,5,23,7,5,10,24,3,4,Yes,"Poor Work Life Balance, Low Job Satisfaction, No Promotion",23-02-2023,ebahl@yahoo.com,4660335384,14
EMP03819,Shamik Tripathi,38,Male,Customer Support,Support Executive,Bachelors,60168,8,Kolkata,6,Yes,2,3.039382866,3,2,13,5,18,2,4,4,4,No,Not Provided,15-05-2022,trishaviswanathan@yahoo.com,290729733,12
EMP03820,Indranil Maharaj,29,Female,Marketing,Content Strategist,Bachelors,74123,6,Delhi,23,No,2,4,5,3,3,0,23,4,7,1,1,No,Not Provided,14-05-2023,nirvikoshy@virk.com,5705918585,3
EMP03821,Sana Dara,24,Other,Operations,Supply Chain Analyst,Bachelors,109251,0,Kolkata,16,No,3,3,5,2,15,7,4,13,19,5,1,No,Not Provided,15-09-2018,sdeshpande@gmail.com,5132191074,11
EMP03822,Ishita Dube,50,Other,Sales,Business Development Associate,Diploma,110332,24,Noida,20,Yes,3,3,4,2,67,0,23,8,23,4,1,No,Not Provided,19-10-2022,aayush37@yahoo.com,2569270241,7
EMP03823,Raunak Rattan,22,Other,Marketing,SEO Specialist,Bachelors,94786,0,Kolkata,2,Yes,5,2,2,4,74,7,2,13,25,5,4,Yes,"Overtime, Low Job Satisfaction, High Stress",15-07-2016,ochhabra@sur.com,8585159182,16
EMP03824,Parinaaz Khare,46,Female,Operations,Operations Executive,Diploma,141977,22,Delhi,35,Yes,1,5,3,5,77,8,25,10,21,4,5,Yes,"Poor Work Life Balance, Overtime, High Stress",15-07-2023,urvi60@bhardwaj.com,8807982119,13
EMP03825,Saksham Dey,56,Male,Operations,Operations Executive,Diploma,39302,34,Pune,17,No,4,4,5,2,61,0,5,14,2,2,3,No,Not Provided,17-09-2020,vgole@ram.net,3520143844,6
EMP03826,Nirvi Varty,52,Male,Customer Support,Support Executive,Bachelors,54271,24,Kolkata,21,Yes,3,5,2,1,73,0,14,11,3,1,2,No,Not Provided,27-04-2018,uthkarsh31@sami.info,6022495098,8
EMP03827,Stuvan Gera,39,Male,Sales,Sales Executive,MBA,156077,13,Delhi,35,Yes,1,4,3,2,61,4,22,3,2,1,1,No,Not Provided,21-01-2019,sabharwalmisha@saxena-sandhu.com,3784536992,8
EMP03828,Mehul Kannan,40,Other,Marketing,Marketing Manager,MBA,30357,16,Pune,3,No,4,1,1,4,19,7,5,10,19,5,3,Yes,"Low Job Satisfaction, High Stress, No Promotion",23-06-2021,chanabaiju@yahoo.com,5054339933,14
EMP03829,Chirag Rajan,52,Female,IT,Data Analyst,Masters,54947,26,Mumbai,21,No,2,1,1,3,18,7,24,6,15,4,2,Yes,"Poor Work Life Balance, Low Job Satisfaction, High Stress",02-05-2018,benrasha@yahoo.com,4934716448,13
EMP03830,Hrishita Kothari,43,Male,HR,HR Executive,Bachelors,25146,21,Noida,34,No,2,4,5,3,36,9,23,9,6,1,3,No,Not Provided,04-05-2018,divyansh28@atwal-sarma.org,3006784426,6
EMP03831,Saanvi Chowdhury,42,Female,Operations,Operations Executive,Diploma,70416,15,Mumbai,11,Yes,2,1,4,2,76,6,12,5,6,5,2,Yes,"Poor Work Life Balance, Overtime, Low Job Satisfaction",18-12-2019,shanaya29@sandhu-sheth.biz,1957427921,15
EMP03832,Divij Sama,46,Male,Sales,Business Development Associate,Diploma,29221,20,Chennai,28,No,3,4,3,3,19,8,4,11,5,1,3,No,Not Provided,14-04-2023,fkadakia@talwar-deshmukh.com,7682786809,7
EMP03833,Rohan Rajagopal,22,Male,Customer Support,Customer Success Manager,MBA,130761,1,Mumbai,15,Yes,3,1,2,5,35,6,18,7,11,2,4,No,Not Provided,01-09-2023,vivaan36@gmail.com,1165538392,9
EMP03834,Veer Handa,43,Female,HR,HR Manager,MBA,78985,17,Chennai,17,Yes,5,4,5,4,75,10,5,13,23,2,3,No,Not Provided,28-06-2021,hanshunar@hans.biz,9660100040,8
EMP03835,Siya Kala,50,Female,Finance,Finance Manager,Bachelors,165448,28,Kolkata,35,No,4,3,2,2,52,9,1,13,3,1,3,No,Not Provided,01-03-2019,italwar@hotmail.com,9493359999,11
EMP03836,Samaira Keer,33,Other,Customer Support,Support Executive,Diploma,98549,6,Bangalore,26,No,4,3,2,5,50,6,1,5,0,2,3,No,Not Provided,22-10-2022,bariarasha@suresh.com,2413179750,7
EMP03837,Miraya Madan,34,Other,Marketing,Marketing Manager,Diploma,106787,14,Pune,27,Yes,3,5,2,1,13,6,1,12,3,5,5,Yes,"Overtime, Manager Issues, High Stress",25-05-2018,sankaranalisha@aggarwal.net,7068261836,16
EMP03838,Tara Lall,54,Female,Finance,Financial Analyst,MBA,122029,31,Hyderabad,10,Yes,5,3,3,5,9,2,23,1,4,1,3,No,Not Provided,18-09-2017,jayesh48@yahoo.com,2929401843,2
EMP03839,Saanvi Thaker,54,Other,Operations,Operations Executive,MBA,157889,28,Chennai,32,No,3,4,4,3,10,10,9,3,10,1,3,No,Not Provided,26-06-2022,rania90@wable.com,7079229389,3
EMP03840,Drishya Dhar,57,Female,Operations,Operations Executive,Bachelors,29489,37,Kolkata,8,No,1,1,4,1,52,1,20,12,2,3,1,No,Not Provided,14-09-2018,indranil03@yahoo.com,6444955573,10
EMP03841,Zeeshan Sura,29,Other,Marketing,Content Strategist,MBA,76649,7,Mumbai,10,No,5,5,4,2,52,9,6,8,0,2,5,No,Not Provided,04-05-2025,kandaarnav@kumer.com,4382823620,4
EMP03842,Taimur Dixit,23,Male,Operations,Operations Executive,Diploma,28351,0,Bangalore,9,Yes,4,2,5,1,27,8,23,3,7,5,5,No,Not Provided,04-06-2017,sunderumang@datta.org,6006475601,12
EMP03843,Mahika Swaminathan,32,Other,Customer Support,Support Executive,Masters,157936,10,Delhi,29,No,5,4,4,5,43,9,16,14,4,2,5,No,Not Provided,11-10-2025,khari@mahajan.net,9091701106,5
EMP03844,Akarsh Wali,32,Female,Marketing,Content Strategist,Bachelors,42562,8,Pune,6,Yes,1,1,3,3,79,8,7,4,22,1,2,No,Not Provided,18-01-2023,dvarkey@kale.biz,2230122559,10
EMP03845,Dhruv Ghosh,21,Female,HR,Recruiter,Bachelors,96942,0,Chennai,19,No,4,5,1,5,37,10,16,12,13,4,4,No,Not Provided,05-11-2025,borahkavya@bava.info,7126311227,9
EMP03846,Eva Sankaran,27,Female,Operations,Supply Chain Analyst,MBA,55850,0,Delhi,35,No,1,3.039382866,2,1,20,9,17,4,10,4,1,No,Not Provided,09-03-2022,chandranfarhan@kapoor.com,1085332810,13
EMP03847,Bhamini Vaidya,34,Other,Operations,Supply Chain Analyst,Diploma,169923,8,Hyderabad,3,No,1,4,2,4,77,9,7,9,6,5,3,No,Not Provided,15-11-2024,sahil64@hotmail.com,9442838278,10
EMP03848,Ayesha Chakraborty,27,Male,Sales,Business Development Associate,MBA,74724,6,Kolkata,14,No,5,1,3,4,44,9,4,10,14,5,1,No,Not Provided,15-09-2019,krishmanda@kala.com,4475084342,12
EMP03849,Hrishita Chakraborty,45,Other,Operations,Operations Executive,Bachelors,43681,17,Bangalore,39,Yes,1,2,1,2,36,0,23,14,18,2,3,Yes,"Poor Work Life Balance, Overtime, Low Job Satisfaction",02-08-2020,umangmalhotra@hotmail.com,2394607235,15
EMP03850,Nehmat Sagar,44,Other,Sales,Business Development Associate,Masters,131990,24,Mumbai,2,No,2,5,3,3,11,0,12,4,25,4,1,No,Not Provided,04-02-2017,taran85@gmail.com,258212245,6
EMP03851,Sumer Bhandari,60,Male,Operations,Supply Chain Analyst,Masters,100196.4006,31,Noida,16,No,1,4,2,2,19,5,0,8,22,5,1,Yes,"Poor Work Life Balance, Manager Issues, High Stress",04-07-2022,thakkarneelofar@gmail.com,8122547601,14
EMP03852,Diya Biswas,40,Other,HR,HR Executive,Diploma,47619,14,Delhi,8,Yes,5,3,4,3,73,6,18,14,4,2,5,No,Not Provided,27-12-2017,anaya13@yahoo.com,3375480269,6
EMP03853,Shayak Kuruvilla,42,Male,Sales,Sales Executive,Diploma,52432,17,Delhi,26,No,2,1,2,1,57,9,11,10,1,5,3,Yes,"Poor Work Life Balance, Low Job Satisfaction, Manager Issues",11-02-2024,dhanushkrish@yahoo.com,1679723947,18
EMP03854,Saanvi Barad,46,Female,Customer Support,Customer Success Manager,Bachelors,74520,16,Noida,4,Yes,5,4,5,1,35,6,16,15,10,5,5,No,Not Provided,22-03-2022,alia14@gmail.com,6329341335,11
EMP03855,Zain Sankar,32,Female,IT,System Admin,Diploma,64456,9,Chennai,26,No,4,2,3,1,37,8,5,13,12,2,4,No,Not Provided,08-08-2024,iborra@aurora.net,5019536244,12
EMP03856,Eva Karpe,24,Male,Operations,Operations Executive,MBA,59704,4,Mumbai,29,Yes,1,5,1,4,22,6,10,1,2,2,2,No,Not Provided,02-02-2021,jivika20@gmail.com,140730746,10
EMP03857,Not Available,34,Female,Customer Support,Support Executive,MBA,89391,6,Bangalore,3,Yes,5,2,3,2,47,4,15,6,12,1,1,No,Not Provided,08-04-2020,vmammen@ramanathan.org,9938098431,7
EMP03858,Miraan Date,45,Female,HR,HR Executive,Bachelors,122393,21,Bangalore,3,Yes,2,1,3,4,13,2,6,6,8,5,5,No,Not Provided,06-09-2023,inaaya-38@gmail.com,2409695431,11
EMP03859,Kimaya Mandal,53,Male,Marketing,Content Strategist,Masters,154962,30,Hyderabad,31,Yes,5,4,5,1,18,7,19,4,20,1,2,No,Not Provided,14-05-2025,hridaan76@yahoo.com,2085933512,7
EMP03860,Kismat Krishna,21,Male,Marketing,Marketing Manager,MBA,81518,0,Hyderabad,29,No,3,3,2,1,54,0,13,8,16,5,2,No,Not Provided,15-01-2025,salvimadhup@hayer.net,4925139420,8
EMP03861,Saira Mallick,58,Other,Sales,Business Development Associate,MBA,82626,36,Bangalore,37,Yes,2,3,5,3,65,5,23,7,1,4,3,No,Not Provided,04-12-2017,ushan@chowdhury.com,9976160503,11
EMP03862,Stuvan Subramaniam,27,Other,Marketing,Marketing Manager,Diploma,88077,5,Hyderabad,29,No,5,5,5,5,47,8,2,8,24,1,5,No,Not Provided,26-02-2021,kaurora@johal.com,9807441642,5
EMP03863,Kanav Venkatesh,58,Other,Marketing,SEO Specialist,Diploma,92930,29,Delhi,39,Yes,2,1,1,3,28,8,1,5,4,4,3,Yes,"Poor Work Life Balance, Overtime, Low Job Satisfaction",31-07-2022,nkapadia@hotmail.com,2682454359,18
EMP03864,Bhavin Goda,54,Female,Sales,Sales Manager,Bachelors,173699,29,Kolkata,1,No,5,3,2,4,15,3,4,11,8,1,2,No,Not Provided,18-07-2025,mannat32@goyal-kari.com,1366328766,6
EMP03865,Urvi Kari,21,Male,IT,Software Engineer,Bachelors,142773,1,Kolkata,13,Yes,2,2,1,5,49,7,15,10,17,5,4,Yes,"Poor Work Life Balance, Overtime, Low Job Satisfaction",03-03-2023,xkuruvilla@yahoo.com,6519542412,17
EMP03866,Nitya Kamdar,26,Other,Marketing,Marketing Manager,Diploma,39179,5,Bangalore,28,Yes,2,5,5,2,80,1,14,15,9,2,2,No,Not Provided,27-11-2023,lallbhamini@das.org,6509241461,10
EMP03867,Kashvi Lala,47,Female,Finance,Financial Analyst,Diploma,50079,22,Pune,39,Yes,2,3,1,2,1,8,4,10,5,1,1,Yes,"Poor Work Life Balance, Overtime, Manager Issues",16-09-2021,zcontractor@yahoo.com,2457769295,16
EMP03868,Miraya Sodhi,53,Female,Marketing,Content Strategist,Masters,112813,30,Pune,7,No,1,4,5,5,1,7,15,5,15,3,2,No,Not Provided,23-09-2025,nirvaan86@kannan-zacharia.com,3078725374,5
EMP03869,Arnav Mann,31,Other,Sales,Sales Manager,MBA,126497,1,Delhi,29,No,4,4,1,5,64,7,5,12,13,5,3,No,Not Provided,13-05-2024,amanivora@gmail.com,4460518176,12
EMP03870,Akarsh Ramachandran,55,Male,IT,BI Developer,Diploma,101834,25,Noida,4,No,3,3,4,1,72,4,12,12,7,2,2,No,Not Provided,01-12-2024,nkulkarni@sahota.info,3188252877,4
EMP03871,Arhaan Jani,51,Male,Operations,Operations Executive,Diploma,170549,31,Noida,26,Yes,1,2,2,1,38,4,23,10,4,2,5,Yes,"Poor Work Life Balance, Overtime, Low Job Satisfaction",07-06-2021,vritikabajaj@chawla-ramanathan.com,7441306902,15
EMP03872,Vaibhav Kakar,54,Male,Operations,Supply Chain Analyst,MBA,81071,30,Kolkata,23,Yes,5,3,3,4,25,9,20,13,20,2,2,No,Not Provided,26-02-2020,wravel@sarkar.info,1459660219,6
EMP03873,Armaan Singh,31,Female,Sales,Sales Executive,Bachelors,116911,11,Noida,34,No,4,2,1,4,51,0,21,6,23,4,3,No,Not Provided,26-12-2018,settybaiju@hotmail.com,3390452459,9
EMP03874,Zoya Dada,42,Female,Finance,Financial Analyst,MBA,115130,14,Noida,36,Yes,5,5,2,2,50,1,13,5,4,4,5,No,Not Provided,27-08-2021,ekeer@hotmail.com,3638715015,10
EMP03875,Piya Kulkarni,45,Female,Operations,Supply Chain Analyst,MBA,92000,21,Hyderabad,14,No,3,5,5,5,46,9,6,14,8,4,1,No,Not Provided,14-01-2024,ahujashanaya@vig.com,985488870,7
EMP03876,Nitara Wali,24,Female,Sales,Sales Manager,Bachelors,102658,0,Noida,6,Yes,2,4,4,2,57,9,6,9,6,4,4,No,Not Provided,28-09-2018,myra18@hotmail.com,3702898297,12
EMP03877,Taran Samra,44,Male,Operations,Operations Executive,Bachelors,122482,14,Hyderabad,8,Yes,1,3,2,1,39,5,0,10,16,4,3,Yes,"Poor Work Life Balance, Overtime, Manager Issues",16-04-2022,arnavedwin@ramanathan.com,2028006889,18
EMP03878,Kanav Iyer,49,Male,Sales,Sales Manager,Masters,172657,23,Noida,28,No,2,4,1,1,29,7,18,14,9,4,3,Yes,"Poor Work Life Balance, Manager Issues, High Stress",14-06-2022,hrishita92@yahoo.com,9183672397,15
EMP03879,Nakul Som,54,Female,IT,Data Analyst,MBA,127522,34,Kolkata,26,No,5,1,5,5,13,2,15,3,15,3,2,No,Not Provided,15-07-2023,sarrafsamaira@hotmail.com,4868998423,4
EMP03880,Jayesh Karnik,28,Female,Marketing,SEO Specialist,Bachelors,91635,1,Mumbai,2,No,1,5,2,3,57,9,13,10,16,2,3,No,Not Provided,06-03-2023,shettyzain@singh.com,9488628685,9
EMP03881,Pihu Madan,38,Female,IT,Software Engineer,Bachelors,112290,17,Delhi,19,Yes,3,1,2,4,26,4,25,10,11,1,1,No,Not Provided,25-05-2023,kiaan04@hotmail.com,932446752,9
EMP03882,Lakshit Sarin,43,Male,Customer Support,Support Executive,Bachelors,146698,23,Delhi,14,Yes,2,4,2,4,20,6,11,5,5,2,2,No,Not Provided,14-02-2017,dhanuk71@venkatesh.net,8886762481,9
EMP03883,Seher Hans,47,Female,Sales,Business Development Associate,Diploma,159158,18,Mumbai,26,Yes,4,5,2,5,23,9,4,5,4,2,5,No,Not Provided,31-03-2022,nanand@gmail.com,1377455257,9
EMP03884,Akarsh Krishnamurthy,37,Male,IT,System Admin,Masters,110186,15,Kolkata,15,Yes,1,3.039382866,5,5,49,3,2,9,5,5,4,No,Not Provided,01-04-2019,kiaan29@sethi.org,7282137170,10
EMP03885,Damini Gera,57,Female,HR,Recruiter,Diploma,99809,33,Mumbai,14,Yes,3,1,4,4,9,5,17,3,7,2,5,No,Not Provided,28-04-2022,daradevansh@yahoo.com,2934992955,7
EMP03886,Farhan Sharaf,26,Male,Operations,Operations Executive,MBA,111160,5,Bangalore,35,Yes,2,4,2,2,45,8,23,10,25,2,2,Yes,"Poor Work Life Balance, Overtime, Manager Issues",10-06-2019,bhamini43@gill.com,2708917914,14
EMP03887,Vaibhav Kala,59,Other,Operations,Operations Executive,Masters,175764,38,Kolkata,1,No,2,1,1,2,71,7,4,6,11,1,1,Yes,"Poor Work Life Balance, Low Job Satisfaction, Manager Issues",11-03-2017,rhea08@hotmail.com,553187007,14
EMP03888,Vaibhav Sundaram,58,Male,Finance,Financial Analyst,MBA,95486,31,Bangalore,6,Yes,5,1,3,5,17,9,11,7,24,2,2,No,Not Provided,07-02-2022,tellaeshani@hotmail.com,2043023724,7
EMP03889,Saanvi D’Alia,75,Other,Finance,Finance Manager,MBA,123558,0,Mumbai,24,Yes,5,1,1,3,1,4,19,5,15,5,4,No,Not Provided,23-03-2023,dishaniahluwalia@sandhu.com,5574381152,10
EMP03890,Samaira Batra,43,Other,Finance,Recruiter,MBA,92072,19,Noida,34,Yes,5,3,1,5,36,6,22,11,20,2,5,No,Not Provided,19-06-2021,hirankohli@bhakta-konda.com,6652818209,9
EMP03891,Nirvaan Chaudhary,35,Male,Sales,Business Development Associate,Bachelors,108031,7,Kolkata,24,Yes,3,4,5,5,24,1,20,12,24,4,3,No,Not Provided,20-11-2022,dugarfaiyaz@deo-bera.biz,3685337375,7
EMP03892,Raghav Vaidya,53,Male,Marketing,Content Strategist,Diploma,84208,32,Mumbai,35,Yes,1,4,3,5,15,1,25,6,18,1,1,No,Not Provided,06-02-2017,lavanyataneja@yahoo.com,9228631094,6
EMP03893,Indranil Bansal,29,Male,Not assigned,BI Developer,Masters,56825,5,Kolkata,32,Yes,2,3,4,2,63,4,6,7,23,2,2,No,Not Provided,12-11-2025,emir13@anne.com,5450330903,8
EMP03894,Kiara Chahal,51,Female,Sales,Sales Executive,Bachelors,107429,27,Bangalore,33,No,3,3,2,5,17,10,18,1,13,3,4,No,Not Provided,02-01-2022,prerakborde@gaba.org,2664673231,5
EMP03895,Chirag Ratta,32,Other,Marketing,Content Strategist,Diploma,67612,9,Delhi,7,No,1,3,3,2,2,3,25,10,16,2,4,No,Not Provided,05-08-2017,dhillonanika@hotmail.com,3955052656,7
EMP03896,Samar Atwal,44,Male,HR,HR Manager,Bachelors,131920,24,Noida,29,Yes,1,3,2,4,55,8,24,3,7,1,5,No,Not Provided,01-09-2024,jthaman@bali.info,8112316709,10
EMP03897,Anay Dyal,41,Other,IT,Data Analyst,MBA,33883,11,Delhi,22,Yes,2,1,1,4,80,0,20,5,23,5,2,Yes,"Poor Work Life Balance, Overtime, Low Job Satisfaction",22-10-2021,ivana64@yahoo.com,3560095226,13
EMP03898,Diya Ram,29,Female,Operations,Operations Executive,Diploma,173205,4,Delhi,8,Yes,2,1,5,5,32,4,24,8,3,1,3,No,Not Provided,04-07-2018,damini55@gmail.com,4050850882,8
EMP03899,Not Available,30,Female,Operations,Supply Chain Analyst,Masters,29568,3,Chennai,11,No,3,4,3,4,36,6,9,8,15,4,3,No,Not Provided,14-11-2022,dcontractor@gmail.com,3258555222,5
EMP03900,Ishita Bobal,55,Female,Finance,Finance Manager,Masters,103652,34,Hyderabad,33,Yes,3,4,3,2,20,3,0,7,2,2,4,No,Not Provided,04-10-2018,rania66@gmail.com,6912097605,7
EMP03901,Arnav Tandon,35,Male,Operations,Operations Executive,MBA,72129,15,Pune,22,Yes,4,3,3,2,77,8,0,5,17,2,5,No,Not Provided,10-02-2026,vrattan@yahoo.com,8622880916,8
EMP03902,Kaira Bhardwaj,54,Other,Customer Support,Support Executive,Bachelors,155686,30,Hyderabad,19,No,2,4,5,2,25,5,1,2,14,2,3,No,Not Provided,17-12-2020,gopalbiju@grewal.com,4498018257,9
EMP03903,Badal Din,56,Other,Sales,Sales Executive,MBA,106852,34,Kolkata,22,Yes,1,5,2,3,56,5,25,12,11,1,3,No,Not Provided,02-04-2019,dmani@goel.com,3691161312,11
EMP03904,Eva Ganesh,53,Female,HR,Recruiter,Bachelors,115325,27,Hyderabad,16,No,3,4,5,4,17,10,22,4,18,2,3,No,Not Provided,17-03-2023,ganesanchirag@gmail.com,2472745023,2
EMP03905,Sana Varghese,35,Female,Customer Support,Customer Success Manager,Bachelors,92109,5,Bangalore,5,No,4,5,3,3,26,8,14,4,11,1,5,No,Not Provided,13-12-2022,ksavant@gmail.com,9445088607,2
EMP03906,Vivaan Swaminathan,47,Male,Sales,Business Development Associate,Masters,163111,23,Mumbai,35,Yes,2,5,4,3,41,7,13,10,23,2,3,No,Not Provided,06-11-2018,samarthkari@bhandari.biz,2125328722,10
EMP03907,Saksham Kota,55,Other,Marketing,SEO Specialist,Bachelors,129135,28,Hyderabad,28,No,4,2,1,1,6,6,4,5,10,4,4,Yes,"Low Job Satisfaction, Manager Issues, High Stress",17-03-2021,rasha73@gmail.com,3420361482,15
EMP03908,Jayesh Ranganathan,51,Other,Sales,Sales Executive,Masters,161595,22,Mumbai,12,No,4,2,5,5,51,1,1,10,23,3,2,No,Not Provided,04-10-2020,taimuracharya@gmail.com,9921232700,7
EMP03909,Advika Saraf,48,Other,Sales,Sales Executive,Bachelors,119329,28,Noida,1,Yes,2,3,1,2,63,4,15,5,12,4,1,No,Not Provided,17-04-2019,rania85@saraf.com,840287776,12
EMP03910,Rania Shroff,38,Other,Customer Support,Support Executive,Diploma,122335,9,Delhi,36,Yes,1,5,1,3,63,8,23,10,0,1,2,No,Not Provided,12-06-2024,pihuborra@dugal-sarkar.com,7615664313,12
EMP03911,Nirvi Sharma,22,Male,HR,HR Manager,MBA,157078,1,Hyderabad,28,No,3,1,2,5,31,6,6,3,1,5,3,No,Not Provided,04-09-2019,tviswanathan@hotmail.com,2755696611,11
EMP03912,Samarth Reddy,23,Other,Finance,Accountant,MBA,177645,0,Chennai,27,No,2,1,2,2,35,0,13,13,8,5,2,Yes,"Poor Work Life Balance, Low Job Satisfaction, Manager Issues",16-12-2016,sahil88@yahoo.com,9290871691,16
EMP03913,Raghav Hans,51,Other,Operations,Operations Executive,Diploma,105480,27,Kolkata,21,Yes,4,2,2,3,65,4,12,3,14,4,2,No,Not Provided,02-05-2019,lborra@hotmail.com,878279322,10
EMP03914,Vardaniya Sehgal,56,Male,Operations,Supply Chain Analyst,Bachelors,103569,30,Bangalore,37,No,5,5,1,2,24,3,24,9,1,2,4,No,Not Provided,14-02-2018,cdave@chopra-kara.org,9034977932,5
EMP03915,Shanaya Varughese,43,Female,Customer Support,Customer Success Manager,Masters,152360,14,Pune,21,Yes,4,1,1,3,36,10,4,5,7,3,4,No,Not Provided,29-09-2019,riaanrajagopal@hotmail.com,8657498022,11
EMP03916,Zaina Badal,28,Male,Operations,Operations Executive,Masters,76261,0,Hyderabad,38,No,4,1,5,1,7,5,4,15,20,3,5,No,Not Provided,21-04-2025,samiha84@hotmail.com,4827643959,12
EMP03917,Uthkarsh Issac,56,Male,HR,HR Executive,Masters,93917,36,Chennai,23,No,1,1,2,4,67,3,21,11,14,1,5,No,Not Provided,15-04-2024,aniruddh99@hotmail.com,2374304538,10
EMP03918,Hrishita Chanda,23,Female,IT,Software Engineer,Masters,133851,0,Noida,8,No,3,3,3,4,24,1,1,9,20,1,4,No,Not Provided,11-11-2020,fchhabra@hotmail.com,2366324478,2
EMP03919,Chirag Sastry,59,Other,Customer Support,Support Executive,Bachelors,116253,32,Bangalore,28,No,2,1,5,3,26,10,9,10,3,2,3,No,Not Provided,17-04-2020,ramachandranrenee@yahoo.com,2595741503,11
EMP03920,Kavya Dhawan,32,Female,Customer Support,Customer Success Manager,Bachelors,167312,4,Pune,21,Yes,5,1,1,1,59,7,5,2,11,1,3,Yes,"Overtime, Low Job Satisfaction, Manager Issues",19-10-2024,nehmat84@sami.org,7370981785,13
EMP03921,Riaan Suresh,41,Male,Finance,Accountant,MBA,101282,17,Bangalore,8,No,2,5,5,5,73,2,1,2,17,3,5,No,Not Provided,29-10-2021,zchopra@chhabra.com,2223385032,5
EMP03922,Vivaan Tara,35,Other,HR,HR Executive,Diploma,149890,11,Pune,24,No,5,5,2,2,24,0,15,8,12,4,5,No,Not Provided,04-08-2022,mamooty41@sengupta.com,360007166,7
EMP03923,Dhanuk Dara,47,Female,HR,HR Executive,Diploma,75660,26,Pune,10,Yes,5,5,2,5,16,10,13,1,20,2,1,No,Not Provided,09-11-2016,rajagopalkismat@gala-kapoor.com,3746850020,6
EMP03924,Nirvaan Bhakta,33,Female,HR,HR Manager,Diploma,179153,8,Delhi,11,No,3,4,3,3,74,4,10,1,20,2,4,No,Not Provided,11-01-2019,indrajitsidhu@choudhury-bhatia.com,6644040835,0
EMP03925,Aarav Baral,43,Female,Finance,Finance Manager,MBA,83191,22,Bangalore,26,Yes,4,3,2,2,50,5,7,9,19,3,2,No,Not Provided,16-03-2026,mishti13@yahoo.com,6829169416,9
EMP03926,Suhana Zachariah,57,Other,Customer Support,Customer Success Manager,Diploma,166112,36,Pune,10,Yes,1,3,2,1,32,8,24,1,9,2,1,No,Not Provided,10-12-2018,vaibhav09@gmail.com,8000700096,11
EMP03927,Onkar Srinivasan,55,Female,IT,Software Engineer,Diploma,142062,34,Chennai,25,Yes,3,5,5,4,50,3,6,2,0,5,5,No,Not Provided,07-07-2021,shayak94@dash.net,1149902328,6
EMP03928,Urvi Master,25,Male,HR,HR Manager,MBA,76341,4,Noida,11,Yes,2,3,4,3,20,2,3,5,0,5,5,No,Not Provided,08-11-2025,ldass@yahoo.com,9636786286,10
EMP03929,Tara Dalal,41,Female,IT,Data Analyst,Masters,59767,17,Hyderabad,22,No,3,1,1,3,1,3,19,2,17,4,3,No,Not Provided,19-08-2023,abail@gmail.com,7233479074,8
EMP03930,Sahil Ravi,41,Female,Marketing,SEO Specialist,Masters,27395,16,Pune,15,Yes,1,5,1,5,53,5,21,9,18,1,2,No,Not Provided,21-01-2023,emir00@kumer.com,7741456590,9
EMP03931,Vedika Cherian,57,Other,Customer Support,Support Executive,Bachelors,63916,30,Chennai,22,No,2,2,5,1,9,2,0,6,0,5,1,Yes,"Poor Work Life Balance, Low Job Satisfaction, Manager Issues",05-06-2024,Not Generated,6155463068,13
EMP03932,Neelofar Bava,31,Male,IT,Software Engineer,MBA,128045,2,Mumbai,3,No,5,4,5,5,27,10,1,5,7,2,1,No,Not Provided,26-02-2024,vaibhavzacharia@malhotra.net,5774215531,4
EMP03933,Chirag Swaminathan,53,Other,Finance,Accountant,Diploma,68504,31,Chennai,22,Yes,2,1,5,4,69,2,20,13,7,3,2,No,Not Provided,26-02-2024,vritikavala@yahoo.com,2985765993,10
EMP03934,Arnav Lalla,49,Male,Finance,Finance Manager,MBA,151221,25,Bangalore,30,No,1,2,1,5,4,1,9,1,23,3,4,No,Not Provided,30-04-2022,anahidesai@jani.com,5091019497,9
EMP03935,Aaryahi De,47,Male,HR,HR Executive,Masters,110036,21,Kolkata,28,No,3,5,1,4,78,8,25,12,5,1,4,No,Not Provided,03-08-2018,neelofar68@mand-balakrishnan.com,4792398892,7
EMP03936,Priyansh Tiwari,52,Male,Customer Support,Customer Success Manager,Bachelors,151574,22,Pune,17,Yes,2,1,4,1,69,0,10,2,0,5,5,Yes,"Poor Work Life Balance, Overtime, Low Job Satisfaction",25-09-2018,ranbir68@gmail.com,8987516097,13
EMP03937,Kabir Swaminathan,53,Male,Finance,Accountant,Masters,104746,29,Kolkata,35,Yes,5,2,4,3,73,10,22,15,16,5,3,Yes,"Overtime, Low Job Satisfaction, High Stress",19-04-2019,ishaansura@sani.com,1687362701,13
EMP03938,Kavya Gola,22,Other,Sales,Business Development Associate,Masters,56869,0,Delhi,40,No,2,3,1,2,27,10,14,14,2,5,5,Yes,"Poor Work Life Balance, Manager Issues, High Stress",11-02-2025,Not Generated,1054808432,15
EMP03939,Raghav Golla,48,Other,Customer Support,Support Executive,Masters,102821,23,Chennai,9,No,3,2,1,2,5,1,21,9,9,5,3,No,Not Provided,14-02-2024,thakurhazel@gmail.com,8629409460,10
EMP03940,Ahana  Hayre,46,Male,HR,HR Executive,Bachelors,55483,22,Noida,27,No,1,1,1,4,74,0,13,5,22,3,3,No,Not Provided,15-06-2018,jivika55@hotmail.com,8483301235,9
EMP03941,Kashvi Aggarwal,24,Female,HR,Recruiter,Bachelors,30002,0,Delhi,7,No,3,1,3,2,41,9,14,6,23,5,2,No,Not Provided,16-08-2016,zkashyap@gmail.com,4679288283,10
EMP03942,Nirvi Sharma,52,Female,HR,HR Executive,Bachelors,25844,28,Noida,11,Yes,3,2,1,2,77,5,5,11,24,3,2,Yes,"Overtime, Low Job Satisfaction, Manager Issues",25-11-2021,myradhawan@virk.com,3814127028,15
EMP03943,Armaan Chadha,46,Male,Finance,Finance Manager,Bachelors,131590,19,Mumbai,31,No,5,1,4,3,40,7,16,7,24,2,4,No,Not Provided,13-09-2023,aaryahi44@bhattacharyya-shroff.com,6718221026,6
EMP03944,Vivaan Rout,56,Male,Sales,Business Development Associate,Bachelors,50386,32,Bangalore,31,No,4,3,3,2,49,9,1,10,20,3,3,No,Not Provided,23-11-2022,cchandra@loke-ahuja.org,1226780255,9
EMP03945,Ivan Shenoy,47,Male,IT,BI Developer,MBA,163127,19,Mumbai,16,No,5,1,3,2,53,2,20,11,17,4,4,No,Not Provided,08-05-2018,gyohannan@hotmail.com,1505467558,10
EMP03946,Armaan Vaidya,33,Male,Not assigned,SEO Specialist,Bachelors,35640,3,Hyderabad,6,No,4,4,5,5,24,5,10,4,4,4,1,No,Not Provided,26-02-2020,jayesh47@yahoo.com,944500136,5
EMP03947,Adah Jhaveri,38,Other,Finance,Finance Manager,Bachelors,33617,14,Hyderabad,33,No,2,2,1,5,10,6,19,2,24,5,4,Yes,"Poor Work Life Balance, Low Job Satisfaction, High Stress",14-11-2016,ljha@wadhwa-dugal.com,6585098985,14
EMP03948,Lakshay Yohannan,59,Male,Operations,Supply Chain Analyst,Diploma,60476,34,Kolkata,28,No,1,5,5,3,8,1,6,1,15,4,5,No,Not Provided,02-08-2024,sana58@hotmail.com,2592628465,7
EMP03949,Not Available,50,Other,Finance,Financial Analyst,Diploma,110638,21,Mumbai,29,Yes,4,1,3,5,68,9,7,10,4,3,4,No,Not Provided,08-12-2019,rohan98@gaba.com,1374121287,10
EMP03950,Yashvi Vohra,52,Female,Finance,Financial Analyst,Diploma,68158,32,Mumbai,31,No,2,5,2,1,74,10,6,14,22,2,3,No,Not Provided,16-02-2017,sawhneygatik@hotmail.com,7810722066,12
EMP03951,Ishita Bahl,39,Male,IT,BI Developer,Bachelors,163229,15,Kolkata,27,Yes,5,1,4,2,34,7,12,8,3,1,4,No,Not Provided,21-12-2021,agarwalsaanvi@batta.org,4976555021,10
EMP03952,Not Available,58,Other,Sales,Business Development Associate,Bachelors,165641,33,Chennai,34,No,1,1,5,5,16,2,5,12,13,1,2,No,Not Provided,04-03-2020,irao@yahoo.com,290195230,11
EMP03953,Sahil Bhatnagar,32,Male,Finance,Accountant,MBA,163379,5,Pune,18,Yes,2,3,5,3,34,1,19,11,4,2,4,No,Not Provided,17-09-2018,mishawable@amble-srivastava.com,2170925830,7
EMP03954,Zaina Dutt,40,Female,Not assigned,Accountant,MBA,77035,11,Pune,38,Yes,5,4,5,2,38,9,18,12,12,1,3,No,Not Provided,04-05-2018,fatehshankar@hotmail.com,201759249,9
EMP03955,Indranil Kapadia,31,Female,Sales,Sales Executive,Bachelors,125434,6,Hyderabad,29,Yes,1,2,5,2,69,2,0,7,12,1,5,No,Not Provided,01-09-2021,bhardwajanahi@bhardwaj.net,7340514733,13
EMP03956,Zeeshan Sura,33,Female,Operations,Supply Chain Analyst,MBA,82801,10,Bangalore,32,No,2,5,2,2,50,1,23,10,12,5,2,Yes,"Poor Work Life Balance, Manager Issues, High Stress",18-04-2020,sridharmyra@yahoo.com,1010186546,13
EMP03957,Faiyaz Dhingra,24,Male,Customer Support,Customer Success Manager,MBA,104756,0,Kolkata,38,No,2,1,3,2,23,8,14,12,10,1,2,Yes,"Poor Work Life Balance, Low Job Satisfaction, Manager Issues",21-06-2024,idas@gmail.com,9258243739,13
EMP03958,Jayesh Sanghvi,38,Other,IT,Data Analyst,MBA,169104,16,Pune,13,Yes,1,2,5,2,71,7,15,9,6,4,1,Yes,"Poor Work Life Balance, Overtime, Low Job Satisfaction",24-01-2020,lakshitkurian@yahoo.com,3113567193,15
EMP03959,Hiran Bhatti,48,Female,IT,BI Developer,Diploma,170703,21,Bangalore,39,Yes,3,3,1,5,30,2,11,2,13,1,4,No,Not Provided,28-05-2024,fsur@balay-raman.info,1695582097,5
EMP03960,Saksham Varkey,45,Female,Operations,Supply Chain Analyst,MBA,166169,15,Chennai,30,Yes,3,3,1,1,42,5,14,7,1,1,3,No,Not Provided,29-03-2022,odani@wason-varma.biz,9858505540,9
EMP03961,Manjari Zachariah,47,Female,Customer Support,Support Executive,Diploma,104560,27,Hyderabad,35,No,3,4,3,2,35,7,0,1,7,5,1,No,Not Provided,21-08-2025,vritika36@loke.com,7345185609,10
EMP03962,Zain Upadhyay,42,Female,IT,Data Analyst,MBA,90827,20,Pune,35,Yes,2,4,5,5,46,0,1,7,6,4,2,No,Not Provided,19-07-2018,upadhyayhunar@gmail.com,8157296596,11
EMP03963,Chirag Bakshi,28,Female,HR,Recruiter,MBA,119385,2,Chennai,17,Yes,2,5,5,2,10,5,12,2,2,4,4,No,Not Provided,17-07-2024,kborde@hotmail.com,565416640,12
EMP03964,Ojas Vaidya,23,Male,Operations,Operations Executive,Masters,124272,1,Delhi,9,Yes,1,1,1,1,32,0,12,9,7,3,5,No,Not Provided,23-06-2017,tbaral@goyal.info,5151479296,12
EMP03965,Aaina Chawla,41,Female,Finance,Finance Manager,Masters,139658,12,Mumbai,20,Yes,3,4,5,4,4,2,21,13,1,1,1,No,Not Provided,14-01-2024,jayeshtripathi@chaudhary.com,4955484185,4
EMP03966,Ryan Thakkar,29,Female,Operations,Supply Chain Analyst,Masters,125012,8,Mumbai,19,No,2,3,5,4,1,1,6,11,0,1,3,No,Not Provided,25-08-2017,iradeshpande@gmail.com,3393087979,5
EMP03967,Shanaya Dube,52,Other,IT,BI Developer,Diploma,145595,24,Bangalore,18,No,5,3,4,3,74,1,19,4,11,4,1,No,Not Provided,19-01-2021,kundanakul@hotmail.com,4521757000,3
EMP03968,Kaira Sant,24,Male,IT,Data Analyst,Diploma,170567,2,Chennai,37,Yes,2,4,5,1,34,8,15,6,22,2,5,No,Not Provided,23-04-2021,ivan56@gmail.com,5140109174,10
EMP03969,Samar Kara,24,Male,IT,System Admin,Masters,96714,0,Bangalore,29,No,5,5,2,3,69,2,12,9,21,4,2,No,Not Provided,18-07-2017,mohanlalwarrior@butala.com,4723946380,6
EMP03970,Farhan Sarkar,47,Female,Operations,Supply Chain Analyst,MBA,28261,23,Noida,27,No,1,3,2,5,50,8,11,8,6,5,1,No,Not Provided,28-09-2025,ndate@loke-sami.info,9448018645,11
EMP03971,Mehul Srinivasan,35,Other,Customer Support,Support Executive,Bachelors,179407,14,Kolkata,9,No,4,4,4,2,28,4,10,5,11,1,2,No,Not Provided,31-05-2018,dishani38@yahoo.com,9319124700,2
EMP03972,Advik Bandi,58,Male,Customer Support,Support Executive,Diploma,66337,34,Hyderabad,37,No,2,1,2,3,27,2,24,10,22,5,4,Yes,"Poor Work Life Balance, Low Job Satisfaction, High Stress",27-05-2022,inaaya-70@lata.com,3274695249,14
EMP03973,Shray Rajan,23,Other,Customer Support,Support Executive,Diploma,87231,1,Noida,5,Yes,1,5,1,5,0,4,11,8,7,1,2,No,Not Provided,23-10-2017,devansh35@yahoo.com,315312948,7
EMP03974,Saira Srinivasan,49,Male,Customer Support,Customer Success Manager,Masters,170169,27,Delhi,31,Yes,2,1,3,1,64,9,2,13,11,3,3,Yes,"Poor Work Life Balance, Overtime, Low Job Satisfaction",25-08-2018,ojas85@gmail.com,17217585,17
EMP03975,Chirag Shanker,32,Male,Customer Support,Support Executive,MBA,25204,12,Mumbai,4,Yes,4,4,3,1,31,10,7,1,3,2,4,No,Not Provided,07-05-2022,indranil27@hotmail.com,1236123595,6
EMP03976,Kashvi Sarraf,45,Male,Operations,Operations Executive,Bachelors,65417,17,Kolkata,24,No,4,3,3,1,52,10,15,11,13,4,2,No,Not Provided,16-03-2024,mandaldivij@yahoo.com,6545023870,9
EMP03977,Rati Bakshi,35,Male,Sales,Business Development Associate,Diploma,75273,5,Delhi,30,No,3,3,1,4,2,10,9,6,25,2,1,No,Not Provided,16-05-2021,golashamik@yahoo.com,9120545182,5
EMP03978,Nitara Bail,45,Male,Sales,Sales Manager,Bachelors,168276,24,Pune,36,No,2,1,3,3,5,8,8,8,6,3,4,No,Not Provided,20-10-2020,gollahazel@yahoo.com,8796990151,9
EMP03979,Samarth Sachar,28,Other,Finance,Finance Manager,MBA,73066,7,Delhi,16,No,5,1,5,2,41,2,5,11,2,1,3,No,Not Provided,23-12-2017,saraghose@hotmail.com,1077828796,9
EMP03980,Nirvi Venkatesh,35,Female,Marketing,SEO Specialist,Masters,84677,13,Chennai,7,No,4,2,1,3,34,9,20,6,24,5,2,No,Not Provided,25-09-2019,priyansh27@yahoo.com,6724672412,10
EMP03981,Prisha Batra,37,Female,Operations,Supply Chain Analyst,Masters,117515,12,Noida,15,Yes,5,4,2,3,53,4,17,7,18,3,5,No,Not Provided,05-02-2019,dasszaina@yahoo.com,9451305246,4
EMP03982,Romil Sarkar,22,Other,Customer Support,Customer Success Manager,Masters,102602,0,Hyderabad,9,Yes,5,3,5,3,67,8,7,15,3,5,4,No,Not Provided,26-12-2025,ranganathanrenee@wason.biz,866945904,9
EMP03983,Nirvi Anand,57,Male,Customer Support,Customer Success Manager,Bachelors,127881,30,Pune,21,No,1,3,2,3,23,1,6,3,5,5,1,No,Not Provided,01-10-2025,tushar62@yahoo.com,5336250661,8
EMP03984,Kabir Ganguly,22,Male,IT,System Admin,Bachelors,27728,0,Delhi,29,Yes,5,3,4,2,1,8,21,11,17,4,5,No,Not Provided,17-05-2018,choudhryyasmin@dhaliwal.com,4011653099,12
EMP03985,Rati Bora,42,Male,IT,Data Analyst,Diploma,81735,15,Bangalore,16,No,3,5,5,2,6,1,3,12,0,1,3,No,Not Provided,19-08-2022,nehmat86@seshadri.info,4897096175,6
EMP03986,Dhruv Mangal,39,Other,Finance,Financial Analyst,Bachelors,167139,10,Delhi,24,No,5,1,2,3,29,9,16,15,14,1,1,No,Not Provided,07-11-2022,samairasrinivasan@hotmail.com,5582644866,9
EMP03987,Manjari Anne,47,Male,Sales,Sales Manager,MBA,173709,21,Pune,24,No,2,5,3,2,29,1,8,13,22,5,5,No,Not Provided,20-02-2018,khushichahal@bandi-rege.info,2469548630,10
EMP03988,Akarsh Gupta,21,Male,HR,HR Executive,Masters,108407,0,Kolkata,22,No,4,1,2,3,60,1,1,8,23,2,5,No,Not Provided,11-06-2019,psundaram@hotmail.com,245339957,7
EMP03989,Azad Loyal,60,Female,Customer Support,Customer Success Manager,MBA,99547,36,Kolkata,17,No,4,5,2,2,59,0,21,10,19,2,2,No,Not Provided,01-03-2025,kairaramachandran@borra-wali.biz,2863059624,6
EMP03990,Rasha Devi,41,Male,Sales,Sales Executive,Bachelors,108138,14,Mumbai,28,Yes,4,1,4,2,76,8,13,2,0,1,1,No,Not Provided,22-08-2016,sodhinitya@gmail.com,2430549693,10
EMP03991,Samiha Varghese,28,Female,Customer Support,Support Executive,MBA,137403,3,Bangalore,4,Yes,1,1,4,4,77,9,19,10,12,1,1,No,Not Provided,07-07-2021,inaaya-41@sekhon.biz,5203014895,12
EMP03992,Lakshit Tailor,29,Female,Operations,Supply Chain Analyst,Bachelors,74623,1,Bangalore,16,Yes,5,4,1,3,34,2,16,4,24,5,1,No,Not Provided,06-05-2022,bhamini24@ramachandran.net,4401994779,7
EMP03993,Mishti Hegde,31,Other,Sales,Business Development Associate,MBA,170616,5,Mumbai,39,No,1,4,3,5,38,6,13,14,3,2,3,No,Not Provided,02-03-2026,dishaniraval@yahoo.com,3592430575,8
EMP03994,Emir Rau,27,Other,Marketing,Marketing Manager,Diploma,84419,0,Kolkata,33,No,4,3,1,5,61,9,7,14,1,5,5,No,Not Provided,12-12-2019,ayesha64@hotmail.com,233834202,10
EMP03995,Alisha Bhatnagar,38,Male,Sales,Sales Executive,Diploma,121365,18,Mumbai,5,Yes,3,3,1,4,4,2,11,2,5,5,3,No,Not Provided,20-01-2022,rasha09@sha.com,8273409894,7
EMP03996,Madhav Dara,52,Female,Sales,Sales Executive,Diploma,25375,30,Delhi,15,No,2,4,1,5,79,0,15,4,22,5,1,No,Not Provided,13-11-2017,qkaur@dalal-saran.info,3760198287,8
EMP03997,Akarsh Viswanathan,50,Other,HR,HR Executive,Bachelors,131961,22,Pune,12,No,4,4,1,2,80,5,0,5,13,3,3,No,Not Provided,22-05-2025,tsoman@sathe-rajagopalan.com,5139971170,8
EMP03998,Darshit Bir,56,Female,Sales,Sales Manager,MBA,55676,28,Delhi,29,No,5,4,4,1,22,2,21,2,1,3,1,No,Not Provided,22-01-2026,faiyazrout@gmail.com,8931697767,3
EMP03999,Vritika Magar,26,Male,IT,BI Developer,MBA,130852,0,Pune,13,Yes,2,3,4,4,12,8,4,6,21,2,3,No,Not Provided,16-02-2026,vihaanchoudhry@hotmail.com,9046594218,9
EMP04000,Piya Tella,59,Other,Not assigned,HR Manager,Bachelors,125562,35,Noida,37,Yes,1,2,4,5,58,4,7,5,2,3,3,No,Not Provided,02-02-2022,gargzaina@chanda-hora.biz,944903409,9
EMP04001,Vedika Bhatnagar,48,Other,Marketing,Content Strategist,Masters,179536,24,Chennai,12,No,3,5,1,1,1,0,3,9,0,3,3,No,Not Provided,06-07-2024,lakshitsheth@mangal-varma.com,6934187901,6
EMP04002,Gokul Date,37,Female,Customer Support,Customer Success Manager,Bachelors,30523,11,Hyderabad,19,Yes,5,1,5,3,57,1,0,10,17,3,3,No,Not Provided,28-04-2023,bariashamik@chauhan.com,8864985091,9
EMP04003,Tiya Walla,29,Other,Marketing,SEO Specialist,Diploma,69092,1,Pune,36,No,5,2,5,4,41,1,11,8,8,5,4,No,Not Provided,11-01-2025,dbadal@hotmail.com,6424136200,7
EMP04004,Mishti Madan,33,Other,Operations,Supply Chain Analyst,MBA,149742,7,Chennai,37,No,3,2,5,4,16,9,0,11,18,1,2,No,Not Provided,28-09-2025,maharajdharmajan@sarma-ghosh.org,1094178172,10
EMP04005,Saira Sami,44,Other,Operations,Supply Chain Analyst,Diploma,74131,23,Hyderabad,5,Yes,4,5,4,2,23,4,13,10,3,5,2,No,Not Provided,02-10-2018,nayantarachawla@saini-shere.org,7481873572,9
EMP04006,Rohan Wali,33,Other,IT,Data Analyst,MBA,27485,3,Pune,2,No,2,3,1,3,13,0,23,4,7,3,5,No,Not Provided,20-04-2022,mohanlal00@hotmail.com,6765631332,5
EMP04007,Rhea Tella,34,Male,Sales,Sales Manager,Masters,141070,13,Chennai,22,No,4,5,5,5,61,9,4,14,5,1,4,No,Not Provided,07-11-2025,ishukla@acharya-joshi.biz,772903863,6
EMP04008,Shray Setty,24,Male,Marketing,Marketing Manager,Masters,56071,0,Pune,21,No,3,4,5,1,39,8,5,14,24,1,1,No,Not Provided,25-08-2021,shlok68@bora.com,3161492973,8
EMP04009,Shalv Bali,53,Male,Operations,Supply Chain Analyst,MBA,177373,31,Pune,27,Yes,4,4,2,1,15,2,17,12,9,3,3,No,Not Provided,17-07-2017,farhankata@sahni.com,2088205908,9
EMP04010,Azad Desai,21,Other,IT,BI Developer,Bachelors,116787,0,Noida,3,No,4,4,4,5,17,7,0,7,11,3,3,No,Not Provided,13-06-2022,ybhardwaj@hotmail.com,5729416033,4
EMP04011,Keya Sachar,40,Other,Customer Support,Customer Success Manager,Diploma,175062,11,Hyderabad,15,No,1,5,4,3,57,7,9,9,21,4,3,No,Not Provided,09-10-2020,bariaaarna@dave-ramesh.com,8808190801,8
EMP04012,Azad Rout,23,Female,IT,Data Analyst,Diploma,124549,0,Bangalore,15,No,3,5,4,1,16,9,0,12,14,4,4,No,Not Provided,16-07-2016,samaira84@hotmail.com,504019949,11
EMP04013,Amira Thakur,59,Female,HR,HR Executive,Bachelors,47452,32,Pune,20,Yes,3,1,1,2,20,7,1,10,22,2,4,Yes,"Overtime, Low Job Satisfaction, Manager Issues",17-05-2022,raovedika@gole-joshi.biz,9823436147,15
EMP04014,Hansh Bandi,45,Male,Sales,Sales Manager,MBA,121927,23,Noida,27,Yes,4,4,4,2,36,3,15,7,11,4,5,No,Not Provided,03-03-2019,omane@bera-srivastava.com,9731234781,8
EMP04015,Drishya Kade,25,Female,IT,Data Analyst,Bachelors,117510,0,Delhi,32,No,3,2,4,2,11,1,6,9,17,5,1,No,Not Provided,01-06-2023,dhruvsachdev@ahluwalia-ratta.com,4668423169,9
EMP04016,Navya Banik,43,Male,Operations,Supply Chain Analyst,Diploma,81931,14,Noida,25,No,4,4,3,2,9,5,3,8,1,5,3,No,Not Provided,21-02-2023,rashashroff@gmail.com,3047665978,10
EMP04017,Samarth Dua,37,Male,Finance,Finance Manager,Bachelors,139228,13,Delhi,15,Yes,5,3,5,4,1,6,15,12,5,3,5,No,Not Provided,19-04-2017,adah29@chada-kaul.com,9724418111,6
EMP04018,Nirvaan Sami,57,Other,Finance,Content Strategist,Bachelors,101091,29,Bangalore,26,Yes,3,5,4,5,0,7,12,14,3,3,3,No,Not Provided,06-10-2022,battaparinaaz@gmail.com,7987573295,7
EMP04019,Samarth Sarin,44,Female,Marketing,Content Strategist,Masters,70320,22,Kolkata,6,Yes,1,4,4,1,64,8,14,6,25,5,4,No,Not Provided,15-01-2019,rchaudhuri@lata-ram.biz,6724735008,12
EMP04020,Hiran Deshmukh,25,Female,Customer Support,Support Executive,Diploma,140817,0,Chennai,21,Yes,2,2,5,3,8,7,0,6,16,4,2,Yes,"Poor Work Life Balance, Overtime, Low Job Satisfaction",01-09-2019,bhattikiaan@gmail.com,4832617629,15
EMP04021,Yasmin Anne,47,Other,Marketing,SEO Specialist,Bachelors,30252,19,Mumbai,4,No,2,3,3,5,18,1,13,11,2,1,1,No,Not Provided,29-09-2023,varghesemanjari@mand.com,1119102370,5
EMP04022,Ahana  Bahl,51,Male,Finance,Accountant,Masters,139305,31,Chennai,14,No,4,3,2,1,31,2,6,7,1,4,4,No,Not Provided,17-04-2026,veertaneja@yahoo.com,592057321,7
EMP04023,Zaina Lad,50,Male,HR,HR Manager,MBA,166458,25,Delhi,37,No,2,3,3,5,9,1,10,4,22,3,2,No,Not Provided,04-09-2020,neelofar74@krishna.com,8369496012,4
EMP04024,Anay Keer,28,Male,Finance,Finance Manager,Masters,69215,8,Bangalore,30,Yes,4,1,5,2,37,8,1,11,25,1,3,Yes,"Overtime, Low Job Satisfaction, Manager Issues",23-04-2024,deolriya@sami-thaman.org,5773333883,14
EMP04025,Ojas Balakrishnan,49,Male,IT,Data Analyst,MBA,99044,21,Chennai,31,No,2,4,5,3,23,2,18,6,17,2,5,No,Not Provided,23-09-2016,fatehrana@hotmail.com,2903925995,4
EMP04026,Akarsh Seshadri,40,Female,Customer Support,Customer Success Manager,Masters,91530,20,Noida,3,Yes,5,3,2,3,44,2,18,9,17,5,3,No,Not Provided,03-02-2019,fdube@arora.org,7898717310,7
EMP04027,Gatik Bahri,41,Other,Operations,Supply Chain Analyst,Masters,30997,11,Mumbai,39,Yes,1,4,4,2,40,7,24,11,11,1,1,No,Not Provided,29-06-2018,nitarabhatnagar@yahoo.com,3382393665,12
EMP04028,Heer Mani,46,Female,Marketing,Marketing Manager,Bachelors,45020,16,Noida,19,Yes,5,4,5,5,25,1,4,11,14,1,3,No,Not Provided,13-05-2026,ochauhan@gara.com,5231217043,6
EMP04029,Taimur Saini,21,Female,HR,Recruiter,Diploma,113822,0,Mumbai,15,Yes,5,4,3,5,20,6,21,8,15,1,4,No,Not Provided,29-05-2024,gkhurana@hotmail.com,500285592,4
EMP04030,Nirvi Balan,49,Male,Marketing,SEO Specialist,Masters,141265,29,Chennai,40,No,7,5,5,2,65,2,4,14,0,5,4,No,Not Provided,03-02-2020,usom@deshmukh-banerjee.com,434503896,10
EMP04031,Arnav Gera,43,Male,Customer Support,Customer Success Manager,Masters,67740,13,Bangalore,12,No,1,2,2,1,72,3,22,13,17,2,5,No,Not Provided,05-10-2023,agatemadhav@yahoo.com,8504669300,12
EMP04032,Not Available,28,Female,IT,Data Analyst,MBA,84393,7,Mumbai,6,Yes,5,4,3,3,74,2,6,10,7,2,3,No,Not Provided,31-03-2020,romil19@yahoo.com,2419029226,4
EMP04033,Anika Guha,38,Male,Customer Support,Support Executive,MBA,143773,9,Delhi,31,No,5,3,2,2,10,3,2,7,13,5,3,No,Not Provided,25-04-2026,rheaghose@dhaliwal.biz,9299947791,10
EMP04034,Ela Thakur,44,Other,IT,BI Developer,Bachelors,84708,19,Noida,35,Yes,1,3,4,5,12,2,23,2,15,1,3,No,Not Provided,07-02-2018,dhanukcherian@de.com,7719522211,6
EMP04035,Hiran Luthra,21,Other,Sales,Sales Manager,Masters,126324,0,Mumbai,10,Yes,4,3,4,1,46,7,16,3,24,4,2,No,Not Provided,06-05-2020,ambleaaryahi@hotmail.com,2779706972,9
EMP04036,Nitya Kala,58,Male,IT,BI Developer,MBA,73872,34,Kolkata,32,No,4,4,4,4,17,6,24,8,2,4,4,No,Not Provided,11-02-2024,sahaalia@yahoo.com,78018583,6
EMP04037,Umang Gulati,41,Other,HR,HR Executive,MBA,130478,12,Pune,37,No,1,2,1,3,2,5,0,14,21,2,5,Yes,"Poor Work Life Balance, Low Job Satisfaction, No Promotion",24-08-2021,samarth07@yahoo.com,9133550762,15
EMP04038,Zaina Arya,57,Male,Finance,Accountant,MBA,103509,35,Kolkata,6,Yes,1,2,2,1,24,1,2,4,17,2,1,Yes,"Poor Work Life Balance, Overtime, Low Job Satisfaction",01-06-2020,chaudryamani@hotmail.com,7539423233,14
EMP04039,Onkar Chandran,28,Female,HR,HR Manager,Masters,164751,3,Pune,37,Yes,4,5,3,3,8,1,25,7,14,3,1,No,Not Provided,16-04-2022,mahika11@kata.biz,9212771724,3
EMP04040,Kabir Kaur,21,Male,Finance,Finance Manager,Diploma,42055,0,Chennai,17,Yes,4,4,5,3,79,7,1,3,15,2,2,No,Not Provided,06-01-2017,nirvithaker@hotmail.com,4093138151,6
EMP04041,Kaira Kari,36,Male,HR,Recruiter,Diploma,70162,11,Pune,1,No,1,5,3,5,37,4,2,14,17,3,2,No,Not Provided,29-04-2018,anvicomar@chopra-gupta.info,6408466452,7
EMP04042,Zain Dewan,43,Other,Operations,Operations Executive,Bachelors,43764,14,Kolkata,12,No,5,1,1,3,7,0,1,5,12,5,1,No,Not Provided,02-05-2022,krishnamurthyishaan@hotmail.com,3276847372,10
EMP04043,Hansh Chokshi,42,Male,Finance,Accountant,Diploma,32891,20,Mumbai,3,Yes,1,3,1,4,4,9,20,9,19,4,4,No,Not Provided,30-04-2017,advikaborde@yahoo.com,1502833275,12
EMP04044,Hunar Vaidya,37,Female,Sales,Business Development Associate,MBA,56723,15,Mumbai,40,Yes,4,3,1,1,76,5,19,1,10,3,2,No,Not Provided,12-08-2019,aroravivaan@chhabra.com,1920777861,9
EMP04045,Darshit Dani,48,Female,Operations,Operations Executive,Diploma,47695,19,Pune,28,No,1,2,4,4,42,2,20,10,23,1,5,No,Not Provided,27-02-2025,jshroff@hotmail.com,9666559042,9
EMP04046,Rati Bajaj,23,Female,HR,Recruiter,MBA,146663,2,Hyderabad,2,Yes,5,2,2,3,51,3,23,5,15,4,2,No,Not Provided,26-03-2019,samar87@issac.biz,7060673966,10
EMP04047,Amani Vasa,35,Female,Finance,Accountant,MBA,41438,8,Kolkata,12,Yes,2,3,4,1,21,9,23,2,15,4,5,No,Not Provided,23-02-2019,Not Generated,8025734844,12
EMP04048,Shanaya Goel,39,Other,HR,HR Manager,MBA,69663,14,Noida,39,Yes,1,3,1,5,46,9,19,6,18,2,3,No,Not Provided,01-03-2017,vmadan@yahoo.com,3499658167,10
EMP04049,Kabir Barad,59,Other,IT,BI Developer,MBA,117636,34,Delhi,18,Yes,5,5,4,5,36,1,7,7,11,5,3,No,Not Provided,13-06-2016,inaaya-raja@yahoo.com,3755794928,5
EMP04050,Samarth Vohra,23,Female,HR,Recruiter,Masters,95661,0,Noida,36,No,3,3,5,4,22,5,22,11,17,2,2,No,Not Provided,23-08-2023,ndada@yahoo.com,3163570938,5
EMP04051,Kashvi Shan,60,Female,IT,BI Developer,MBA,32277,33,Pune,24,No,2,1,4,5,46,7,1,13,11,5,3,Yes,"Poor Work Life Balance, Low Job Satisfaction, High Stress",21-09-2020,yuvraj-46@gera-kari.com,424964916,15
EMP04052,Kavya Tripathi,41,Male,Customer Support,Support Executive,MBA,64250,17,Noida,12,Yes,3,1,5,2,57,3,11,11,3,5,3,No,Not Provided,11-02-2023,chakrabartitiya@dalal.com,9192841049,12
EMP04053,Saira Grover,44,Other,Finance,Finance Manager,MBA,148985,14,Hyderabad,31,Yes,3,2,3,4,27,4,7,6,6,4,3,No,Not Provided,18-03-2017,baradtara@hotmail.com,659746148,9
EMP04054,Hunar Bal,34,Male,IT,Data Analyst,Masters,135628,12,Kolkata,37,Yes,1,5,4,1,18,7,21,3,14,1,1,No,Not Provided,09-06-2016,shayak47@ramesh-bhandari.com,5819677170,10
EMP04055,Biju Guha,25,Other,Customer Support,Support Executive,Masters,115666,2,Pune,13,Yes,1,5,4,2,32,9,5,8,11,1,1,No,Not Provided,16-08-2024,pranay63@seth.com,6217330119,11
EMP04056,Madhup Chana,24,Male,Sales,Business Development Associate,MBA,126304,2,Chennai,40,Yes,4,1,4,1,53,6,4,7,10,4,4,Yes,"Overtime, Low Job Satisfaction, Manager Issues",01-11-2017,manjari89@bera.com,9839394744,15
EMP04057,Advik Krish,43,Male,HR,Recruiter,Diploma,101413,20,Chennai,21,No,1,4,4,2,75,10,2,5,13,5,4,No,Not Provided,19-02-2020,maniaarush@chaudhary-talwar.info,9297973701,12
EMP04058,Manjari Tata,53,Other,Sales,Sales Executive,Diploma,32190,31,Chennai,28,Yes,5,5,5,5,25,8,9,14,16,2,1,No,Not Provided,17-04-2022,ryanmani@yahoo.com,9816224706,7
EMP04059,Emir Lanka,49,Female,Customer Support,Support Executive,MBA,48981,20,Mumbai,13,No,4,3,4,5,14,8,17,4,12,2,5,No,Not Provided,21-12-2025,skakar@setty.com,3375681282,2
EMP04060,Riaan Sachdev,35,Other,Operations,Operations Executive,Bachelors,173539,7,Chennai,18,Yes,4,3,3,2,79,4,3,2,19,1,4,No,Not Provided,16-02-2023,rkunda@kadakia-gole.net,6484645308,6
EMP04061,Hazel Yadav,41,Female,Sales,Business Development Associate,MBA,135471,17,Kolkata,10,Yes,4,5,5,5,34,1,15,10,10,5,1,No,Not Provided,17-12-2021,eva62@hotmail.com,5995946651,7
EMP04062,Mishti Devi,37,Female,Finance,Accountant,Bachelors,135794,14,Kolkata,5,Yes,2,1,2,1,7,3,6,6,8,4,4,Yes,"Poor Work Life Balance, Overtime, Low Job Satisfaction",28-12-2025,drastogi@hotmail.com,4178419599,15
EMP04063,Damini Hari,30,Other,IT,System Admin,Bachelors,41222,0,Delhi,39,No,1,1,5,1,15,1,24,14,21,3,4,No,Not Provided,03-09-2018,xandra@kade-gara.org,1011921744,11
EMP04064,Zoya Kara,53,Male,Sales,Business Development Associate,Masters,58416,31,Bangalore,40,Yes,3,2,3,4,17,2,2,12,15,1,4,No,Not Provided,22-07-2022,lakshit36@tandon.info,9626266367,10
EMP04065,Vanya Chadha,40,Male,Operations,Operations Executive,MBA,26470,14,Noida,26,No,3,2,3,3,26,0,12,3,25,2,2,No,Not Provided,07-10-2017,Not Generated,1726891001,4
EMP04066,Onkar Cherian,38,Other,IT,Software Engineer,Diploma,103196,17,Bangalore,28,Yes,4,1,5,3,74,9,13,15,12,4,5,Yes,"Overtime, Low Job Satisfaction, High Stress",02-04-2017,aaravdewan@yahoo.com,935098433,13
EMP04067,Arnav Chakrabarti,59,Female,Sales,Business Development Associate,Diploma,159970,35,Kolkata,10,Yes,1,5,4,2,33,3,1,8,7,4,1,No,Not Provided,03-08-2025,indranil54@bandi.info,3462638239,12
EMP04068,Kaira Sankaran,40,Other,Marketing,Content Strategist,Bachelors,97012,11,Pune,3,Yes,5,3,2,2,45,8,6,10,5,1,4,No,Not Provided,03-05-2021,xmahajan@gole.com,3652369880,10
EMP04069,Saksham Kakar,42,Other,Marketing,SEO Specialist,Bachelors,93925,20,Hyderabad,5,No,1,4,4,4,22,1,11,11,19,5,2,No,Not Provided,26-02-2019,parisankar@rege-khalsa.org,204071409,8
EMP04070,Vritika Aggarwal,22,Male,Finance,Finance Manager,Bachelors,159198,0,Kolkata,23,No,3,3,1,3,80,2,15,13,4,1,3,No,Not Provided,26-12-2024,joshikeya@yahoo.com,3289390604,4
EMP04071,Vardaniya Sant,44,Other,Finance,Financial Analyst,Bachelors,71762,24,Delhi,34,Yes,2,3,3,4,27,0,19,3,19,2,4,No,Not Provided,23-07-2024,aaurora@hotmail.com,5100820242,6
EMP04072,Mahika Saini,38,Male,Finance,Finance Manager,Diploma,111700,15,Kolkata,35,No,3,4,2,3,22,9,24,12,25,5,2,No,Not Provided,29-11-2018,ysane@gmail.com,2645091866,10
EMP04073,Aaina Bora,60,Other,Customer Support,Customer Success Manager,Bachelors,146201,35,Pune,30,No,3,3,5,5,50,9,17,7,0,5,4,No,Not Provided,16-09-2021,lakshit43@gmail.com,5774711353,6
EMP04074,Shray Borah,42,Other,IT,System Admin,Diploma,114828,14,Hyderabad,38,No,4,5,1,5,61,9,16,13,20,4,4,No,Not Provided,08-06-2021,dsrinivasan@wagle-balan.com,9578799110,10
EMP04075,Aaryahi Gola,57,Female,HR,Recruiter,MBA,97661,35,Kolkata,29,No,1,4,5,1,42,0,6,13,21,2,3,No,Not Provided,13-04-2023,goswamisahil@hotmail.com,9127503868,8
EMP04076,Priyansh Sura,55,Male,Operations,Operations Executive,Diploma,126426,27,Pune,2,No,4,4,2,3,2,10,22,10,6,1,1,No,Not Provided,25-08-2025,siyabasu@bhattacharyya-shukla.info,5298399169,6
EMP04077,Nayantara Bandi,46,Female,Marketing,Marketing Manager,MBA,38670,18,Noida,3,No,5,3,5,2,53,1,10,15,17,1,3,No,Not Provided,24-08-2020,nakuldhingra@dutt.net,4072351356,4
EMP04078,Manjari Sinha,56,Other,Operations,Operations Executive,Bachelors,30836,33,Pune,8,Yes,3,2,4,2,24,1,16,14,23,4,3,No,Not Provided,16-12-2020,neysabahl@sagar-buch.biz,3214830530,12
EMP04079,Eshani Sachdeva,22,Female,Sales,Sales Manager,Diploma,78355,0,Chennai,36,Yes,3,4,1,5,60,3,14,15,24,3,4,No,Not Provided,11-10-2018,kuruvillauthkarsh@mahal.info,2677969181,7
EMP04080,Samaira Sur,35,Other,Finance,Accountant,Diploma,53024,14,Hyderabad,30,No,3,2,4,2,43,7,3,3,0,2,1,No,Not Provided,02-09-2020,umang18@gmail.com,8229198626,10
EMP04081,Aaina Thakkar,46,Female,Finance,Financial Analyst,MBA,32306,18,Kolkata,7,No,3,4,5,3,26,8,16,8,11,3,2,No,Not Provided,09-11-2017,idugal@yahoo.com,6046349358,2
EMP04082,Nishith Varma,58,Female,IT,BI Developer,Bachelors,66251,36,Kolkata,26,Yes,2,5,5,3,12,9,3,15,24,1,2,No,Not Provided,23-06-2020,rastogipriyansh@raja.com,3660009100,12
EMP04083,Kiaan Shenoy,54,Male,HR,Recruiter,Masters,167451,25,Hyderabad,39,No,3,3,3,1,43,10,19,11,6,3,1,No,Not Provided,15-11-2021,hrishita07@gmail.com,1993908900,7
EMP04084,Anaya Sankar,41,Male,Sales,Sales Manager,MBA,63951,17,Bangalore,12,No,3,5,3,5,35,2,18,2,20,2,3,No,Not Provided,29-06-2017,ravimishti@brar.com,2334534261,0
EMP04085,Sumer Talwar,53,Male,Marketing,Content Strategist,Diploma,107247,25,Chennai,26,No,3,5,4,3,70,6,8,13,7,2,5,No,Not Provided,28-04-2018,ritvik43@chahal.net,3294679904,5
EMP04086,Shamik Dalal,33,Male,Marketing,SEO Specialist,Bachelors,147340,3,Kolkata,9,No,5,5,4,5,2,1,23,3,7,1,3,No,Not Provided,15-04-2019,bkothari@gmail.com,5614128845,0
EMP04087,Himmat Bahl,55,Male,Finance,Finance Manager,Masters,46767,30,Kolkata,8,No,5,5,2,1,73,10,10,7,12,3,4,No,Not Provided,17-10-2023,ira93@kohli-rau.biz,4846374650,6
EMP04088,Ritvik Deep,21,Other,IT,BI Developer,Masters,173438,0,Kolkata,2,No,4,5,4,5,27,6,9,4,22,2,5,No,Not Provided,19-10-2025,saanvivenkataraman@cheema.com,3367760498,2
EMP04089,Miraya Choudhry,29,Female,Customer Support,Support Executive,MBA,32224,0,Kolkata,4,No,2,3,5,3,0,1,16,3,13,2,1,No,Not Provided,18-02-2018,deshmukhdiya@karan.net,4496679603,3
EMP04090,Nirvi Doshi,42,Other,IT,Recruiter,Masters,161616,15,Hyderabad,5,No,2,1,3,2,18,7,17,15,4,3,5,No,Not Provided,12-11-2024,anaykata@yahoo.com,8249825826,12
EMP04091,Indrans Sandal,58,Male,Marketing,SEO Specialist,Bachelors,54573,29,Hyderabad,40,Yes,3,1,4,4,53,10,1,6,13,4,3,No,Not Provided,07-11-2017,adirasuresh@yahoo.com,1815785027,13
EMP04092,Tejas Kata,57,Other,Customer Support,Customer Success Manager,MBA,165774,27,Delhi,4,Yes,5,5,4,5,60,6,11,6,17,1,1,No,Not Provided,24-02-2021,indransvenkatesh@sarna.com,9209965920,4
EMP04093,Eshani Hayer,27,Male,Marketing,SEO Specialist,MBA,68253,0,Pune,40,No,2,5,5,2,47,7,14,1,5,5,3,No,Not Provided,19-11-2023,dubeydivyansh@kohli-date.com,5431270902,11
EMP04094,Lavanya Karnik,42,Other,Sales,Sales Manager,Bachelors,141312,20,Kolkata,35,Yes,3,4,4,1,50,3,21,1,17,5,2,No,Not Provided,17-01-2017,hbail@hotmail.com,5987922108,8
EMP04095,Ayesha Sangha,29,Male,Operations,Supply Chain Analyst,MBA,34350,5,Bangalore,34,Yes,5,1,3,5,26,5,8,6,10,4,1,No,Not Provided,12-07-2018,priyanshsastry@jain.org,5678688523,11
EMP04096,Akarsh Bava,44,Male,Marketing,SEO Specialist,MBA,34223,21,Mumbai,6,No,1,1,1,3,6,1,8,5,20,2,3,No,Not Provided,10-04-2025,lakshitdugar@ahluwalia.info,4846229111,8
EMP04097,Abram Anand,46,Male,Operations,Operations Executive,MBA,121814,18,Pune,23,Yes,4,3.039382866,4,1,40,10,2,6,16,1,5,No,Not Provided,13-05-2019,sahakiara@yahoo.com,4658708344,8
EMP04098,Anika Chana,34,Male,IT,Software Engineer,Bachelors,160594,5,Noida,38,Yes,1,5,2,3,67,8,17,2,4,3,4,No,Not Provided,18-09-2021,samar24@kumar.com,9669693705,10
EMP04099,Veer Rao,22,Female,Sales,Sales Executive,MBA,122393,0,Hyderabad,13,No,2,2,2,5,22,6,16,8,10,2,1,No,Not Provided,05-12-2022,vsodhi@ram.com,7627860544,10
EMP04100,Darshit Kunda,48,Female,HR,Recruiter,Diploma,151448,19,Mumbai,10,No,2,3.039382866,5,2,30,3,16,14,6,3,3,No,Not Provided,31-07-2019,aayushgera@ganesan.com,3677032212,7
EMP04101,Yuvraj  Chauhan,24,Other,IT,Software Engineer,MBA,113912,0,Mumbai,17,Yes,1,2,2,5,28,9,3,10,0,1,2,Yes,"Poor Work Life Balance, Overtime, Low Job Satisfaction",12-10-2016,kchoudhry@gmail.com,4722275370,16
EMP04102,Ishita Anne,53,Female,HR,Recruiter,Diploma,80345,33,Kolkata,14,No,2,1,5,5,60,5,19,10,12,3,4,No,Not Provided,08-03-2025,yashvijayaraman@yahoo.com,1046979081,10
EMP04103,Riya Dara,48,Female,Customer Support,Customer Success Manager,MBA,97214,25,Bangalore,34,No,1,3,5,3,31,7,13,12,13,1,5,No,Not Provided,25-10-2023,rameshanvi@contractor.info,9643975037,8
EMP04104,Mamooty Gara,30,Other,Sales,Business Development Associate,Diploma,101661,0,Noida,3,No,3,4,2,4,25,0,14,7,0,5,3,No,Not Provided,27-02-2018,rashakhurana@gmail.com,9019873197,5
EMP04105,Devansh Solanki,55,Other,IT,System Admin,MBA,61869,27,Delhi,28,No,2,5,5,4,55,8,21,14,24,3,5,No,Not Provided,20-06-2020,mvarma@kunda.org,7739705764,8
EMP04106,Keya Gola,25,Female,Finance,Finance Manager,Masters,77331,0,Chennai,11,No,2,4,3,3,31,6,19,2,2,3,3,No,Not Provided,01-05-2022,kaurpriyansh@bhalla.com,8246902382,5
EMP04107,Reyansh Keer,42,Other,Operations,Operations Executive,Masters,151284,13,Noida,29,Yes,2,4,5,2,56,6,16,6,1,1,5,No,Not Provided,15-02-2018,saransamaira@hotmail.com,1064150395,10
EMP04108,Aaryahi Roy,48,Female,Finance,Accountant,MBA,102416,20,Kolkata,20,Yes,3,2,1,4,62,0,4,11,11,4,1,Yes,"Overtime, Low Job Satisfaction, High Stress",14-04-2025,chaudryaarav@chadha.info,1820285753,14
EMP04109,Tushar Datta,34,Male,IT,BI Developer,Masters,127315,12,Bangalore,7,Yes,7,4,2,4,51,8,21,7,13,2,4,No,Not Provided,08-11-2024,oraj@gmail.com,9406874283,6
EMP04110,Armaan Seshadri,53,Female,Finance,Financial Analyst,Bachelors,94351,25,Delhi,23,No,2,4,2,3,8,4,12,11,19,4,2,No,Not Provided,15-07-2022,samarthyadav@gmail.com,6497065865,10
EMP04111,Advika Khanna,53,Other,HR,HR Manager,Masters,45872,23,Mumbai,8,Yes,5,3,4,1,11,6,10,13,11,5,2,No,Not Provided,12-02-2025,tailorkashvi@gmail.com,9935060228,11
EMP04112,Manikya Sarma,58,Male,Customer Support,Customer Success Manager,MBA,129886,37,Chennai,4,Yes,3,2,3,5,63,2,1,10,18,2,1,No,Not Provided,26-06-2020,zrama@yahoo.com,1063277936,9
EMP04113,Diya Kala,42,Female,Finance,Financial Analyst,Bachelors,91920,12,Chennai,18,Yes,5,3,1,1,53,10,0,11,12,2,4,No,Not Provided,25-10-2016,ramakrishnananahi@khosla.com,2205337149,12
EMP04114,Arnav Ganesan,35,Male,Customer Support,Customer Success Manager,Bachelors,101214,8,Noida,11,No,2,1,3,3,53,1,23,3,21,1,3,No,Not Provided,15-09-2024,diyamaster@ratti-tella.org,9519153825,6
EMP04115,Faiyaz Gola,56,Other,Finance,Accountant,Bachelors,127076,35,Delhi,21,Yes,3,4,4,4,38,1,17,1,19,2,4,No,Not Provided,04-11-2021,ilad@yadav.org,4988661756,2
EMP04116,Samarth Karnik,75,Male,Sales,Sales Executive,Bachelors,164940,22,Noida,18,No,3,4,4,3,46,4,25,4,12,4,3,No,Not Provided,28-06-2016,babudivij@yahoo.com,239542242,3
EMP04117,Jivin Kalita,21,Other,Customer Support,Customer Success Manager,Bachelors,149028,0,Hyderabad,30,No,5,5,3,2,74,10,9,10,20,4,2,No,Not Provided,05-10-2016,mahikasrinivasan@gaba.net,7898418603,10
EMP04118,Amani Dass,34,Male,Operations,Operations Executive,Diploma,139519,4,Delhi,29,No,3,3.039382866,3,5,64,2,19,5,18,3,2,No,Not Provided,05-06-2020,kapuradvika@kalita.com,5242065826,1
EMP04119,Kiaan Saran,42,Male,HR,HR Manager,Diploma,53905,19,Chennai,1,Yes,1,4,5,1,70,4,7,15,22,3,3,No,Not Provided,01-03-2022,shanaya56@yahoo.com,8054014730,9
EMP04120,Umang Sem,24,Female,Customer Support,Support Executive,Diploma,43601,2,Mumbai,23,Yes,3,5,4,2,33,1,14,3,4,1,4,No,Not Provided,18-03-2019,baiju31@gmail.com,1900117622,4
EMP04121,Mishti Dora,46,Other,Operations,Supply Chain Analyst,Diploma,92678,18,Noida,16,Yes,1,2,2,3,49,5,19,1,5,5,1,Yes,"Poor Work Life Balance, Overtime, Low Job Satisfaction",09-05-2020,raniamaharaj@gmail.com,9438773283,15
EMP04122,Tarini Sha,45,Other,Operations,Supply Chain Analyst,Bachelors,52659,21,Delhi,9,Yes,3,3,5,5,3,9,23,1,6,3,1,No,Not Provided,24-01-2025,raghavsom@bhasin-anne.info,5084932720,4
EMP04123,Taran Buch,27,Female,Sales,Sales Executive,Bachelors,119758,6,Hyderabad,32,Yes,4,3,1,1,28,2,1,6,7,4,4,No,Not Provided,18-10-2017,rjain@lal.org,1181505530,12
EMP04124,Devansh Borra,56,Male,Not assigned,Customer Success Manager,MBA,51908,29,Bangalore,38,No,4,1,4,3,15,4,12,5,17,4,1,No,Not Provided,05-06-2019,parisehgal@bedi.org,4505419991,7
EMP04125,Yasmin Bobal,57,Female,Marketing,Content Strategist,MBA,140778,27,Pune,22,No,2,2,2,2,32,10,10,6,18,3,3,No,Not Provided,24-07-2024,pchaudry@chand-dhillon.com,2358369064,12
EMP04126,Yuvraj  Khalsa,34,Male,IT,System Admin,Diploma,150789,5,Chennai,27,Yes,5,3,2,3,62,0,1,11,6,5,3,No,Not Provided,21-01-2020,armaansom@hotmail.com,8393391792,12
EMP04127,Bhamini Dugal,50,Male,Operations,Operations Executive,MBA,50993,26,Bangalore,16,Yes,1,2,4,2,19,2,19,3,0,3,3,No,Not Provided,18-07-2018,sarnavidur@badami.com,4123972816,10
EMP04128,Jhanvi Swaminathan,43,Female,Marketing,Content Strategist,Diploma,168329,15,Bangalore,7,No,3,1,3,1,67,8,6,11,2,1,3,No,Not Provided,29-05-2017,tsanghvi@hotmail.com,1465411935,9
EMP04129,Hridaan Chowdhury,51,Male,Sales,Business Development Associate,Diploma,137400,24,Noida,36,Yes,1,5,3,3,5,7,20,10,4,3,2,No,Not Provided,24-01-2017,shanayakashyap@gmail.com,2209505902,10
EMP04130,Shayak Rau,29,Other,IT,Software Engineer,Bachelors,176564,6,Delhi,38,No,4,3,1,2,11,4,17,14,15,2,4,No,Not Provided,24-09-2022,krishnaanya@basu-sagar.com,8269897676,7
EMP04131,Amani Garde,35,Other,Customer Support,Support Executive,Bachelors,131053,8,Chennai,36,No,4,5,5,3,11,0,10,10,11,5,3,No,Not Provided,28-02-2023,mehulsood@bhargava-ramakrishnan.org,6444180785,6
EMP04132,Dishani Bhandari,52,Male,Sales,Business Development Associate,Bachelors,56801,25,Noida,15,Yes,4,1,3,5,73,3,3,3,22,4,2,No,Not Provided,28-11-2018,deshmukhmadhup@hotmail.com,2860447604,10
EMP04133,Aarav Agate,22,Other,Sales,Sales Executive,Bachelors,161998,0,Bangalore,4,Yes,2,3,2,1,65,9,12,6,13,5,5,Yes,"Poor Work Life Balance, Overtime, Manager Issues",06-04-2021,lboase@gmail.com,5957710713,14
EMP04134,Priyansh Bhargava,57,Other,Marketing,Marketing Manager,Bachelors,87932,27,Pune,38,No,2,2,4,1,12,4,3,14,19,4,5,Yes,"Poor Work Life Balance, Low Job Satisfaction, Manager Issues",29-11-2016,birahana@yahoo.com,3446520857,16
EMP04135,Himmat Mangat,28,Female,Operations,Operations Executive,Masters,122532,8,Chennai,10,No,5,1,2,2,28,1,25,13,1,3,5,No,Not Provided,21-10-2024,sahotapihu@bandi.net,7113163960,9
EMP04136,Pari Dewan,59,Other,IT,Software Engineer,Masters,115066,30,Delhi,10,Yes,2,3,4,1,63,9,23,10,11,3,4,No,Not Provided,17-02-2024,sehgalgatik@dutta.com,9652124704,11
EMP04137,Vivaan Yogi,22,Male,HR,HR Manager,Masters,114506,1,Kolkata,14,Yes,5,1,4,2,27,0,16,12,4,1,5,No,Not Provided,12-04-2026,ganesanvidur@trivedi.com,6993111836,9
EMP04138,Anika Ramakrishnan,37,Female,Customer Support,Customer Success Manager,MBA,133808,17,Bangalore,10,Yes,5,3,5,4,59,2,10,4,18,5,2,No,Not Provided,07-06-2022,indransmaster@master.org,390422072,5
EMP04139,Lavanya Bakshi,41,Other,Sales,Business Development Associate,Diploma,92882,14,Chennai,16,Yes,3,2,3,3,4,8,18,13,12,2,2,No,Not Provided,11-06-2020,yakshit37@hotmail.com,3603602107,9
EMP04140,Eshani Virk,48,Male,HR,HR Manager,Bachelors,67403,23,Mumbai,9,No,3,2,4,1,42,8,18,10,19,5,2,No,Not Provided,13-11-2017,zainbatra@hotmail.com,6838476518,12
EMP04141,Faiyaz Thaman,33,Female,Marketing,Content Strategist,Diploma,49175,6,Chennai,30,Yes,1,3,5,5,22,10,18,6,5,1,2,No,Not Provided,26-07-2022,pariarora@gmail.com,4621907139,8
EMP04142,Arhaan Saxena,47,Other,Finance,Accountant,Bachelors,93210,24,Hyderabad,26,No,4,1,4,3,71,0,18,3,23,4,2,No,Not Provided,22-07-2025,berakhushi@hotmail.com,1806117735,7
EMP04143,Rohan Bhakta,58,Female,Operations,Operations Executive,Bachelors,76858,30,Mumbai,35,Yes,3,1,2,5,53,2,10,9,13,3,1,No,Not Provided,01-09-2016,saksham15@hotmail.com,2683381452,8
EMP04144,Elakshi Sami,44,Female,Finance,System Admin,Diploma,149823,19,Hyderabad,7,No,4,1,5,5,8,1,5,6,18,5,2,No,Not Provided,15-03-2026,kiaanhayre@sampath.com,6984625024,8
EMP04145,Ayesha Rout,50,Other,Finance,Finance Manager,Masters,45386,21,Noida,10,No,3,2,3,2,46,1,3,15,20,1,1,No,Not Provided,27-07-2020,vohraalisha@hotmail.com,2390038431,9
EMP04146,Kismat Wagle,42,Male,Finance,Finance Manager,Diploma,34894,15,Pune,24,No,2,5,5,1,38,9,8,8,6,4,5,No,Not Provided,14-11-2025,mamooty97@dada.biz,4027988382,10
EMP04147,Lavanya Raval,21,Female,Sales,Business Development Associate,Masters,107762,0,Noida,20,Yes,5,2,4,3,21,3,3,9,25,1,2,No,Not Provided,12-06-2016,prerakvyas@hotmail.com,6617470221,7
EMP04148,Mahika Golla,55,Female,Sales,Business Development Associate,MBA,35316,27,Kolkata,4,Yes,5,3,1,4,41,5,25,2,14,1,1,No,Not Provided,13-11-2023,reneegill@buch.com,1947319324,6
EMP04149,Umang Jha,25,Female,Finance,Financial Analyst,MBA,166922,0,Delhi,8,No,1,2,1,4,55,4,8,12,8,5,1,No,Not Provided,24-10-2025,sana70@chakraborty-maharaj.info,2126267507,13
EMP04150,Anaya Das,44,Male,IT,Data Analyst,MBA,81224,22,Mumbai,20,No,1,4,1,2,13,9,0,4,4,3,5,No,Not Provided,20-04-2025,lbahl@hotmail.com,4649763809,11
EMP04151,Prerak Mannan,57,Male,Finance,Accountant,Diploma,73462,33,Noida,29,No,3,4,4,4,48,3,5,5,8,5,1,No,Not Provided,02-09-2022,yram@gmail.com,5613437026,6
EMP04152,Azad Raja,45,Other,IT,System Admin,Diploma,122745,21,Bangalore,22,Yes,1,2,4,1,8,0,1,2,8,3,3,No,Not Provided,08-05-2025,zaina37@ben.com,8897005526,12
EMP04153,Shayak Gour,27,Other,Operations,Supply Chain Analyst,MBA,42099,0,Hyderabad,11,Yes,2,2,5,1,26,4,23,7,12,3,1,No,Not Provided,12-04-2026,duttaanahita@gmail.com,327970301,10
EMP04154,Zoya Dhaliwal,52,Male,Operations,Supply Chain Analyst,Diploma,117002,28,Noida,22,Yes,2,5,3,5,11,0,9,10,13,3,4,No,Not Provided,21-04-2026,adirayadav@gmail.com,3208576922,7
EMP04155,Bhavin Verma,30,Other,IT,HR Manager,MBA,130923,8,Pune,16,Yes,1,1,2,2,7,0,2,13,6,3,2,Yes,"Poor Work Life Balance, Overtime, Low Job Satisfaction",11-12-2017,khushi04@varkey-subramaniam.info,26743080,16
EMP04156,Raunak Halder,43,Male,Finance,Financial Analyst,Masters,34013,17,Delhi,37,No,5,2,5,1,30,8,25,3,12,3,2,No,Not Provided,31-12-2022,advikagoyal@yahoo.com,3336322307,8
EMP04157,Hunar Kaur,59,Other,IT,Data Analyst,Diploma,116590,32,Kolkata,37,No,5,1,5,1,60,5,23,9,20,3,5,No,Not Provided,27-01-2017,ranbir09@chad.biz,4670285154,8
EMP04158,Neelofar Sani,52,Male,Operations,Operations Executive,Bachelors,148629,31,Delhi,34,No,1,2,3,5,50,5,15,6,5,1,4,No,Not Provided,26-04-2026,brahmbhattkismat@hotmail.com,9709036078,9
EMP04159,Nishith Mane,48,Female,Customer Support,Support Executive,Masters,115664,24,Pune,13,Yes,2,4,5,2,74,5,4,13,5,5,5,Yes,"Poor Work Life Balance, Overtime, Manager Issues",20-01-2021,purabchada@raju.info,4745444731,16
EMP04160,Ehsaan Kant,25,Male,Finance,Financial Analyst,Bachelors,103620,1,Bangalore,22,Yes,3,5,2,2,50,9,13,2,6,4,3,No,Not Provided,14-05-2024,kataivan@bahl.com,7428993884,11
EMP04161,Anvi Khanna,53,Female,Finance,Finance Manager,Masters,174899,23,Hyderabad,28,No,4,5,4,2,27,1,24,10,19,2,5,No,Not Provided,21-08-2025,vedikawason@sama.net,7748523276,5
EMP04162,Hrishita Chander,52,Other,Customer Support,Support Executive,Diploma,104634.8542,25,Mumbai,36,Yes,5,5,4,2,59,4,25,6,3,3,2,No,Not Provided,31-07-2016,arnavwable@chhabra-soman.com,3267503477,5
EMP04163,Ela Varma,50,Male,Marketing,Content Strategist,Bachelors,93047,22,Hyderabad,3,Yes,5,4,4,2,78,8,19,8,25,5,3,No,Not Provided,24-07-2016,gsachar@grover-barad.com,9922390040,9
EMP04164,Ritvik Lala,32,Other,IT,BI Developer,Masters,67296,9,Bangalore,38,Yes,5,5,5,4,11,9,19,10,17,3,4,No,Not Provided,22-12-2018,dhillondivyansh@mand-aurora.com,7069315561,7
EMP04165,Mahika Chhabra,46,Female,Sales,Business Development Associate,Diploma,32526,21,Mumbai,29,Yes,5,2,5,5,55,4,16,9,12,5,2,No,Not Provided,08-11-2021,adira35@joshi.net,4701829685,9
EMP04166,Fateh Sabharwal,26,Male,HR,Recruiter,Masters,179145,0,Mumbai,29,Yes,4,3,5,3,21,3,18,11,20,3,2,No,Not Provided,12-06-2025,qsem@gmail.com,8116454851,5
EMP04167,Ishita Dubey,57,Other,Customer Support,Customer Success Manager,MBA,108463,31,Mumbai,35,Yes,2,1,5,3,58,4,0,14,0,3,3,No,Not Provided,10-10-2021,sahotajayant@kannan.com,2569044558,13
EMP04168,Shanaya Subramanian,42,Female,IT,HR Manager,MBA,155970,18,Bangalore,19,No,3,1,1,3,40,3,20,14,9,5,3,No,Not Provided,23-02-2017,baraltushar@kalla.com,7996316156,10
EMP04169,Baiju Chaudhari,22,Male,Finance,Finance Manager,Bachelors,86636,2,Pune,22,Yes,2,1,4,5,14,5,9,8,17,5,1,Yes,"Poor Work Life Balance, Overtime, Low Job Satisfaction",08-11-2021,ayeshadivan@tripathi-borra.com,3734524687,13
EMP04170,Siya Lata,32,Female,Finance,Financial Analyst,MBA,59937,8,Kolkata,40,Yes,2,5,5,1,51,1,8,8,20,4,2,No,Not Provided,29-09-2023,kartik56@sandhu.biz,3980852407,11
EMP04171,Gatik Arya,51,Female,Marketing,SEO Specialist,Bachelors,161150,29,Bangalore,25,No,3,5,2,1,41,6,5,7,14,3,1,No,Not Provided,28-06-2019,aayush18@yahoo.com,9707622234,9
EMP04172,Not Available,60,Other,Sales,Sales Manager,Masters,154033,40,Delhi,27,No,5,2,4,2,18,9,0,1,15,1,4,No,Not Provided,13-09-2017,laganvarghese@chad.com,6496527252,10
EMP04173,Divit Shanker,46,Male,Marketing,Marketing Manager,Diploma,163680,23,Delhi,17,Yes,1,1,2,3,62,2,21,15,20,4,1,Yes,"Poor Work Life Balance, Overtime, Low Job Satisfaction",09-01-2025,esarkar@yahoo.com,1050880147,15
EMP04174,Amira Kibe,48,Male,Operations,Supply Chain Analyst,Diploma,63253,19,Pune,35,Yes,3,5,3,4,11,0,3,6,0,5,2,No,Not Provided,12-05-2026,elachar@gmail.com,9556943740,8
EMP04175,Vanya Mall,33,Female,IT,Data Analyst,Masters,29671,7,Delhi,32,No,5,2,3,3,34,3,2,14,5,3,4,No,Not Provided,16-11-2019,yashvigrewal@yahoo.com,4283513582,8
EMP04176,Inaaya  Sawhney,26,Female,IT,Data Analyst,Diploma,165907,0,Bangalore,10,Yes,2,2,2,1,22,1,22,7,20,5,2,Yes,"Poor Work Life Balance, Overtime, Low Job Satisfaction",08-11-2020,aarna98@yahoo.com,7939247634,15
EMP04177,Aradhya Suresh,40,Female,Marketing,Content Strategist,Masters,154759,19,Hyderabad,21,Yes,4,2,1,5,61,5,6,11,1,3,3,No,Not Provided,04-12-2017,kchaudhuri@keer.com,2047975696,11
EMP04178,Kanav Shetty,40,Other,Operations,Operations Executive,MBA,106814,15,Pune,29,No,2,3,4,3,76,2,3,14,20,3,3,No,Not Provided,10-09-2023,hsathe@bandi.com,6052582782,8
EMP04179,Tushar Dar,46,Male,Customer Support,Customer Success Manager,Diploma,165918,18,Chennai,20,No,1,1,4,4,39,3,2,3,2,5,2,No,Not Provided,11-04-2025,yashvi71@bal-vasa.com,768819296,11
EMP04180,Kaira Bawa,32,Other,Sales,Sales Manager,Diploma,124436,12,Kolkata,15,No,2,3.039382866,3,5,50,9,20,2,13,4,5,No,Not Provided,20-08-2022,tchawla@yahoo.com,2314641369,8
EMP04181,Yakshit Anne,60,Male,Sales,Sales Manager,MBA,29948,30,Hyderabad,2,Yes,1,3,4,4,10,4,7,3,16,2,1,No,Not Provided,23-10-2024,kavyashetty@gmail.com,5942273038,5
EMP04182,Kanav Rajagopalan,53,Other,HR,HR Executive,MBA,133949,33,Kolkata,27,No,1,4,4,1,25,5,20,12,3,5,2,Yes,"Poor Work Life Balance, Manager Issues, High Stress",01-04-2025,neelofar12@yahoo.com,8432070374,13
EMP04183,Lakshit Dugal,34,Other,Customer Support,Support Executive,Diploma,54249,11,Kolkata,4,No,2,4,4,2,38,3,5,1,20,1,3,No,Not Provided,17-02-2020,raghavchana@aurora.com,7731177280,7
EMP04184,Jivika Chahal,22,Male,IT,BI Developer,Diploma,98807,0,Mumbai,2,No,1,3,4,4,0,4,21,10,1,3,4,No,Not Provided,13-09-2018,faiyazdevan@koshy.com,3712167180,5
EMP04185,Ivan Dave,48,Male,Sales,Business Development Associate,MBA,143871,28,Mumbai,21,No,2,2,4,4,60,5,25,5,13,3,5,No,Not Provided,29-06-2020,sodhiakarsh@sachdev.com,1517952133,8
EMP04186,Riya Raja,43,Other,IT,Software Engineer,Masters,168967,23,Noida,27,Yes,5,4,2,2,21,8,2,3,23,3,4,No,Not Provided,27-12-2018,Not Generated,8133183245,11
EMP04187,Vardaniya Bhasin,49,Male,IT,Software Engineer,Masters,157027,24,Delhi,24,No,5,2,1,5,3,1,21,5,16,4,4,No,Not Provided,03-05-2018,babuishaan@gmail.com,1433539277,8
EMP04188,Vivaan Sheth,58,Male,HR,HR Manager,MBA,131535,35,Kolkata,4,Yes,1,2,3,1,64,2,2,13,6,3,2,Yes,"Poor Work Life Balance, Overtime, Low Job Satisfaction",07-10-2017,sumer16@gmail.com,4791504487,14
EMP04189,Samaira Dass,24,Male,Sales,Business Development Associate,Bachelors,128855,0,Bangalore,33,No,2,4,3,3,2,9,2,12,9,2,5,No,Not Provided,28-02-2021,samashayak@gmail.com,3483361200,10
EMP04190,Oorja Dugar,29,Female,Customer Support,Support Executive,Diploma,114666,0,Mumbai,5,Yes,4,2,4,5,64,1,18,12,25,5,1,No,Not Provided,29-09-2017,baradarmaan@mandal.biz,7128640144,10
EMP04191,Anahi Dani,51,Female,Customer Support,Customer Success Manager,Bachelors,61020,28,Pune,15,No,1,5,2,3,8,3,3,10,17,1,1,No,Not Provided,19-07-2021,shenoymyra@hotmail.com,2258947293,9
EMP04192,Neelofar Mammen,36,Male,Customer Support,Customer Success Manager,Masters,178298,13,Chennai,8,Yes,1,2,5,2,33,7,9,10,21,5,3,Yes,"Poor Work Life Balance, Overtime, Low Job Satisfaction",25-12-2017,anviacharya@mani.net,3137761164,17
EMP04193,Faiyaz Koshy,35,Other,Sales,Sales Executive,Diploma,57108,10,Noida,20,No,1,4,3,2,34,8,15,9,3,4,2,No,Not Provided,27-06-2022,mannat73@khanna-bora.com,164361499,10
EMP04194,Divyansh Mannan,50,Male,HR,HR Manager,MBA,166520,23,Bangalore,28,Yes,5,3,2,2,12,9,9,9,25,3,4,No,Not Provided,05-11-2022,tsaran@gmail.com,108316728,9
EMP04195,Prerak Bail,39,Male,Customer Support,Customer Success Manager,MBA,93123,9,Kolkata,28,Yes,3,3,3,5,18,7,24,13,13,3,5,No,Not Provided,21-12-2017,piyakeer@gmail.com,808145288,7
EMP04196,Adira Viswanathan,47,Male,Finance,Accountant,Masters,32510,24,Noida,11,No,2,1,2,3,3,2,10,6,4,1,3,No,Not Provided,08-11-2022,regesuhana@garde.com,8036624933,8
EMP04197,Nayantara Sarkar,51,Male,Finance,Accountant,Diploma,78423,25,Hyderabad,17,No,1,3,2,1,69,0,5,1,6,3,3,No,Not Provided,05-01-2021,priyanshapte@yahoo.com,4585182493,9
EMP04198,Tanya Bhattacharyya,27,Other,Finance,Finance Manager,Bachelors,66400,4,Chennai,13,Yes,4,3,1,2,56,1,15,9,12,3,5,No,Not Provided,14-01-2021,navya97@sachdeva-lanka.com,4475760502,6
EMP04199,Navya Amble,40,Male,HR,Recruiter,Bachelors,95463,19,Hyderabad,18,No,4,2,4,3,56,7,0,14,2,3,5,No,Not Provided,25-04-2018,romilsachdev@mahal.com,7730997737,9
EMP04200,Adah Jhaveri,27,Female,HR,HR Executive,Diploma,145491,0,Hyderabad,14,No,1,5,5,5,5,5,15,3,16,5,1,No,Not Provided,07-05-2025,qarya@gmail.com,673243904,8
EMP04201,Ela Sant,40,Male,Marketing,SEO Specialist,MBA,64209,11,Hyderabad,30,No,5,2,2,5,21,8,18,15,11,4,4,No,Not Provided,16-03-2022,arnavtrivedi@gmail.com,2290052777,13
EMP04202,Ela Bail,23,Female,Operations,Operations Executive,Diploma,90613,0,Bangalore,6,Yes,3,5,5,1,2,9,23,8,23,2,4,No,Not Provided,05-09-2021,dararadhya@ramesh-cherian.info,8309814774,6
EMP04203,Jivika Shukla,54,Other,Operations,Supply Chain Analyst,Bachelors,54371,28,Hyderabad,22,No,2,2,5,3,53,2,16,8,2,2,2,No,Not Provided,20-04-2020,shamik85@banerjee-virk.net,6484748476,6
EMP04204,Krish Dhaliwal,28,Female,Operations,Operations Executive,MBA,85757,1,Noida,7,No,5,5,1,4,19,10,9,10,1,3,4,No,Not Provided,28-07-2023,rajagopalprerak@hotmail.com,3300515152,6
EMP04205,Abram Boase,37,Male,Customer Support,Customer Success Manager,MBA,98493,13,Hyderabad,17,No,5,2,4,4,72,10,20,14,9,1,3,No,Not Provided,08-10-2019,osharaf@dhaliwal.com,2909403415,7
EMP04206,Kashvi Goyal,42,Female,IT,BI Developer,MBA,53535,12,Kolkata,8,No,1,2,5,4,57,2,8,7,25,5,4,No,Not Provided,17-04-2025,bhatishaan@gmail.com,409479015,9
EMP04207,Ritvik Kunda,26,Other,Operations,Operations Executive,MBA,116255,0,Noida,16,Yes,3,4,3,5,17,6,16,4,19,2,5,No,Not Provided,28-01-2023,aryapihu@rout.com,5933803384,4
EMP04208,Vardaniya Khosla,24,Other,Operations,Supply Chain Analyst,Masters,127063,1,Kolkata,32,Yes,2,3,3,4,31,0,5,11,7,4,3,Yes,"Poor Work Life Balance, Overtime, High Stress",07-12-2025,xsandal@tara.com,9658639247,13
EMP04209,Chirag Buch,58,Other,Operations,Operations Executive,Bachelors,158946,38,Noida,16,No,5,2,2,4,19,3,20,8,11,2,5,No,Not Provided,01-03-2019,ksani@hotmail.com,8851113100,5
EMP04210,Kanav Hari,21,Female,Operations,Operations Executive,MBA,147926,0,Chennai,35,No,4,5,5,2,3,9,0,7,0,4,5,No,Not Provided,11-02-2023,chandransahil@gmail.com,6512799126,10
EMP04211,Vidur Lall,37,Female,Finance,Finance Manager,MBA,58362,14,Bangalore,8,No,4,2,5,4,10,8,6,10,20,4,2,No,Not Provided,17-07-2025,nityadash@hotmail.com,1327220847,10
EMP04212,Not Available,30,Male,Finance,Accountant,Diploma,111528,2,Hyderabad,26,Yes,4,1,3,4,61,4,10,3,5,5,4,No,Not Provided,06-05-2021,pihulala@bhattacharyya.com,8544360566,9
EMP04213,Mannat Bhardwaj,55,Other,HR,HR Manager,Diploma,96395,25,Hyderabad,23,Yes,1,2,5,2,54,4,15,5,15,3,4,No,Not Provided,18-02-2018,divyanshmaster@kaul.net,9604002248,10
EMP04214,Rati Krish,59,Other,Finance,Financial Analyst,MBA,85191,33,Mumbai,20,No,1,1,5,2,37,1,18,13,13,3,1,No,Not Provided,15-07-2024,tara18@sule.org,6556300532,10
EMP04215,Anika Singh,29,Female,Customer Support,Support Executive,Diploma,89399,0,Mumbai,6,Yes,2,1,5,4,30,6,16,15,4,3,2,No,Not Provided,14-11-2017,shrayrama@bhatti.com,9499443269,12
EMP04216,Advik Dalal,50,Female,Operations,Supply Chain Analyst,MBA,140872,30,Bangalore,32,Yes,3,1,5,4,55,4,4,11,22,3,1,No,Not Provided,27-03-2026,reyansh61@yogi.com,2007721112,10
EMP04217,Anaya Som,45,Female,Finance,Financial Analyst,Diploma,119148,25,Chennai,28,No,1,1,1,3,4,3,7,2,21,1,1,No,Not Provided,04-10-2016,elakshi57@shere.biz,5380262434,9
EMP04218,Indrajit Balan,42,Male,Sales,Sales Executive,Bachelors,35148,13,Hyderabad,23,No,4,1,3,3,66,9,9,15,8,4,2,No,Not Provided,12-06-2024,gbumb@hotmail.com,3564481480,10
EMP04219,Kashvi Majumdar,31,Female,Customer Support,Customer Success Manager,Diploma,85924,2,Hyderabad,37,Yes,3,5,5,2,53,5,9,7,19,4,4,No,Not Provided,01-12-2016,butalafaiyaz@sinha.org,1410414955,10
EMP04220,Keya Brar,54,Other,Operations,Operations Executive,Bachelors,88499,26,Kolkata,28,No,2,1,2,5,50,7,5,15,20,5,1,Yes,"Poor Work Life Balance, Low Job Satisfaction, High Stress",23-12-2016,raghavrajagopalan@yahoo.com,2098921725,18
EMP04221,Indrans Bajaj,30,Other,Marketing,SEO Specialist,MBA,143190,3,Noida,37,No,3,3,2,3,66,5,5,8,1,1,3,No,Not Provided,29-07-2024,dasskeya@yahoo.com,8402805603,7
EMP04222,Siya Ravi,29,Other,Customer Support,Customer Success Manager,MBA,145184,5,Chennai,31,Yes,4,2,4,5,76,6,25,12,13,5,4,Yes,"Overtime, Low Job Satisfaction, High Stress",28-12-2022,fbehl@gmail.com,1195693475,13
EMP04223,Shlok Atwal,41,Other,Operations,Operations Executive,Diploma,88084,15,Mumbai,31,Yes,1,1,2,1,12,1,21,3,25,3,2,No,Not Provided,02-02-2018,sdeshpande@batra.net,6917118124,13
EMP04224,Riaan Mall,26,Male,HR,Recruiter,Masters,74124,0,Chennai,39,Yes,4,3,5,3,50,9,3,6,25,1,3,No,Not Provided,29-09-2025,duttanirvaan@raval.com,682807064,7
EMP04225,Nitara Rau,37,Female,Sales,Sales Executive,Bachelors,173721,11,Chennai,40,No,3,1,5,4,1,4,2,2,9,4,1,No,Not Provided,20-06-2016,vermashamik@upadhyay-mani.biz,2393707898,9
EMP04226,Gatik Chawla,31,Female,Customer Support,Support Executive,Diploma,141072,7,Chennai,9,No,3,5,2,5,1,7,14,3,14,5,4,No,Not Provided,10-06-2022,behlalia@gmail.com,9682038968,7
EMP04227,Shanaya Wason,53,Female,HR,HR Executive,MBA,61449,25,Mumbai,31,Yes,5,5,4,5,60,9,2,4,24,1,5,No,Not Provided,05-02-2018,jbehl@shere.com,287667782,7
EMP04228,Saira Karpe,45,Male,Customer Support,Customer Success Manager,Bachelors,153123,25,Delhi,33,Yes,3,4,5,3,29,10,15,12,19,3,4,No,Not Provided,22-04-2023,evenkatesh@gmail.com,7492871479,7
EMP04229,Vedika Chaudry,28,Other,Operations,Operations Executive,MBA,107867,8,Kolkata,26,No,5,5,2,1,74,10,7,10,14,4,2,No,Not Provided,02-04-2023,tanya24@gmail.com,5413195482,12
EMP04230,Tanya Lal,39,Male,Customer Support,Support Executive,MBA,176761,16,Pune,28,No,5,2,5,1,58,9,7,6,22,2,3,No,Not Provided,06-07-2024,kapurmadhup@yahoo.com,7063733895,8
EMP04231,Ehsaan Sethi,27,Other,Finance,Financial Analyst,Diploma,158873,0,Chennai,9,No,3,5,2,4,37,4,17,12,19,5,2,No,Not Provided,26-09-2018,siyasangha@yahoo.com,8479554814,7
EMP04232,Hunar Raju,51,Female,Marketing,Content Strategist,MBA,91097,26,Kolkata,14,Yes,3,3,1,2,21,8,24,4,8,4,1,No,Not Provided,11-07-2021,charviagrawal@trivedi-savant.net,8496879035,11
EMP04233,Amani Gala,29,Male,Marketing,Marketing Manager,Diploma,116298,0,Pune,23,Yes,3,4,5,2,18,9,13,5,15,1,3,No,Not Provided,21-10-2022,kimaya86@vyas-ray.com,6407059530,6
EMP04234,Kimaya Sastry,57,Other,Sales,Sales Executive,Diploma,133422,27,Kolkata,16,Yes,1,3,3,4,73,4,2,8,18,2,3,No,Not Provided,26-05-2025,rviswanathan@bhatnagar-mani.com,6891992472,7
EMP04235,Dishani Som,49,Female,HR,Recruiter,Diploma,148512,26,Bangalore,6,No,1,4,3,5,78,6,1,1,11,2,5,No,Not Provided,13-07-2016,hrishita26@singh-gokhale.info,1429513294,7
EMP04236,Pari Dube,47,Female,Marketing,Marketing Manager,MBA,129523,17,Hyderabad,38,No,5,1,5,3,27,0,13,11,2,3,5,No,Not Provided,13-02-2018,nkeer@gmail.com,11286660,6
EMP04237,Kavya Bakshi,40,Male,Operations,Supply Chain Analyst,MBA,59992,10,Bangalore,10,Yes,3,4,5,3,68,3,12,14,9,3,4,No,Not Provided,07-04-2019,kaira37@yahoo.com,6525188609,4
EMP04238,Siya Bail,49,Female,Customer Support,Customer Success Manager,Diploma,34690,29,Chennai,38,No,3,5,3,3,62,7,13,2,5,2,4,No,Not Provided,14-07-2020,deolkiaan@gmail.com,3520728844,3
EMP04239,Not Available,58,Other,HR,HR Executive,Bachelors,56822,36,Mumbai,2,No,1,3,3,4,25,0,1,9,2,1,3,No,Not Provided,18-07-2025,taraelakshi@kakar.info,9846101691,5
EMP04240,Elakshi Dani,39,Male,IT,BI Developer,Bachelors,136530,9,Delhi,3,Yes,2,2,5,2,45,2,24,1,7,5,2,No,Not Provided,04-07-2020,nirvi64@singhal-bhasin.com,7220737610,13
EMP04241,Himmat Magar,60,Male,Customer Support,Customer Success Manager,Masters,122935,30,Kolkata,11,Yes,3,5,5,2,43,2,19,8,15,2,3,No,Not Provided,03-05-2021,anyatrivedi@desai.info,7060529894,4
EMP04242,Anaya Devi,43,Other,Sales,Sales Executive,MBA,125852,16,Bangalore,6,Yes,4,2,5,3,76,2,5,13,7,3,5,No,Not Provided,06-04-2018,maharajdamini@mall.com,4650476650,9
EMP04243,Ahana  Contractor,39,Female,Finance,Finance Manager,Diploma,29550,18,Hyderabad,39,No,5,5,1,3,66,5,19,10,5,1,3,No,Not Provided,01-05-2019,sramaswamy@trivedi.com,2588612463,7
EMP04244,Jivika Ramakrishnan,43,Male,Operations,Operations Executive,MBA,165023,21,Mumbai,16,No,4,2,5,5,58,9,23,8,24,5,1,No,Not Provided,27-11-2022,jchokshi@hotmail.com,1148945613,8
EMP04245,Mohanlal Madan,58,Female,Sales,Sales Manager,Bachelors,56436,35,Kolkata,18,No,4,2,3,3,51,1,15,9,25,1,2,No,Not Provided,27-02-2019,shethshray@yahoo.com,4264286067,3
EMP04246,Tushar Sangha,25,Other,Customer Support,Customer Success Manager,Diploma,164983,0,Kolkata,18,No,5,3,5,5,67,3,7,12,17,3,2,No,Not Provided,12-05-2017,ishaan45@ghose.com,417303327,2
EMP04247,Ritvik Dara,23,Other,HR,Recruiter,MBA,120806,0,Hyderabad,39,No,4,1,2,3,29,7,22,15,19,2,3,No,Not Provided,12-06-2020,baralaarna@kale.com,2872746203,10
EMP04248,Aarush Bir,30,Female,Customer Support,Support Executive,Masters,105978,4,Kolkata,1,No,1,4,5,5,50,0,7,15,2,2,3,No,Not Provided,08-12-2025,rlanka@bedi-rao.com,1814318382,5
EMP04249,Misha Chowdhury,42,Male,IT,Data Analyst,MBA,49804,14,Chennai,17,No,3,2,4,2,20,8,12,5,10,2,3,No,Not Provided,05-04-2021,bainshrishita@borde.net,4048167246,7
EMP04250,Yuvaan Agate,41,Female,HR,HR Executive,Bachelors,134611,16,Kolkata,17,Yes,4,3,2,5,78,3,8,1,0,3,4,No,Not Provided,22-07-2025,aarush18@gmail.com,7056270267,4
EMP04251,Lakshay Goda,56,Other,Sales,Sales Executive,MBA,135293,26,Kolkata,18,Yes,4,2,2,1,25,5,23,11,11,5,4,Yes,"Overtime, Low Job Satisfaction, Manager Issues",24-01-2020,grandhawa@shetty-rama.net,6996358713,16
EMP04252,Divij Dhar,30,Male,Operations,Supply Chain Analyst,MBA,113416,9,Noida,7,Yes,4,3,5,1,53,8,18,15,21,2,4,No,Not Provided,05-09-2025,baralnitya@ramesh.com,524995236,8
EMP04253,Faiyaz Chana,25,Male,IT,System Admin,MBA,49399,0,Bangalore,15,Yes,3,5,4,1,59,7,25,1,7,1,1,No,Not Provided,29-05-2025,reneesangha@shukla.com,3123995914,6
EMP04254,Nitara Bail,37,Male,Customer Support,Support Executive,MBA,152611,10,Kolkata,2,No,2,4,3,5,54,6,11,15,22,5,4,No,Not Provided,19-08-2020,iyerdivij@ramanathan.com,8454730655,10
EMP04255,Tara Maharaj,28,Other,Operations,Supply Chain Analyst,Masters,143521,1,Noida,11,Yes,5,3,2,2,31,5,0,6,5,1,5,No,Not Provided,24-05-2022,bensamaira@suri.com,1586753378,10
EMP04256,Madhup Aggarwal,49,Female,HR,HR Manager,Diploma,143996,20,Pune,5,No,4,2,2,2,21,0,2,12,3,4,1,Yes,"Low Job Satisfaction, Manager Issues, High Stress",10-10-2025,vaibhav59@gmail.com,3746661585,14
EMP04257,Aaina Varghese,31,Female,Sales,Sales Executive,MBA,157593,2,Noida,39,Yes,3,5,4,4,77,6,5,2,17,5,3,No,Not Provided,05-08-2016,rajanarhaan@hotmail.com,6822240130,10
EMP04258,Indrans Sankar,25,Male,Customer Support,Support Executive,Diploma,83509,0,Noida,10,Yes,3,3,3,4,17,8,16,6,18,4,5,No,Not Provided,03-10-2024,qdas@gmail.com,3480172333,7
EMP04259,Pihu Chandra,30,Female,Sales,Sales Executive,Diploma,50390,0,Kolkata,32,Yes,1,2,2,3,47,8,2,2,20,5,4,Yes,"Poor Work Life Balance, Overtime, Low Job Satisfaction",12-10-2024,lalltanya@yahoo.com,8883737033,18
EMP04260,Badal Atwal,43,Other,Sales,Sales Executive,MBA,92436,21,Delhi,12,No,3,5,2,4,55,2,12,3,10,5,1,No,Not Provided,25-10-2018,anaybhargava@chopra.com,3054515081,5
EMP04261,Anya Bhandari,44,Male,HR,HR Manager,Bachelors,107866.6344,18,Mumbai,16,No,1,4,3,5,66,8,17,3,18,5,2,No,Not Provided,29-10-2024,geramohanlal@gmail.com,7205416517,8
EMP04262,Aaina Chokshi,31,Other,Sales,Sales Executive,Masters,152310,11,Noida,31,No,2,5,1,2,8,5,9,6,17,2,3,No,Not Provided,02-12-2025,rania40@jha-bains.info,3341207069,10
EMP04263,Neysa Kuruvilla,34,Other,Sales,Sales Executive,Diploma,52782,5,Chennai,22,No,1,5,4,3,53,10,21,2,0,2,5,No,Not Provided,15-03-2023,mchandran@gmail.com,9561463330,5
EMP04264,Ehsaan Mall,30,Other,Not assigned,Data Analyst,Masters,97189,4,Bangalore,28,Yes,3,5,2,1,57,8,7,2,1,4,4,No,Not Provided,13-01-2026,kdani@gmail.com,7777512956,12
EMP04265,Indranil Bhardwaj,29,Other,Marketing,SEO Specialist,MBA,134285,2,Noida,27,No,4,2,5,4,73,10,0,11,3,2,1,No,Not Provided,17-10-2022,ryan38@gour-ramanathan.net,5471407710,10
EMP04266,Himmat Batta,50,Other,Customer Support,Customer Success Manager,Masters,114345,29,Pune,27,Yes,4,4,1,5,11,8,10,13,6,1,3,No,Not Provided,19-05-2018,xratti@gmail.com,3951749685,9
EMP04267,Eva Kaul,45,Female,Marketing,Marketing Manager,MBA,103187,20,Chennai,23,Yes,4,3,4,4,57,2,1,3,16,5,3,No,Not Provided,25-02-2020,nitarashetty@hotmail.com,2147094348,7
EMP04268,Kaira Chauhan,39,Male,Operations,Operations Executive,Masters,152109,16,Mumbai,33,No,2,4,4,2,15,6,6,2,1,3,4,No,Not Provided,28-12-2024,ganesanyuvraj@balan.com,7855750313,8
EMP04269,Sana De,44,Male,Customer Support,Support Executive,Bachelors,170713,16,Hyderabad,12,No,4,4,1,3,66,0,16,13,2,1,5,No,Not Provided,10-05-2017,krish87@yahoo.com,7438722478,4
EMP04270,Elakshi Shroff,27,Female,IT,Software Engineer,Bachelors,45868,0,Kolkata,5,No,4,4,5,5,70,2,10,11,22,1,4,No,Not Provided,04-03-2022,tailortara@yahoo.com,6711472515,2
EMP04271,Urvi Kota,54,Male,Customer Support,Support Executive,MBA,51917,32,Kolkata,9,Yes,1,4,3,1,30,0,9,2,13,4,5,No,Not Provided,15-01-2023,bahlraghav@bhandari.com,5112790342,10
EMP04272,Prerak Chada,55,Male,Marketing,Marketing Manager,Bachelors,139551,28,Chennai,24,Yes,2,1,1,5,52,9,18,14,16,5,2,Yes,"Poor Work Life Balance, Overtime, Low Job Satisfaction",09-12-2024,imahal@gmail.com,3299915133,17
EMP04273,Tiya Samra,58,Other,Marketing,Content Strategist,Diploma,39049,36,Noida,39,No,4,5,5,2,51,1,17,13,9,2,5,No,Not Provided,15-02-2022,bhatkismat@dara.com,9379134934,5
EMP04274,Jayan Soni,46,Female,Operations,Operations Executive,Diploma,156331,26,Mumbai,36,Yes,7,1,1,4,21,9,16,2,9,4,4,No,Not Provided,19-08-2016,gkota@yahoo.com,4238335558,13
EMP04275,Anya Taneja,52,Male,HR,Recruiter,Bachelors,165764,31,Mumbai,30,Yes,2,1,5,1,10,10,12,2,16,1,4,No,Not Provided,29-05-2017,bhallasahil@rout-bava.com,3978911606,13
EMP04276,Aayush Karpe,34,Female,IT,BI Developer,MBA,36245,7,Delhi,38,No,3,5,5,1,4,3,3,11,21,1,5,No,Not Provided,28-11-2020,Not Generated,2947912047,7
EMP04277,Rohan Ramakrishnan,46,Female,Sales,Business Development Associate,Diploma,65913,22,Noida,15,Yes,5,3,5,1,32,10,11,15,0,5,4,No,Not Provided,27-04-2023,dishanibhatt@goswami.org,1740878420,11
EMP04278,Ojas Chada,55,Other,HR,Recruiter,Diploma,140476,28,Bangalore,6,No,2,1,1,3,62,9,25,14,10,5,5,Yes,"Poor Work Life Balance, Low Job Satisfaction, High Stress",09-06-2023,saksham62@baral-saraf.com,754924089,15
EMP04279,Taimur Sidhu,58,Male,HR,HR Executive,Masters,122730,29,Delhi,20,Yes,2,3,5,2,74,10,19,1,11,1,1,No,Not Provided,27-04-2021,bzachariah@ravi.org,6527319941,9
EMP04280,Zoya Dash,51,Female,Sales,Sales Manager,Masters,27045,23,Kolkata,40,Yes,4,4,1,3,21,0,5,11,14,1,2,No,Not Provided,06-03-2017,nitara22@gmail.com,8989205806,9
EMP04281,Bhavin Wagle,55,Other,HR,Recruiter,MBA,117765,33,Pune,40,Yes,5,1,2,4,20,5,25,7,4,3,5,No,Not Provided,13-12-2023,wchakraborty@goyal-dora.com,8842765,10
EMP04282,Aarush Krishnan,45,Other,HR,Recruiter,MBA,43444,18,Pune,38,No,5,4,2,4,64,8,0,10,16,1,4,No,Not Provided,26-08-2016,sacharneelofar@vala.com,7741829181,9
EMP04283,Amira Kara,37,Male,Finance,Accountant,Diploma,121762,12,Kolkata,30,Yes,3,5,1,2,57,5,17,4,25,4,3,No,Not Provided,12-05-2026,deshmukhyasmin@gmail.com,2143792028,12
EMP04284,Tiya Goyal,47,Female,Sales,Sales Manager,MBA,133139,20,Noida,35,Yes,1,3,5,2,49,10,19,1,1,2,5,No,Not Provided,10-05-2020,saira26@deo.com,844600635,10
EMP04285,Manikya Sangha,35,Female,Sales,Sales Manager,MBA,66660,15,Bangalore,18,Yes,5,3,5,2,7,6,1,3,17,2,2,No,Not Provided,02-10-2025,saanviswaminathan@korpal-kaur.org,3589791217,8
EMP04286,Shalv Bhalla,54,Male,Finance,Finance Manager,Diploma,37895,32,Noida,32,Yes,2,2,5,2,55,6,2,1,17,3,2,Yes,"Poor Work Life Balance, Overtime, Low Job Satisfaction",10-01-2021,Not Generated,3043646417,15
EMP04287,Jayesh Devan,40,Other,Finance,Financial Analyst,Bachelors,44100,11,Bangalore,8,No,3,4,2,2,5,8,24,14,23,5,2,No,Not Provided,10-09-2025,uthkarshkumer@dutta.org,5465624436,11
EMP04288,Nirvi Garg,42,Male,Sales,Sales Executive,Bachelors,156360,17,Delhi,14,Yes,1,2,3,5,19,0,14,13,25,4,5,Yes,"Poor Work Life Balance, Overtime, Low Job Satisfaction",17-10-2019,wchaudhary@hotmail.com,8152453913,13
EMP04289,Indrajit Shanker,27,Female,Finance,Financial Analyst,MBA,151177,4,Delhi,28,No,3,4,2,5,35,7,25,10,25,1,5,No,Not Provided,27-12-2021,saanvisawhney@hotmail.com,9382833717,7
EMP04290,Neelofar Sawhney,56,Male,HR,HR Executive,Masters,76157,30,Chennai,15,No,3,5,5,4,63,2,21,7,20,3,2,No,Not Provided,06-12-2017,devanshchacko@gmail.com,8339273203,0
EMP04291,Jhanvi Suresh,35,Other,HR,Recruiter,Masters,108963,6,Delhi,26,No,4,5,4,4,7,1,14,4,9,2,5,No,Not Provided,29-03-2024,uganesan@goel.org,9821425030,1
EMP04292,Yuvraj  Sami,60,Female,Marketing,Marketing Manager,MBA,90864,40,Chennai,14,No,3,5,2,4,5,1,5,1,5,5,2,No,Not Provided,17-10-2018,navyamangat@yahoo.com,6813584540,7
EMP04293,Navya Babu,52,Male,HR,HR Executive,MBA,123990,30,Delhi,1,No,3,3,4,2,51,9,4,8,23,5,4,No,Not Provided,08-08-2019,amiradeshpande@dash-mane.info,6926921472,9
EMP04294,Navya Wali,39,Other,Sales,Sales Manager,MBA,177489,10,Delhi,22,Yes,2,3,3,3,26,9,23,13,3,2,1,No,Not Provided,17-09-2016,tiya57@sahni.com,3210965218,9
EMP04295,Baiju Madan,39,Other,IT,BI Developer,Masters,172035,18,Chennai,6,No,1,2,5,2,67,2,12,11,16,3,1,No,Not Provided,20-02-2023,nsur@gmail.com,7018851530,10
EMP04296,Nehmat Dyal,38,Other,HR,HR Executive,Bachelors,156636,11,Mumbai,15,No,3,3,1,3,78,3,22,1,4,2,4,No,Not Provided,23-03-2020,golahridaan@hotmail.com,1222662003,2
EMP04297,Sumer Gara,23,Female,Operations,Supply Chain Analyst,Masters,115216,0,Kolkata,22,Yes,4,5,3,5,36,8,16,7,18,2,4,No,Not Provided,02-01-2017,kavyamannan@gmail.com,1916386264,4
EMP04298,Mishti Shukla,53,Male,IT,BI Developer,Bachelors,93186,28,Chennai,28,No,5,2,1,1,29,7,20,1,11,2,3,No,Not Provided,05-10-2017,amblemamooty@andra.com,814419863,10
EMP04299,Gokul Kar,43,Female,Operations,Operations Executive,Masters,61684,18,Chennai,30,Yes,1,2,3,1,19,4,21,6,21,1,3,No,Not Provided,15-05-2021,devansh65@gmail.com,1188651261,11
EMP04300,Diya Rana,39,Male,Customer Support,Customer Success Manager,Diploma,101778,15,Chennai,27,No,4,4,1,5,47,1,8,7,16,2,2,No,Not Provided,07-11-2019,sundarammannat@buch.com,3010994658,3
EMP04301,Alisha Das,40,Female,Operations,Operations Executive,MBA,126602,10,Noida,17,No,4,2,4,4,17,0,19,11,2,2,2,No,Not Provided,13-06-2021,lokemamooty@sandhu.com,7782431763,5
EMP04302,Lakshay Varma,30,Male,IT,Software Engineer,Bachelors,43439,6,Kolkata,38,No,2,2,5,1,25,7,20,8,2,4,3,Yes,"Poor Work Life Balance, Low Job Satisfaction, Manager Issues",12-12-2025,shlok87@hotmail.com,2602685619,14
EMP04303,Dhanuk Sarna,48,Male,Customer Support,Customer Success Manager,Diploma,171947,22,Kolkata,1,Yes,1,1,2,3,5,3,10,11,20,1,5,No,Not Provided,06-06-2020,oorjaverma@chand-chacko.com,9628408270,12
EMP04304,Samaira Kale,30,Male,Customer Support,Customer Success Manager,Bachelors,38293,7,Chennai,39,No,5,3.039382866,1,2,53,8,17,13,22,1,3,No,Not Provided,17-09-2023,kanav46@yahoo.com,310939320,9
EMP04305,Mehul Chaudhuri,21,Male,HR,HR Executive,Diploma,54458,0,Delhi,3,No,2,1,2,5,6,0,25,7,21,4,5,No,Not Provided,15-07-2023,ravalanaya@dixit-tak.com,861324459,11
EMP04306,Jivin Chand,31,Other,Operations,Supply Chain Analyst,MBA,135543,3,Hyderabad,9,Yes,5,5,1,1,10,6,18,1,25,3,3,No,Not Provided,26-07-2021,ldave@hotmail.com,3757322832,8
EMP04307,Dishani Khosla,49,Other,Finance,Accountant,Diploma,147463,24,Kolkata,39,Yes,4,5,3,2,21,3,6,8,7,5,4,No,Not Provided,23-01-2025,Not Generated,7369835244,8
EMP04308,Reyansh Sankar,27,Male,Finance,Finance Manager,MBA,34719,3,Delhi,21,No,4,2,1,1,78,9,2,8,8,1,2,No,Not Provided,27-08-2021,ritvik25@divan.net,9499547947,11
EMP04309,Rohan Tiwari,60,Female,Customer Support,Customer Success Manager,MBA,117360,37,Hyderabad,12,Yes,4,3,2,1,3,0,6,7,20,4,5,No,Not Provided,30-01-2020,bakshiyashvi@gmail.com,786206069,9
EMP04310,Tiya Trivedi,23,Female,Finance,Accountant,Masters,67573,3,Delhi,2,Yes,5,5,5,1,11,9,21,9,10,5,2,No,Not Provided,12-12-2021,divitwagle@bath-bajaj.com,8267264382,9
EMP04311,Vaibhav Kumar,27,Male,Finance,Financial Analyst,Diploma,121352,3,Hyderabad,9,Yes,1,1,1,2,19,1,16,9,13,3,5,No,Not Provided,08-09-2016,dsavant@raj.com,940673391,12
EMP04312,Hiran Ravel,47,Female,Customer Support,Customer Success Manager,Diploma,69024,24,Pune,17,Yes,5,5,1,5,12,5,13,8,1,1,2,No,Not Provided,29-06-2024,mkhalsa@hotmail.com,714558376,6
EMP04313,Ivana Cheema,31,Other,Sales,Sales Manager,Bachelors,155025,1,Mumbai,10,No,3,4,1,2,27,0,22,6,24,3,3,No,Not Provided,15-10-2025,urvi77@gmail.com,4094653311,4
EMP04314,Aayush Walla,50,Male,Customer Support,Support Executive,Masters,136901,30,Noida,24,No,4,3,2,4,27,8,23,7,17,5,4,No,Not Provided,22-07-2019,venkateshkabir@gmail.com,8272059795,7
EMP04315,Divit Raju,28,Female,IT,System Admin,MBA,98411,3,Hyderabad,11,No,2,4,1,2,44,1,2,3,17,1,4,No,Not Provided,31-03-2017,ivanaiyer@ranganathan.com,260917018,9
EMP04316,Prisha Gill,58,Other,IT,Software Engineer,MBA,99693,38,Chennai,32,Yes,2,5,2,2,24,4,17,12,1,1,1,No,Not Provided,29-05-2025,aroratrisha@yahoo.com,3129127488,12
EMP04317,Vihaan Bala,24,Other,Marketing,SEO Specialist,Bachelors,122392,0,Pune,8,No,2,2,4,3,12,0,13,7,1,5,2,No,Not Provided,25-02-2026,sharafinaaya@jaggi.com,709300974,9
EMP04318,Aayush Devi,30,Female,IT,System Admin,Masters,50942,6,Chennai,23,Yes,2,4,1,3,63,0,3,8,24,3,4,No,Not Provided,21-11-2022,johalnayantara@swaminathan.com,205046069,9
EMP04319,Rohan Gour,34,Other,Sales,Sales Executive,MBA,133931,7,Mumbai,5,Yes,4,2,5,1,77,3,5,13,5,1,4,No,Not Provided,08-09-2024,lgour@bahri.com,3650887591,11
EMP04320,Sana Toor,27,Male,Marketing,SEO Specialist,Masters,94974,0,Bangalore,37,No,2,2,1,1,0,3,19,3,17,4,5,Yes,"Poor Work Life Balance, Low Job Satisfaction, Manager Issues",13-06-2016,kaurmyra@yahoo.com,4064945755,14
EMP04321,Piya Uppal,47,Male,Not assigned,Customer Success Manager,Bachelors,125266,23,Bangalore,5,Yes,4,2,1,4,56,5,7,6,4,5,3,No,Not Provided,12-10-2022,urvisarin@wagle.com,1329100281,12
EMP04322,Damini Sarkar,31,Female,Customer Support,Support Executive,Masters,68621,11,Pune,13,No,1,5,2,4,13,7,23,15,15,5,1,No,Not Provided,07-11-2020,parinaazsahota@gmail.com,2090403783,12
EMP04323,Zaina Chandra,37,Male,Customer Support,Support Executive,Diploma,85774,10,Kolkata,2,Yes,5,2,3,1,24,5,13,9,4,2,3,No,Not Provided,29-03-2025,veerkalla@krishna.net,6828072388,9
EMP04324,Dhanuk Date,40,Other,Customer Support,Customer Success Manager,Masters,77736,17,Mumbai,25,Yes,4,5,2,1,2,10,14,15,6,1,3,No,Not Provided,02-11-2020,odutt@gmail.com,1134590434,11
EMP04325,Pari Ahluwalia,57,Female,Customer Support,Support Executive,Diploma,163386,36,Delhi,14,No,3,5,3,5,80,5,12,15,17,5,1,No,Not Provided,30-03-2020,madankrish@hotmail.com,934420120,7
EMP04326,Tara Rama,29,Female,Marketing,Marketing Manager,Bachelors,38702,0,Kolkata,27,Yes,4,4,5,5,35,2,9,12,8,5,1,No,Not Provided,13-07-2016,diya50@gara-amble.com,3234288992,8
EMP04327,Purab Bhandari,35,Other,Finance,Recruiter,MBA,95806,13,Noida,2,No,2,4,4,2,54,0,12,3,14,3,3,No,Not Provided,25-10-2022,bhatiaadvik@agarwal.com,7012106927,5
EMP04328,Heer Zachariah,38,Male,Finance,Recruiter,Masters,87373,13,Noida,13,No,2,1,4,4,24,0,9,10,0,1,5,No,Not Provided,27-10-2017,madhav37@suresh.com,455200851,8
EMP04329,Amira Sathe,33,Male,Customer Support,Support Executive,Masters,143233,5,Mumbai,18,Yes,5,3,2,4,18,8,8,1,20,4,5,No,Not Provided,11-08-2020,yuvaan60@hotmail.com,3788799596,9
EMP04330,Vardaniya Basu,24,Male,IT,Software Engineer,Diploma,88376,0,Chennai,16,No,1,4,3,5,51,8,19,13,7,2,4,No,Not Provided,06-07-2018,qsaha@yahoo.com,9323203605,7
EMP04331,Nehmat Devan,54,Other,HR,HR Executive,Masters,35920,29,Kolkata,39,Yes,5,5,3,2,68,10,16,8,18,5,4,No,Not Provided,04-01-2018,Not Generated,9351039038,10
EMP04332,Eva Bakshi,32,Male,IT,BI Developer,MBA,106631,4,Delhi,7,Yes,4,1,5,4,0,10,23,10,9,5,3,No,Not Provided,08-01-2019,tiya71@mallick.com,8200581814,12
EMP04333,Jivin Talwar,44,Male,Sales,Sales Executive,Diploma,127279,19,Bangalore,17,Yes,4,4,5,2,75,1,6,9,25,4,5,No,Not Provided,21-08-2020,hridaanmalhotra@gmail.com,913235160,7
EMP04334,Manikya Bahri,44,Other,Sales,Business Development Associate,Bachelors,136788,20,Pune,23,No,2,4,1,5,66,1,12,14,1,5,3,No,Not Provided,24-05-2020,yuvraj-55@hotmail.com,1600437287,10
EMP04335,Neelofar Malhotra,28,Female,Customer Support,Customer Success Manager,Bachelors,52343,0,Delhi,40,No,4,5,3,4,42,0,24,15,8,2,3,No,Not Provided,17-11-2024,vedika68@yahoo.com,6805053270,3
EMP04336,Hansh Setty,51,Male,Operations,Supply Chain Analyst,Masters,177962,30,Hyderabad,38,No,1,1,4,5,15,5,4,1,21,5,3,Yes,"Poor Work Life Balance, Low Job Satisfaction, High Stress",19-01-2020,jrana@savant.com,4822121035,14
EMP04337,Vidur Dara,27,Other,Finance,Accountant,Bachelors,176997,0,Hyderabad,19,Yes,2,4,2,2,11,8,8,12,2,5,5,Yes,"Poor Work Life Balance, Overtime, Manager Issues",10-12-2022,bhaktadhanuk@garg.net,3335455675,16
EMP04338,Nayantara Sinha,57,Female,Customer Support,Customer Success Manager,Bachelors,84213,37,Kolkata,29,Yes,4,4,3,3,35,0,4,10,21,3,5,No,Not Provided,11-03-2020,ahana-96@yahoo.com,8893281119,7
EMP04339,Ishita Dugar,35,Other,IT,Data Analyst,Diploma,122047,6,Noida,27,Yes,2,2,1,5,73,1,19,2,1,2,5,No,Not Provided,05-08-2018,divit06@varty.com,4024409054,11
EMP04340,Kashvi Seshadri,42,Male,Operations,Operations Executive,MBA,110291,15,Hyderabad,23,Yes,4,3,1,3,39,2,2,1,0,3,5,No,Not Provided,30-09-2016,fshah@mand.com,2302822683,6
EMP04341,Bhavin Ghose,36,Other,IT,Data Analyst,Bachelors,118868,14,Noida,11,No,1,3,3,2,45,4,12,13,24,4,5,No,Not Provided,03-09-2025,rattaela@hotmail.com,9846158234,10
EMP04342,Chirag Comar,24,Male,Marketing,Marketing Manager,MBA,118061,0,Kolkata,9,No,1,3,3,4,58,6,10,11,25,5,1,No,Not Provided,18-11-2021,wratta@yahoo.com,2579756527,10
EMP04343,Hunar Chacko,25,Other,IT,System Admin,Bachelors,48073,4,Delhi,12,Yes,2,3,3,5,18,5,11,10,8,4,2,No,Not Provided,23-02-2021,reddygokul@basu-comar.org,7896125391,12
EMP04344,Taimur Trivedi,27,Male,Finance,Accountant,Bachelors,166599,6,Mumbai,12,Yes,5,3,4,2,47,8,14,5,22,4,4,No,Not Provided,16-06-2019,mtank@kaur.com,9249951628,9
EMP04345,Mannat Saxena,45,Other,Marketing,SEO Specialist,Bachelors,171817,22,Delhi,22,Yes,2,4,1,1,60,8,17,7,18,1,3,No,Not Provided,14-01-2025,qwarrior@wali.com,7158434070,11
EMP04346,Divyansh Chaudhry,40,Other,IT,Software Engineer,Masters,128154,20,Mumbai,35,No,2,2,3,5,28,10,18,13,1,3,4,No,Not Provided,05-11-2017,dalalmohanlal@yohannan-taneja.info,1604570163,11
EMP04347,Ehsaan Seshadri,32,Female,Operations,Supply Chain Analyst,Masters,124983,10,Delhi,18,No,4,1,5,4,50,0,19,8,10,2,5,No,Not Provided,14-04-2024,guptaela@hotmail.com,632792517,3
EMP04348,Bhavin Raja,47,Female,Sales,Sales Executive,Diploma,47563,23,Pune,4,Yes,3,2,3,5,19,3,22,4,20,5,5,No,Not Provided,16-05-2021,zeeshandora@dass-vaidya.biz,7408214749,8
EMP04349,Saanvi Gulati,53,Male,Finance,Financial Analyst,Bachelors,68619,23,Pune,17,Yes,2,4,5,1,29,6,12,12,17,3,2,No,Not Provided,04-11-2019,ritvikkannan@sura.info,1790763861,11
EMP04350,Umang Datta,44,Other,Customer Support,Support Executive,Masters,152055,14,Kolkata,10,Yes,2,4,1,3,51,8,11,13,12,5,2,Yes,"Poor Work Life Balance, Overtime, High Stress",25-05-2023,bordetejas@gupta.org,2141843167,14
EMP04351,Suhana Chatterjee,39,Other,Sales,Sales Executive,Bachelors,25952,11,Noida,19,No,5,4,5,5,32,6,10,10,12,1,1,No,Not Provided,30-01-2022,sandhutanya@hotmail.com,2307708323,4
EMP04352,Heer Kurian,35,Other,Marketing,SEO Specialist,MBA,33455,14,Bangalore,11,Yes,2,3,4,1,78,1,6,10,10,5,2,No,Not Provided,15-11-2025,skhurana@gmail.com,5936820078,12
EMP04353,Anya Kar,57,Other,Operations,Supply Chain Analyst,Masters,120259,33,Pune,20,Yes,1,5,4,2,57,0,19,4,8,1,3,No,Not Provided,17-07-2024,eshanisuri@jha-dave.org,4426123341,7
EMP04354,Purab Ratti,21,Male,Sales,Business Development Associate,Masters,51887,0,Noida,3,No,1,3,1,3,4,3,19,1,9,5,3,No,Not Provided,10-03-2021,qratti@hotmail.com,2328105107,8
EMP04355,Samar Dixit,52,Female,HR,HR Executive,Diploma,36185,26,Hyderabad,8,No,3,5,4,2,53,10,16,7,25,1,4,No,Not Provided,03-01-2019,shukladevansh@char.info,1120969411,4
EMP04356,Bhamini Chaudhry,26,Male,Sales,Business Development Associate,Diploma,54378,4,Kolkata,32,No,3,5,4,5,62,8,16,3,25,5,3,No,Not Provided,15-11-2018,veer94@gmail.com,545656884,6
EMP04357,Indrans Sankaran,33,Female,Finance,Financial Analyst,Diploma,160410,4,Bangalore,8,Yes,1,4,2,4,18,9,20,5,24,4,3,No,Not Provided,24-09-2020,anya57@kunda.net,6235833660,12
EMP04358,Saanvi Contractor,59,Male,Finance,Accountant,MBA,148581,31,Kolkata,25,No,1,2,4,5,30,3,20,3,5,2,2,No,Not Provided,14-10-2021,kashyapivana@yahoo.com,7992586723,7
EMP04359,Parinaaz Brahmbhatt,24,Male,HR,Recruiter,Diploma,152904,4,Bangalore,3,No,1,4,3,2,24,6,16,3,11,5,3,No,Not Provided,18-09-2023,krishvaidya@hotmail.com,2411008504,10
EMP04360,Badal Kothari,57,Male,Finance,Accountant,Masters,55981,33,Chennai,33,Yes,1,4,4,5,14,3,14,9,1,3,5,No,Not Provided,01-05-2022,iapte@hotmail.com,4475304770,6
EMP04361,Vardaniya Kala,33,Other,IT,Data Analyst,Diploma,178741,9,Delhi,13,Yes,2,5,4,3,9,4,13,11,0,3,2,No,Not Provided,10-09-2025,utata@yahoo.com,4795515193,7
EMP04362,Shayak Swamy,50,Other,Sales,Sales Manager,Bachelors,128769,24,Kolkata,3,Yes,5,2,1,3,28,9,7,8,5,5,4,No,Not Provided,10-06-2023,lakshitsachdeva@hotmail.com,1405080021,12
EMP04363,Pari Khare,37,Other,Operations,Supply Chain Analyst,Bachelors,157175,11,Noida,3,Yes,2,4,3,2,13,0,12,13,24,4,1,No,Not Provided,24-11-2020,shalv47@yahoo.com,4631664139,12
EMP04364,Lavanya Lad,46,Female,Customer Support,Customer Success Manager,Bachelors,147506,21,Delhi,11,Yes,3,5,4,1,6,5,13,12,2,1,2,No,Not Provided,17-06-2018,ranne@babu.com,2375494972,8
EMP04365,Pranay Golla,37,Female,Customer Support,Customer Success Manager,MBA,170834,12,Pune,12,No,4,4,2,2,11,3,12,12,7,1,1,No,Not Provided,18-10-2025,sachdevadharmajan@vala.com,8417390164,6
EMP04366,Dharmajan Kar,30,Male,Customer Support,Support Executive,MBA,59270,0,Pune,38,Yes,1,3,3,1,2,4,3,6,19,3,1,No,Not Provided,05-04-2023,geraanahita@iyengar.org,3106609589,10
EMP04367,Rati Sanghvi,32,Male,Operations,Operations Executive,MBA,97468,7,Pune,9,No,2,1,4,1,23,7,9,4,8,3,5,No,Not Provided,27-05-2021,jivikalala@barad.com,289318724,10
EMP04368,Neelofar Chakrabarti,49,Male,Customer Support,Support Executive,MBA,47910,26,Kolkata,9,No,2,2,4,2,73,7,13,10,18,5,3,Yes,"Poor Work Life Balance, Low Job Satisfaction, Manager Issues",12-09-2024,jiya69@gmail.com,2099566388,15
EMP04369,Not Available,53,Female,Sales,Sales Manager,Masters,89523,24,Delhi,25,No,5,2,1,2,75,9,17,4,6,5,5,Yes,"Low Job Satisfaction, Manager Issues, High Stress",30-10-2018,chadkrish@yahoo.com,9587163910,13
EMP04370,Arhaan Contractor,29,Other,Sales,Business Development Associate,Diploma,44815,2,Delhi,32,Yes,4,4,4,3,58,0,17,3,7,2,2,No,Not Provided,11-11-2021,seshadriveer@sethi.biz,4989456282,3
EMP04371,Heer Sarin,38,Female,HR,HR Executive,MBA,136916,17,Pune,11,No,5,5,3,3,46,6,25,3,18,1,4,No,Not Provided,02-12-2017,diyayadav@yahoo.com,9001005013,2
EMP04372,Anika Das,50,Female,Marketing,Marketing Manager,Bachelors,91816,25,Hyderabad,10,No,3,1,4,4,60,8,19,3,12,1,2,No,Not Provided,06-09-2021,ugade@yahoo.com,3800187353,5
EMP04373,Onkar Balasubramanian,55,Female,Marketing,SEO Specialist,Diploma,177424,26,Delhi,22,Yes,3,5,2,4,37,9,10,3,3,4,4,No,Not Provided,14-08-2023,ryanbali@yahoo.com,7342296190,9
EMP04374,Purab Borah,28,Other,HR,Recruiter,Masters,149010,5,Bangalore,34,No,3,5,2,2,67,3,4,8,13,2,5,No,Not Provided,27-03-2017,rbadal@agrawal.biz,8417144515,7
EMP04375,Yasmin Raj,22,Other,HR,HR Executive,Diploma,171972,0,Pune,8,Yes,4,3,3,1,30,5,3,2,7,3,2,No,Not Provided,01-12-2016,mehulborde@batta.org,4029877559,8
EMP04376,Shamik Bera,31,Male,HR,HR Manager,Bachelors,97004,10,Kolkata,29,No,3,1,2,2,4,8,25,13,15,3,5,No,Not Provided,27-06-2020,pahluwalia@taneja.com,9917209145,12
EMP04377,Seher Hari,32,Other,Finance,Accountant,Bachelors,67538,8,Kolkata,16,No,4,5,5,2,30,1,14,14,18,4,3,No,Not Provided,18-06-2019,rajagopalanoorja@deo.com,4070288071,7
EMP04378,Biju Dutt,60,Female,Sales,Sales Executive,MBA,141820,32,Hyderabad,31,Yes,1,1,5,1,3,2,15,6,11,2,3,No,Not Provided,02-01-2025,adviksule@saha.com,7591593231,11
EMP04379,Lakshay Balasubramanian,53,Male,Not assigned,Supply Chain Analyst,Diploma,146108,29,Kolkata,38,No,2,5,2,1,36,6,23,10,0,5,5,Yes,"Poor Work Life Balance, Manager Issues, High Stress",06-10-2017,kondasamaira@hotmail.com,3939992938,15
EMP04380,Chirag Lata,53,Other,Finance,Financial Analyst,Masters,29438,30,Kolkata,33,No,4,5,4,4,48,6,0,13,4,4,1,No,Not Provided,04-04-2017,ehsaanbhavsar@hotmail.com,7299489525,10
EMP04381,Uthkarsh Maharaj,24,Other,IT,Data Analyst,Bachelors,78448,1,Noida,34,No,1,2,1,2,59,2,22,1,17,5,2,Yes,"Poor Work Life Balance, Low Job Satisfaction, Manager Issues",04-08-2024,jdas@hotmail.com,3438390199,14
EMP04382,Reyansh Sibal,51,Other,Operations,Supply Chain Analyst,MBA,28417,23,Mumbai,12,Yes,1,1,4,3,67,1,2,7,15,4,2,Yes,"Poor Work Life Balance, Overtime, Low Job Satisfaction",13-09-2020,onkar30@yahoo.com,6110769688,13
EMP04383,Tara Sarin,37,Female,HR,HR Manager,Bachelors,29550,14,Pune,14,No,5,4,2,4,71,9,10,11,12,4,5,No,Not Provided,27-05-2020,advika06@gmail.com,4427087802,9
EMP04384,Sahil Luthra,36,Female,Marketing,Marketing Manager,Diploma,37399,10,Noida,11,No,3,4,5,5,28,5,24,1,13,4,5,No,Not Provided,05-05-2018,shray70@gala.info,4183490893,5
EMP04385,Eshani Lad,47,Female,IT,BI Developer,Diploma,134009,25,Kolkata,9,No,3,3,1,5,23,10,20,9,23,1,3,No,Not Provided,03-02-2019,charvi00@hotmail.com,9180847560,4
EMP04386,Armaan Garg,22,Other,Sales,Sales Manager,Bachelors,174142,0,Chennai,8,No,1,3,3,5,62,1,20,15,11,5,1,No,Not Provided,07-08-2025,tsule@ghosh.com,8238409492,8
EMP04387,Aradhya Gulati,39,Other,Finance,Accountant,Bachelors,83137,19,Delhi,23,Yes,5,1,5,5,45,5,14,4,22,2,1,No,Not Provided,04-09-2018,suhana42@ram-basak.info,4392049598,7
EMP04388,Aaina Yogi,38,Other,Marketing,Marketing Manager,MBA,101939,14,Kolkata,22,No,5,4,4,3,77,8,12,15,14,4,5,No,Not Provided,18-02-2018,wkhanna@wali.com,3670362032,7
EMP04389,Indrans Guha,50,Female,Sales,Sales Executive,MBA,122002,28,Hyderabad,24,Yes,1,2,5,5,23,9,3,11,10,4,3,Yes,"Poor Work Life Balance, Overtime, Low Job Satisfaction",03-02-2020,mamootybahri@karpe.com,9914684247,17
EMP04390,Hridaan Ganguly,54,Male,Finance,Financial Analyst,MBA,40869,26,Noida,26,No,2,2,5,3,50,9,16,13,6,5,4,Yes,"Poor Work Life Balance, Low Job Satisfaction, High Stress",21-09-2025,mangalkabir@gara.com,6222842534,14
EMP04391,Yakshit Tiwari,55,Male,Finance,Finance Manager,Diploma,47630,31,Mumbai,28,No,4,2,2,1,19,6,21,3,22,5,3,Yes,"Low Job Satisfaction, Manager Issues, High Stress",13-02-2024,kotabaiju@gmail.com,4662444281,13
EMP04392,Mehul Khanna,40,Female,Finance,Finance Manager,Bachelors,124094,18,Delhi,32,No,2,5,1,2,60,0,25,2,14,2,5,No,Not Provided,10-07-2018,ldhaliwal@bhagat-bawa.com,825501104,8
EMP04393,Badal Bhattacharyya,25,Other,Customer Support,Customer Success Manager,Bachelors,67137,5,Noida,7,Yes,1,2,1,3,0,1,14,13,1,2,1,No,Not Provided,20-07-2023,jayesh31@rajagopalan.org,4265842458,12
EMP04394,Lakshit Banik,35,Other,Finance,Finance Manager,MBA,175015,14,Kolkata,21,Yes,5,1,1,5,63,7,5,7,0,5,1,Yes,"Overtime, Low Job Satisfaction, High Stress",16-01-2020,kanavthakkar@gmail.com,556937347,14
EMP04395,Anaya Chahal,30,Male,Sales,Sales Manager,Masters,61268,9,Kolkata,31,Yes,3,3.039382866,5,1,13,0,3,5,23,1,3,No,Not Provided,13-03-2018,riaanbhakta@hotmail.com,7536744558,7
EMP04396,Aarav Behl,55,Female,Marketing,SEO Specialist,Diploma,119434,32,Noida,29,Yes,1,4,1,4,45,7,13,5,25,5,1,Yes,"Poor Work Life Balance, Overtime, High Stress",07-06-2023,ukalla@yahoo.com,1643513802,13
EMP04397,Madhup Badami,47,Female,Operations,Supply Chain Analyst,Bachelors,77995,24,Hyderabad,8,Yes,1,2,2,5,66,7,8,14,8,3,2,Yes,"Poor Work Life Balance, Overtime, Low Job Satisfaction",20-06-2018,ccheema@yahoo.com,4924372978,14
EMP04398,Drishya Rout,45,Other,IT,BI Developer,Bachelors,122988,21,Kolkata,9,Yes,5,1,3,2,1,9,7,3,8,3,5,No,Not Provided,17-11-2022,sairakalita@dhingra-grover.com,4613159518,9
EMP04399,Renee Madan,49,Male,Customer Support,Customer Success Manager,Bachelors,55930,26,Pune,7,Yes,4,5,2,4,42,2,17,3,0,5,5,No,Not Provided,19-01-2020,pihu65@yahoo.com,5505206664,7
EMP04400,Adah Sahni,52,Male,Operations,Operations Executive,MBA,143313,32,Pune,31,No,1,3,4,3,71,8,7,12,6,4,2,No,Not Provided,08-09-2016,nsinghal@kade.info,6879054814,11
EMP04401,Tejas Grover,35,Male,Operations,Operations Executive,MBA,168799,10,Mumbai,12,Yes,5,5,3,2,74,9,1,7,22,2,2,No,Not Provided,17-11-2019,gadenitya@yahoo.com,5528276727,8
EMP04402,Shalv Ravi,28,Female,Sales,Sales Manager,Diploma,25069,6,Noida,9,Yes,3,1,3,1,13,4,12,4,3,2,1,No,Not Provided,04-06-2024,oorja51@tank-dada.com,4587079673,7
EMP04403,Vedika Varghese,36,Other,Customer Support,Support Executive,Diploma,174813,12,Pune,1,No,1,2,1,2,4,7,7,11,2,4,3,Yes,"Poor Work Life Balance, Low Job Satisfaction, Manager Issues",16-05-2017,azad86@badami.biz,6316414621,17
EMP04404,Uthkarsh Sankar,27,Female,Customer Support,Support Executive,MBA,107319,5,Delhi,15,No,4,5,4,4,58,1,17,6,19,5,1,No,Not Provided,15-10-2016,swali@raj-basak.com,1442880460,3
EMP04405,Ojas Kuruvilla,45,Female,HR,HR Manager,Diploma,110778,22,Chennai,36,No,4,4,3,2,45,1,9,12,16,4,2,No,Not Provided,07-10-2020,heertalwar@gupta.info,2916851783,8
EMP04406,Jivika Date,29,Male,Operations,Supply Chain Analyst,Masters,51859,5,Delhi,35,Yes,4,3.039382866,5,4,26,10,13,4,15,4,1,No,Not Provided,27-06-2021,pdevan@char-sandal.com,8280217607,8
EMP04407,Ehsaan Sawhney,26,Other,HR,HR Manager,Bachelors,175277,0,Pune,17,Yes,1,5,1,2,6,2,0,1,17,1,2,No,Not Provided,04-10-2025,bhandarivivaan@hotmail.com,246038080,11
EMP04408,Hrishita Dyal,30,Female,Operations,Operations Executive,Masters,77321,1,Mumbai,39,No,5,2,2,1,6,0,10,7,16,5,1,No,Not Provided,09-02-2023,vmand@badami.org,3560234989,11
EMP04409,Stuvan Mahal,34,Male,Marketing,SEO Specialist,Bachelors,148073,10,Bangalore,12,No,5,3,5,1,25,8,25,15,24,4,2,No,Not Provided,12-05-2019,sara88@hotmail.com,7987547150,9
EMP04410,Kiaan Das,42,Female,Operations,Operations Executive,Masters,50887,18,Hyderabad,1,Yes,4,5,4,2,20,0,10,12,18,1,4,No,Not Provided,10-09-2018,khoslaanika@gmail.com,7617597290,6
EMP04411,Nitya Ravi,41,Male,Operations,Supply Chain Analyst,Bachelors,29296,11,Noida,31,Yes,1,4,5,4,43,3,23,15,14,5,1,No,Not Provided,13-01-2026,rattanhrishita@chakraborty-devi.net,6252423290,11
EMP04412,Darshit Bhavsar,57,Male,Finance,Accountant,Bachelors,121048,28,Hyderabad,5,Yes,3,1,4,1,77,5,1,4,3,1,3,No,Not Provided,08-06-2020,aaina04@bora-dhar.com,2636924102,11
EMP04413,Saanvi Zacharia,39,Female,Operations,Supply Chain Analyst,Masters,170790,10,Noida,19,Yes,1,3,1,2,10,4,5,5,3,2,5,No,Not Provided,11-11-2025,alia85@hotmail.com,5291460546,11
EMP04414,Kiaan Varughese,25,Female,Operations,Supply Chain Analyst,Diploma,78855,0,Kolkata,20,No,3,2,2,2,1,6,18,3,1,3,2,No,Not Provided,22-04-2023,chaudhurinirvaan@kapoor-sabharwal.com,1565172287,9
EMP04415,Mishti Choudhury,56,Other,Finance,Accountant,Masters,124494,29,Kolkata,18,Yes,3,5,1,2,6,9,24,4,18,5,1,No,Not Provided,16-11-2016,Not Generated,2962315442,11
EMP04416,Riya Deol,52,Other,Finance,Financial Analyst,MBA,126760,30,Hyderabad,9,No,3,4,5,4,26,10,14,6,18,4,4,No,Not Provided,02-03-2022,jivin86@saraf.com,4363111581,5
EMP04417,Mohanlal Vala,55,Other,Finance,Financial Analyst,Diploma,92030,29,Mumbai,10,Yes,4,5,1,3,45,9,11,11,22,4,1,No,Not Provided,19-06-2018,swagle@chad.org,3263701219,11
EMP04418,Mamooty Kar,25,Male,Customer Support,Support Executive,Masters,103672,2,Mumbai,11,Yes,2,3,2,3,68,2,11,2,10,5,3,No,Not Provided,03-06-2021,lbarad@jani.com,4023703747,10
EMP04419,Anahita Bajaj,56,Female,Sales,Sales Manager,Diploma,89656,33,Bangalore,3,No,5,5,2,3,13,4,19,2,7,5,4,No,Not Provided,05-02-2020,kahluwalia@gmail.com,5783897285,5
EMP04420,Urvi Ahluwalia,46,Male,Sales,Sales Manager,Bachelors,140206,18,Kolkata,12,No,3,5,5,1,43,7,15,13,12,2,2,No,Not Provided,08-03-2020,mannandhanuk@hotmail.com,9586193893,6
EMP04421,Onkar Anne,37,Other,Customer Support,Customer Success Manager,Masters,149092,9,Pune,14,Yes,4,1,1,3,22,10,8,13,1,1,5,No,Not Provided,16-10-2016,varghesedamini@hotmail.com,514937823,11
EMP04422,Keya Shenoy,21,Male,Finance,Finance Manager,Masters,164916,0,Kolkata,26,No,4,1,3,5,78,1,8,14,12,1,4,No,Not Provided,12-02-2024,goswamisaira@mahal-chad.com,2704325176,6
EMP04423,Ryan Sangha,49,Other,Sales,Business Development Associate,Diploma,28854,28,Mumbai,14,Yes,4,2,1,2,69,2,4,12,16,2,4,Yes,"Overtime, Low Job Satisfaction, Manager Issues",18-04-2017,brahmbhattshray@sandal.com,5522200511,13
EMP04424,Kabir Mammen,29,Male,Operations,Operations Executive,Bachelors,94530,0,Chennai,33,No,4,3.039382866,4,5,51,5,12,8,8,5,1,No,Not Provided,20-04-2026,riaan07@dugal.com,9479902023,6
EMP04425,Drishya Vig,56,Male,Sales,Sales Manager,Bachelors,64375,33,Bangalore,13,Yes,2,4,1,4,17,5,14,11,21,5,3,Yes,"Poor Work Life Balance, Overtime, High Stress",13-01-2025,mehul96@shanker.com,9882547363,14
EMP04426,Umang Agate,49,Male,Customer Support,Support Executive,MBA,155427,21,Chennai,22,Yes,3,5,3,2,0,2,25,5,6,1,3,No,Not Provided,22-09-2019,jayantsubramaniam@dugal.com,3670961058,4
EMP04427,Indranil Sahni,27,Other,Marketing,Content Strategist,Masters,94283,4,Pune,12,No,5,5,5,2,72,3,24,1,17,5,2,No,Not Provided,06-12-2017,jaggarwal@bakshi-krishnamurthy.biz,6930520257,5
EMP04428,Kartik Kohli,52,Other,Operations,Supply Chain Analyst,Diploma,161096,32,Delhi,1,No,4,2,2,3,66,9,9,6,12,3,3,No,Not Provided,21-05-2023,cchar@hotmail.com,6484682628,7
EMP04429,Kashvi Tandon,51,Male,Marketing,Marketing Manager,Bachelors,143645,24,Delhi,2,Yes,3,3,5,1,13,8,22,4,18,4,5,No,Not Provided,01-05-2020,riaanatwal@hotmail.com,9752558520,9
EMP04430,Shamik Sahni,50,Male,Sales,Sales Manager,Masters,107275,23,Noida,2,Yes,4,5,1,2,71,0,24,8,17,3,1,No,Not Provided,14-06-2018,gvora@wason.net,1328967956,6
EMP04431,Mamooty Bose,35,Other,Customer Support,Customer Success Manager,Bachelors,87458,5,Pune,25,Yes,1,5,3,4,53,4,16,14,16,1,1,No,Not Provided,22-11-2016,jhaverivritika@gmail.com,4443818574,8
EMP04432,Heer Deo,24,Other,IT,Data Analyst,MBA,75048,0,Bangalore,20,No,3,4,5,5,44,5,6,3,24,2,5,No,Not Provided,23-01-2023,gatik57@bora.com,3374368239,2
EMP04433,Zaina Sheth,21,Male,HR,HR Executive,Bachelors,70926,0,Noida,39,Yes,4,1,3,2,15,6,17,1,25,2,3,No,Not Provided,12-06-2022,kimayashroff@gmail.com,2436360153,10
EMP04434,Onkar Andra,30,Female,Sales,Business Development Associate,Diploma,125281,2,Hyderabad,9,No,1,5,4,4,36,2,19,12,18,3,3,No,Not Provided,05-01-2019,viswanathananaya@yahoo.com,2512063826,5
EMP04435,Nirvaan Wali,57,Male,Operations,Supply Chain Analyst,Diploma,114628,30,Mumbai,22,Yes,3,5,5,5,14,2,21,8,3,1,3,No,Not Provided,02-10-2022,reyansh00@gmail.com,4102796871,2
EMP04436,Tanya Gulati,46,Female,Finance,Finance Manager,Masters,57105,24,Pune,21,Yes,1,2,4,3,9,3,22,6,2,1,4,No,Not Provided,01-12-2021,mannetejas@wali.org,475279748,8
EMP04437,Aniruddh Dua,42,Female,Operations,Supply Chain Analyst,MBA,67778,15,Mumbai,17,No,4,1,1,2,28,4,8,2,17,5,5,No,Not Provided,07-10-2023,taralall@gmail.com,5978505274,10
EMP04438,Siya Jain,39,Male,Sales,Business Development Associate,Masters,105068,9,Mumbai,24,No,4,2,1,4,23,10,21,7,18,3,5,No,Not Provided,22-11-2025,kgara@gmail.com,2353721201,7
EMP04439,Jiya Dara,39,Male,IT,Software Engineer,Diploma,116600,15,Mumbai,27,No,2,1,1,3,53,4,9,10,24,5,5,Yes,"Poor Work Life Balance, Low Job Satisfaction, High Stress",10-01-2021,vritika40@rastogi-hayre.biz,7251364184,14
EMP04440,Kashvi Srinivasan,34,Male,Sales,Sales Executive,Bachelors,82460,6,Chennai,10,Yes,3,2,5,4,70,7,11,8,6,3,3,No,Not Provided,13-04-2022,varugheseishita@bansal-karpe.net,9802356073,7
EMP04441,Kismat Rana,27,Male,IT,BI Developer,Bachelors,122631,0,Hyderabad,33,No,3,3,2,1,10,8,21,3,7,1,4,No,Not Provided,11-04-2021,alia58@gmail.com,7046420802,7
EMP04442,Nayantara Babu,22,Female,HR,HR Executive,Bachelors,40005,0,Noida,20,Yes,4,1,1,4,49,5,13,15,18,3,1,No,Not Provided,14-09-2023,charvi17@vohra.com,1640766019,11
EMP04443,Raunak Saxena,30,Other,Finance,Financial Analyst,Diploma,79312,2,Mumbai,17,No,4,4,1,5,59,3,17,9,14,2,2,No,Not Provided,08-07-2024,taimurgara@yahoo.com,1475885306,2
EMP04444,Zaina Desai,23,Male,Customer Support,Support Executive,Diploma,83344,1,Pune,31,Yes,2,2,3,1,43,1,7,15,6,1,3,Yes,"Poor Work Life Balance, Overtime, Low Job Satisfaction",12-03-2021,balansamar@yahoo.com,7101915735,13
EMP04445,Anay Bora,43,Female,IT,System Admin,MBA,167945,20,Bangalore,17,No,2,3,5,1,69,6,2,4,5,3,3,No,Not Provided,13-04-2017,xshetty@sanghvi.com,1351709787,9
EMP04446,Anya Kari,57,Male,Finance,Accountant,Diploma,154090,32,Bangalore,29,Yes,2,2,5,5,31,5,9,4,12,1,1,No,Not Provided,01-06-2025,kashvi89@yahoo.com,1064662163,11
EMP04447,Abram Kar,39,Female,Operations,Operations Executive,MBA,91935,16,Chennai,30,Yes,1,2,5,3,39,0,0,4,9,5,5,Yes,"Poor Work Life Balance, Overtime, Low Job Satisfaction",19-10-2022,dbhargava@hotmail.com,177925067,14
EMP04448,Farhan Loke,43,Other,Operations,Operations Executive,Bachelors,129003,15,Kolkata,36,No,4,5,5,3,80,5,20,11,13,4,5,No,Not Provided,25-12-2016,zeeshan76@hotmail.com,3255881190,8
EMP04449,Pari Bahl,43,Other,IT,Data Analyst,Bachelors,106213,23,Noida,20,No,4,5,1,1,54,10,3,1,16,1,3,No,Not Provided,02-06-2016,hridaandua@shere.com,9366631014,8
EMP04450,Not Available,32,Male,Marketing,Content Strategist,MBA,176703,8,Delhi,34,Yes,5,3,1,1,4,0,20,10,10,2,4,No,Not Provided,13-01-2023,salvipranay@bera.com,9102212763,9
EMP04451,Ivana Acharya,51,Male,Sales,Sales Executive,Bachelors,141891,23,Hyderabad,2,Yes,4,1,1,2,75,7,4,9,0,3,1,Yes,"Overtime, Low Job Satisfaction, Manager Issues",16-04-2017,siya39@yahoo.com,6408187975,13
EMP04452,Aniruddh Garde,39,Female,Marketing,SEO Specialist,Masters,117663,9,Hyderabad,7,No,3,4,4,5,36,4,9,5,23,3,5,No,Not Provided,22-06-2021,arajan@suri.org,6385333818,0
EMP04453,Kismat Hans,32,Female,IT,Data Analyst,Diploma,159892,12,Pune,5,No,2,2,4,1,20,7,21,13,20,4,5,Yes,"Poor Work Life Balance, Low Job Satisfaction, Manager Issues",02-11-2022,charvi69@tella.com,4918924747,15
EMP04454,Ranbir Sandhu,45,Male,Marketing,Marketing Manager,MBA,128494,25,Chennai,34,No,1,1,5,3,3,0,9,13,9,4,1,No,Not Provided,28-04-2018,bhaminibera@mannan.biz,7909692192,12
EMP04455,Stuvan Rama,23,Female,IT,BI Developer,Bachelors,91735,2,Bangalore,29,Yes,1,1,1,4,80,9,22,6,8,3,3,Yes,"Poor Work Life Balance, Overtime, Low Job Satisfaction",17-08-2024,gatikkakar@gmail.com,2767488604,13
EMP04456,Raunak Madan,59,Male,IT,Data Analyst,Masters,60049,39,Chennai,6,Yes,3,3,4,3,29,0,2,9,2,2,2,No,Not Provided,20-02-2025,eshani99@gmail.com,3982687863,4
EMP04457,Rasha Talwar,45,Male,IT,System Admin,MBA,31169,15,Chennai,10,Yes,3,4,5,2,6,8,18,14,10,2,3,No,Not Provided,14-01-2020,kapurarhaan@som.com,9415043860,8
EMP04458,Lakshay Singhal,30,Other,Operations,Operations Executive,MBA,77052,4,Chennai,37,Yes,4,4,3,2,45,6,13,14,10,3,5,No,Not Provided,27-02-2018,usolanki@banerjee.com,124930511,9
EMP04459,Ryan Saha,55,Male,IT,BI Developer,Masters,47544,27,Pune,5,No,2,3.039382866,5,5,17,5,15,8,24,3,5,No,Not Provided,28-04-2019,vidurkata@chopra.biz,661439798,5
EMP04460,Raghav Mall,33,Female,Operations,Operations Executive,Bachelors,50206,4,Kolkata,20,Yes,1,1,1,5,5,4,5,7,6,2,3,No,Not Provided,31-07-2020,jjoshi@hotmail.com,5866495514,12
EMP04461,Rania Goyal,45,Female,Operations,Operations Executive,Diploma,91603,24,Hyderabad,23,No,1,3,1,5,62,4,12,7,23,5,4,No,Not Provided,06-12-2021,navyasehgal@ahuja.com,6560513844,8
EMP04462,Diya Soman,37,Male,Finance,Finance Manager,Bachelors,105507,17,Hyderabad,7,Yes,3,3,1,3,12,7,18,8,15,5,1,No,Not Provided,08-04-2025,badalmanne@chopra-doshi.biz,1246976356,9
EMP04463,Pranay Ravel,41,Other,Sales,Business Development Associate,Bachelors,142175,20,Pune,4,Yes,1,4,1,4,70,4,10,10,17,5,1,No,Not Provided,05-08-2021,rasha30@gandhi.com,9237928977,12
EMP04464,Akarsh Kota,49,Male,Finance,Accountant,MBA,35262,29,Bangalore,30,Yes,2,3,5,3,60,10,16,8,17,4,4,No,Not Provided,26-11-2025,dhruvbhagat@hotmail.com,6746938048,11
EMP04465,Rania Yogi,52,Male,IT,System Admin,MBA,88627,25,Pune,31,No,1,3,5,2,37,1,2,7,20,4,5,No,Not Provided,05-05-2019,dchokshi@guha-aggarwal.net,3551824053,11
EMP04466,Ishaan Upadhyay,49,Other,Customer Support,Support Executive,Diploma,56943,19,Delhi,19,Yes,4,5,4,4,18,3,5,8,22,3,5,No,Not Provided,20-01-2022,mamootydhaliwal@mangal.com,8622611299,4
EMP04467,Zara Ratti,42,Other,Finance,Finance Manager,MBA,102279,16,Kolkata,20,Yes,1,2,4,1,64,2,0,11,25,4,3,Yes,"Poor Work Life Balance, Overtime, Low Job Satisfaction",04-09-2020,zara78@mann-chakrabarti.com,4281774642,17
EMP04468,Shanaya Singhal,30,Other,HR,Recruiter,Diploma,131257,9,Bangalore,2,Yes,2,5,5,5,66,2,16,6,10,2,2,No,Not Provided,16-02-2022,trisha54@gmail.com,5469064957,5
EMP04469,Kashvi Dhar,42,Other,Marketing,Marketing Manager,Diploma,149255,16,Kolkata,33,Yes,3,5,1,3,46,3,9,11,22,3,2,No,Not Provided,20-02-2024,jhanvigole@swaminathan-mani.info,7212535541,7
EMP04470,Nitya Mand,53,Other,Operations,Supply Chain Analyst,Diploma,146269,24,Pune,22,No,5,3,3,1,64,4,25,2,2,4,3,No,Not Provided,15-11-2024,keya75@sheth-suresh.biz,7245046784,5
EMP04471,Damini Chaudhari,53,Female,IT,Data Analyst,Bachelors,27613,33,Kolkata,2,No,2,4,3,1,10,3,6,7,9,5,1,No,Not Provided,07-08-2023,schadha@zachariah.com,4532296335,8
EMP04472,Aaryahi Yadav,55,Male,IT,BI Developer,Diploma,77428,29,Hyderabad,20,Yes,1,5,4,1,56,6,1,10,1,2,2,Yes,"Poor Work Life Balance, Overtime, Manager Issues",07-01-2019,taranbakshi@yahoo.com,209058785,13
EMP04473,Vidur Varkey,43,Female,Sales,Sales Executive,Diploma,98630,18,Noida,3,No,4,1,4,5,35,9,10,7,4,5,4,No,Not Provided,15-08-2025,rania24@sagar.info,9342379594,8
EMP04474,Myra Dhar,26,Other,Operations,Supply Chain Analyst,MBA,110583,6,Chennai,15,No,2,3.039382866,3,5,76,8,21,4,5,4,5,No,Not Provided,08-10-2017,oorja15@baral.com,9809260518,8
EMP04475,Nayantara Kashyap,45,Other,Marketing,SEO Specialist,Bachelors,144967,16,Pune,12,No,5,2,3,3,62,2,15,15,22,2,1,No,Not Provided,27-07-2025,evachad@desai.com,3123133130,5
EMP04476,Badal Das,59,Female,HR,Recruiter,MBA,160968,35,Bangalore,30,Yes,2,1,5,3,44,10,0,12,14,1,2,Yes,"Poor Work Life Balance, Overtime, Low Job Satisfaction",02-07-2024,Not Generated,2535143535,15
EMP04477,Shalv Jani,37,Other,Sales,Sales Manager,Diploma,117262,7,Delhi,18,No,2,1,1,4,72,9,2,13,1,2,1,Yes,"Poor Work Life Balance, Low Job Satisfaction, No Promotion",29-10-2018,tanya52@yogi.com,1268617173,14
EMP04478,Arhaan Sen,54,Male,IT,System Admin,Bachelors,114137,30,Bangalore,33,No,2,3,4,5,16,7,8,5,0,1,4,No,Not Provided,29-01-2023,psekhon@gmail.com,8866371928,6
EMP04479,Bhavin Swaminathan,45,Female,IT,SEO Specialist,Bachelors,81670,18,Hyderabad,14,Yes,3,5,5,1,71,2,0,13,14,4,5,No,Not Provided,08-07-2021,jayeshsengupta@gmail.com,5370576064,11
EMP04480,Renee Sahota,47,Female,Operations,Operations Executive,Masters,155530,26,Noida,4,Yes,3,4,1,4,53,6,10,10,0,3,3,No,Not Provided,29-05-2019,ysrivastava@kala.com,487804538,8
EMP04481,Eva Buch,38,Other,Sales,Sales Manager,Bachelors,76389,8,Kolkata,28,No,4,2,4,1,36,7,22,6,18,5,4,No,Not Provided,01-07-2024,baiju57@viswanathan.com,1318515497,11
EMP04482,Purab Bir,51,Female,Marketing,Content Strategist,Diploma,125619,27,Mumbai,28,Yes,2,2,5,1,49,0,13,11,22,4,2,Yes,"Poor Work Life Balance, Overtime, Low Job Satisfaction",11-06-2025,lgoel@babu.com,1315432947,16
EMP04483,Pihu Bhatti,35,Female,Customer Support,Customer Success Manager,Bachelors,36890,14,Noida,24,Yes,2,1,5,2,61,5,12,7,1,2,5,No,Not Provided,31-07-2018,kmandal@samra.biz,6559111391,12
EMP04484,Umang Gokhale,39,Other,Marketing,Content Strategist,MBA,80758,17,Pune,3,No,4,2,4,2,51,5,11,9,13,4,3,No,Not Provided,04-04-2023,kiaan76@chakraborty.com,5077276373,10
EMP04485,Devansh Bedi,60,Male,Finance,Accountant,MBA,129599,37,Kolkata,11,Yes,4,4,5,3,77,9,10,8,13,4,2,No,Not Provided,01-05-2020,shayak50@hotmail.com,4458249171,7
EMP04486,Mehul Rana,47,Female,IT,Data Analyst,MBA,128048,21,Delhi,17,No,4,4,3,2,22,3,0,8,8,5,3,No,Not Provided,06-10-2023,mjha@hotmail.com,6331556754,7
EMP04487,Manjari Hayer,54,Other,Not assigned,Customer Success Manager,Diploma,100369,26,Bangalore,28,Yes,5,3,5,4,46,8,2,1,2,2,2,No,Not Provided,24-07-2019,aarush19@hotmail.com,1714667961,7
EMP04488,Saira Bal,32,Male,IT,Data Analyst,MBA,178332,2,Chennai,8,No,2,2,2,2,76,2,18,10,20,3,5,No,Not Provided,01-02-2022,yzacharia@aggarwal.com,1580063240,12
EMP04489,Tarini Bhatti,33,Female,Sales,Sales Manager,Bachelors,155381,7,Pune,33,Yes,5,1,4,2,57,1,9,11,12,1,4,No,Not Provided,02-04-2026,krajagopal@gmail.com,4459377070,10
EMP04490,Anika Gaba,60,Male,Finance,Finance Manager,Diploma,105616,32,Delhi,29,No,3,5,2,1,6,9,9,8,24,3,1,No,Not Provided,11-07-2016,shalvbajaj@garde.info,1747479051,7
EMP04491,Anahi Dhawan,49,Female,IT,BI Developer,Masters,70309,25,Mumbai,18,Yes,2,2,5,1,29,1,8,12,24,5,1,Yes,"Poor Work Life Balance, Overtime, Low Job Satisfaction",12-09-2019,suhana39@kala.com,5035979398,15
EMP04492,Raunak Sunder,53,Male,HR,HR Executive,Masters,40086,30,Kolkata,24,Yes,3,3,2,4,9,10,25,1,21,5,5,No,Not Provided,06-08-2019,ayeshajain@gmail.com,257829645,9
EMP04493,Alia Dave,50,Female,Customer Support,Customer Success Manager,Masters,57273,25,Bangalore,7,Yes,1,5,2,4,23,9,16,1,24,1,2,No,Not Provided,30-09-2024,kaira80@gmail.com,589533132,9
EMP04494,Vidur Vala,53,Other,Sales,Business Development Associate,MBA,57803,33,Mumbai,36,No,4,4,2,2,53,9,6,14,18,1,5,No,Not Provided,23-04-2024,gmangal@yahoo.com,712001088,9
EMP04495,Armaan Das,54,Male,Customer Support,Support Executive,Bachelors,111037,34,Mumbai,1,No,5,4,3,3,51,10,12,9,9,3,5,No,Not Provided,09-01-2022,somanzain@mandal-thaman.com,7014312799,2
EMP04496,Gatik Kala,44,Other,Operations,Operations Executive,Masters,154853,16,Noida,17,Yes,2,3,3,5,37,9,20,13,7,5,3,No,Not Provided,25-10-2019,farhankibe@gmail.com,7409806037,12
EMP04497,Vihaan Soni,54,Female,IT,BI Developer,Diploma,101812,27,Hyderabad,18,No,2,1,4,4,15,1,12,4,3,4,3,No,Not Provided,03-06-2019,kismattalwar@contractor-bhatti.com,1126831578,9
EMP04498,Dhruv Barad,43,Male,Marketing,Content Strategist,Bachelors,154383,20,Delhi,26,Yes,1,4,4,3,3,5,19,4,18,1,2,No,Not Provided,16-05-2022,nayantarabajaj@gmail.com,6833646758,8
EMP04499,Mohanlal Kulkarni,28,Female,Finance,Finance Manager,Masters,72466,3,Pune,33,No,1,5,4,2,54,1,8,13,15,1,3,No,Not Provided,08-01-2020,ntiwari@taneja.org,9122995371,8
EMP04500,Onkar Mangat,35,Other,Operations,Operations Executive,Diploma,87961,13,Kolkata,25,No,5,5,4,4,12,6,25,9,1,4,2,No,Not Provided,13-07-2024,chirag22@gmail.com,1805236223,6
EMP04501,Kavya Seth,36,Other,Marketing,Marketing Manager,Diploma,101170,8,Bangalore,12,No,2,4,5,4,20,9,13,8,5,4,5,No,Not Provided,27-11-2018,myra56@maharaj.com,5465302018,8
EMP04502,Riaan Rastogi,36,Female,Marketing,Content Strategist,Bachelors,92111,6,Pune,11,No,3,1,5,2,45,1,9,14,2,4,3,No,Not Provided,01-08-2021,indraniltank@sinha.com,6863915129,10
EMP04503,Alia Keer,46,Female,IT,Data Analyst,Diploma,111955,17,Kolkata,12,Yes,3,5,5,2,39,5,23,15,14,3,5,No,Not Provided,12-03-2021,groverchirag@kota-ganguly.com,8817975682,8
EMP04504,Arhaan Sridhar,45,Other,Marketing,SEO Specialist,Bachelors,31067,18,Kolkata,12,Yes,3,5,5,5,20,2,2,4,13,4,5,No,Not Provided,24-08-2017,sinhavidur@edwin-bora.net,1697740458,7
EMP04505,Vritika Karnik,44,Other,Marketing,Content Strategist,MBA,30744,17,Delhi,7,No,1,5,2,2,43,9,5,12,9,3,5,Yes,"Poor Work Life Balance, Manager Issues, No Promotion",17-04-2021,shenoyoorja@gmail.com,4527015114,13
EMP04506,Chirag Sura,49,Female,Sales,Sales Executive,Diploma,56660,20,Bangalore,26,No,2,2,1,4,23,8,2,14,21,5,1,Yes,"Poor Work Life Balance, Low Job Satisfaction, High Stress",02-03-2023,varughesefaiyaz@gmail.com,8992248360,18
EMP04507,Ishaan Chatterjee,53,Male,Operations,Operations Executive,Bachelors,66668,23,Delhi,40,Yes,1,1,3,1,79,1,8,7,19,2,1,No,Not Provided,31-08-2024,wdevan@gmail.com,9504975572,11
EMP04508,Shamik Sibal,17,Male,Marketing,SEO Specialist,Bachelors,70855,25,Noida,16,Yes,5,1,4,3,8,4,17,2,19,1,1,No,Not Provided,23-07-2023,zara04@malhotra.info,7490383476,5
EMP04509,Aaryahi Grewal,75,Other,Finance,Accountant,Bachelors,114791,6,Mumbai,20,No,5,2,4,5,29,5,11,9,10,5,5,No,Not Provided,02-11-2017,rati26@gmail.com,4805583350,8
EMP04510,Nitara Balan,25,Other,Operations,Supply Chain Analyst,Bachelors,26360,0,Pune,17,No,5,3,5,4,1,0,8,14,22,1,2,No,Not Provided,08-06-2021,gabarati@yahoo.com,1231912814,2
EMP04511,Mannat Khatri,25,Female,Finance,Accountant,MBA,178211,0,Pune,8,No,2,1,4,4,20,1,24,6,23,4,2,No,Not Provided,14-02-2024,cjani@anand-yadav.net,9234818448,9
EMP04512,Darshit Yogi,60,Other,HR,HR Manager,MBA,48040,40,Chennai,7,No,2,5,3,4,25,2,2,7,23,2,2,No,Not Provided,08-07-2021,ibanik@som.com,1236796956,5
EMP04513,Pranay Doctor,48,Female,Finance,Financial Analyst,Diploma,167339,18,Hyderabad,12,No,3,1,1,1,49,9,9,15,14,3,1,No,Not Provided,19-10-2023,joshinitya@chaudhuri.com,4574957856,11
EMP04514,Amira Bains,23,Other,Operations,Operations Executive,MBA,151341,2,Pune,8,No,4,5,1,2,25,8,9,5,18,5,5,No,Not Provided,31-01-2022,rkarnik@rao.com,49418596,9
EMP04515,Taran Bir,47,Female,IT,System Admin,Diploma,68958,23,Delhi,5,No,4,3,5,2,28,6,19,10,2,2,1,No,Not Provided,24-07-2018,madhupvarughese@hotmail.com,3671397039,6
EMP04516,Lavanya Gopal,58,Other,Finance,Finance Manager,Bachelors,127681,36,Hyderabad,39,No,2,4,2,5,50,1,2,5,1,3,5,No,Not Provided,27-02-2022,aainadhawan@sagar.biz,6395633006,8
EMP04517,Advik Dhillon,31,Female,Sales,Sales Executive,Masters,34431,3,Delhi,38,Yes,4,3,5,5,31,7,12,5,21,2,1,No,Not Provided,27-07-2018,advik90@sarraf.biz,2442308905,5
EMP04518,Shalv Babu,49,Male,Customer Support,Support Executive,Diploma,156651,27,Mumbai,4,No,2,4,5,5,1,4,3,3,25,2,1,No,Not Provided,23-01-2019,chaudryrania@madan-issac.com,5593973856,5
EMP04519,Tushar Issac,31,Male,Finance,Financial Analyst,Masters,131958,6,Kolkata,4,No,1,5,4,1,19,10,7,11,22,4,5,No,Not Provided,13-01-2026,sairaravi@sachdev-sahni.com,7056515496,12
EMP04520,Shaan Gala,25,Male,IT,System Admin,Masters,126257,0,Pune,12,No,5,1,5,2,20,6,4,2,6,5,4,No,Not Provided,29-09-2019,grewaljhanvi@yahoo.com,2168498012,12
EMP04521,Yashvi Bhagat,29,Other,Operations,Operations Executive,Diploma,41269,4,Mumbai,13,Yes,3,3,4,5,74,3,9,9,10,1,5,No,Not Provided,24-01-2018,aniruddh96@sami.info,540602580,2
EMP04522,Kashvi Bassi,35,Male,IT,Software Engineer,Masters,69703,15,Chennai,14,Yes,3,4,2,3,48,1,15,10,23,1,1,No,Not Provided,08-01-2018,kanavkakar@mani-sastry.com,8466459813,6
EMP04523,Nishith Mall,31,Other,IT,Data Analyst,MBA,81552,6,Kolkata,1,Yes,3,3,3,4,45,3,2,3,13,4,2,No,Not Provided,12-08-2017,jmangat@soni.biz,3440475382,7
EMP04524,Aaina Saraf,24,Male,HR,HR Manager,Diploma,61266,0,Noida,37,Yes,4,1,3,2,17,5,6,13,18,5,1,Yes,"Overtime, Low Job Satisfaction, Manager Issues",16-01-2025,kumerira@yahoo.com,6676358576,15
EMP04525,Zeeshan Tata,26,Male,Finance,Accountant,Masters,123420,0,Pune,10,Yes,3,4,2,1,65,2,1,8,22,2,2,No,Not Provided,02-03-2017,varora@srinivas-guha.info,6085672478,8
EMP04526,Ehsaan Sodhi,35,Other,Sales,Sales Manager,Bachelors,81701,13,Hyderabad,25,Yes,4,4,3,5,40,1,1,3,14,5,2,No,Not Provided,14-04-2023,iben@sastry.com,5261186075,8
EMP04527,Vaibhav Tata,57,Female,Sales,Sales Manager,MBA,123672,28,Chennai,18,Yes,5,4,3,5,48,3,13,11,7,3,1,No,Not Provided,16-01-2026,bawaadvika@date.net,9665746417,4
EMP04528,Romil Aurora,35,Other,HR,HR Executive,MBA,122257,11,Hyderabad,37,No,3,4,5,3,15,9,1,13,1,1,5,No,Not Provided,17-12-2016,seher07@gmail.com,1428905229,7
EMP04529,Saksham Kuruvilla,49,Male,Operations,Supply Chain Analyst,Diploma,50757,26,Bangalore,8,No,1,4,4,2,37,10,3,12,5,2,4,No,Not Provided,30-09-2017,baiju44@yahoo.com,3659979357,11
EMP04530,Alisha Mall,39,Female,Operations,Supply Chain Analyst,Bachelors,71085,11,Bangalore,7,Yes,5,5,5,2,51,5,18,14,11,5,3,No,Not Provided,04-01-2018,latavritika@bansal.com,1768177673,11
EMP04531,Ritvik Badal,58,Female,HR,HR Executive,Diploma,167300,35,Pune,36,Yes,2,5,5,1,45,10,2,14,3,4,2,Yes,"Poor Work Life Balance, Overtime, Manager Issues",13-12-2016,xrana@korpal.com,2997544144,17
EMP04532,Advik Joshi,26,Female,Marketing,Marketing Manager,Bachelors,38676,3,Pune,26,Yes,1,2,3,1,28,5,22,11,3,5,5,Yes,"Poor Work Life Balance, Overtime, Low Job Satisfaction",06-02-2017,kalanavya@agarwal.com,3662827550,18
EMP04533,Eshani Mander,35,Female,Finance,Accountant,Masters,171458,14,Bangalore,19,Yes,3,5,2,3,41,9,7,12,5,1,3,No,Not Provided,12-08-2016,vravel@bhat.com,8711376568,8
EMP04534,Seher Sura,48,Male,Operations,Supply Chain Analyst,Diploma,100196.4006,23,Noida,31,No,5,2,2,2,3,9,4,2,16,2,3,No,Not Provided,08-09-2024,jiya05@kannan-sharma.biz,2381660254,12
EMP04535,Advika Chada,59,Other,Finance,Accountant,Masters,110655,30,Chennai,24,No,2,3,2,2,7,8,5,10,0,4,5,Yes,"Poor Work Life Balance, Manager Issues, High Stress",25-02-2019,aayushthakur@hotmail.com,687939075,16
EMP04536,Nitara Saraf,41,Female,Operations,Operations Executive,Diploma,73793,17,Noida,5,No,4,1,4,2,57,0,5,12,21,2,3,No,Not Provided,15-01-2017,wallarasha@yahoo.com,8298261968,9
EMP04537,Anahi Raj,50,Male,Finance,Accountant,Masters,82073,23,Mumbai,22,Yes,1,3,5,4,68,1,15,13,6,5,1,No,Not Provided,19-02-2020,emir71@mander.com,9717965322,10
EMP04538,Heer Hans,42,Male,Customer Support,Support Executive,MBA,32972,13,Bangalore,32,No,5,2,2,5,59,10,2,14,4,2,4,No,Not Provided,17-02-2026,gkapoor@subramaniam.info,5106902655,12
EMP04539,Keya Virk,27,Female,Operations,Supply Chain Analyst,Diploma,66922,5,Noida,17,No,3,1,5,1,66,7,0,9,9,1,1,No,Not Provided,03-11-2019,walizeeshan@gmail.com,2568607996,9
EMP04540,Samar Bail,34,Other,Finance,Accountant,Bachelors,169586,5,Bangalore,13,Yes,5,2,4,2,69,6,13,6,2,4,2,No,Not Provided,14-05-2017,dattaadvika@dhaliwal.com,3081145850,12
EMP04541,Advik Bhat,47,Other,Finance,Accountant,Diploma,55500,18,Mumbai,2,No,4,2,5,2,48,0,4,8,15,2,1,No,Not Provided,04-12-2018,bmandal@bhatti.com,9591634276,7
EMP04542,Indranil Sankar,45,Other,Marketing,Content Strategist,MBA,111348,19,Mumbai,40,No,2,3,1,3,76,6,21,11,1,2,1,No,Not Provided,06-02-2017,reyansh88@chand.com,6711737238,10
EMP04543,Rania Uppal,42,Other,Sales,Business Development Associate,Bachelors,150164,15,Bangalore,26,No,5,4,5,4,48,9,13,3,18,4,1,No,Not Provided,08-01-2025,urvi42@bal.com,8799679573,6
EMP04544,Anaya Sahota,29,Other,Sales,Sales Executive,Masters,162036,8,Hyderabad,21,Yes,5,2,1,5,67,2,12,4,9,3,3,No,Not Provided,18-04-2021,boasedhruv@khare-chanda.net,7712469651,7
EMP04545,Tarini Manne,36,Other,IT,BI Developer,Bachelors,143520,7,Chennai,1,Yes,3,1,3,2,12,3,5,3,7,2,3,No,Not Provided,29-03-2024,suhana43@gmail.com,9359057503,9
EMP04546,Siya Ravi,42,Male,Operations,Supply Chain Analyst,Bachelors,155389,14,Delhi,33,No,2,1,2,4,30,7,10,8,19,5,1,Yes,"Poor Work Life Balance, Low Job Satisfaction, High Stress",10-04-2025,mannatshetty@aurora.biz,4372690230,14
EMP04547,Hrishita Chahal,47,Male,HR,Recruiter,Masters,98813,27,Hyderabad,38,Yes,4,2,5,1,62,10,1,1,8,2,3,No,Not Provided,14-08-2016,rattiayesha@bakshi.biz,579708342,12
EMP04548,Veer Baria,57,Male,IT,System Admin,MBA,88708,29,Chennai,28,Yes,2,3,2,3,39,2,25,10,3,1,1,No,Not Provided,25-03-2020,neysadubey@gmail.com,1061592017,10
EMP04549,Kavya Kashyap,53,Male,Operations,Operations Executive,MBA,144865,32,Bangalore,16,Yes,1,5,2,3,33,0,22,8,17,5,1,No,Not Provided,19-06-2016,prerak40@sibal-dalia.com,3118816910,10
EMP04550,Riaan Wason,43,Male,Operations,Operations Executive,Masters,74629,19,Noida,1,No,1,2,3,1,38,5,10,10,24,5,4,Yes,"Poor Work Life Balance, Low Job Satisfaction, Manager Issues",30-01-2020,rajaabram@yahoo.com,1162037527,15
EMP04551,Misha Khatri,35,Female,Finance,Financial Analyst,Bachelors,127789,7,Kolkata,6,No,1,5,5,3,77,6,7,6,22,2,3,No,Not Provided,02-12-2018,jkeer@gmail.com,2853547698,5
EMP04552,Mehul Bhardwaj,21,Other,Customer Support,Customer Success Manager,Bachelors,80095,0,Noida,14,Yes,2,4,5,1,42,10,10,9,18,2,2,No,Not Provided,17-08-2023,mkhosla@balan.com,7038877553,9
EMP04553,Parinaaz Bhavsar,60,Other,Marketing,SEO Specialist,Bachelors,179360,34,Pune,38,Yes,1,5,1,1,59,0,17,2,4,1,4,No,Not Provided,08-06-2024,annehimmat@bhattacharyya-agrawal.org,6968041222,10
EMP04554,Amira Rau,39,Male,Marketing,SEO Specialist,Diploma,166388,17,Kolkata,9,Yes,2,2,1,1,52,6,12,5,17,2,3,Yes,"Poor Work Life Balance, Overtime, Low Job Satisfaction",04-08-2020,vedikasridhar@gmail.com,1049013759,14
EMP04555,Vardaniya Basu,22,Other,Finance,HR Manager,MBA,68669,0,Delhi,22,No,2,1,3,4,56,5,14,9,1,5,4,No,Not Provided,28-09-2016,sethamani@gmail.com,5095648710,11
EMP04556,Inaaya  Wali,25,Male,Finance,Finance Manager,Masters,143857,0,Kolkata,8,Yes,5,5,4,1,15,2,10,3,12,3,2,No,Not Provided,24-09-2018,bhargavariya@bala.com,4582602622,4
EMP04557,Anahi Garde,39,Other,Finance,Financial Analyst,Bachelors,25075,10,Delhi,19,Yes,3,5,4,5,19,9,9,11,0,3,3,No,Not Provided,24-05-2016,balakrishnanelakshi@gmail.com,5919662901,6
EMP04558,Renee Char,41,Male,Customer Support,Support Executive,MBA,34831,12,Chennai,22,No,2,4,3,3,73,0,18,3,11,2,2,No,Not Provided,15-11-2017,urviupadhyay@yahoo.com,9376298642,3
EMP04559,Vardaniya Upadhyay,36,Female,Operations,Operations Executive,Diploma,40358,6,Delhi,39,No,4,4,3,5,42,1,19,4,20,5,3,No,Not Provided,24-10-2018,sethifateh@mand.com,819453316,4
EMP04560,Hridaan Agrawal,56,Other,HR,Recruiter,Masters,174977,36,Delhi,35,No,1,5,1,1,40,0,8,14,21,3,3,No,Not Provided,20-10-2022,Not Generated,2408668257,10
EMP04561,Zoya Ravel,42,Female,Finance,Finance Manager,Masters,81167,21,Mumbai,22,No,5,1,1,3,80,6,2,12,5,1,3,No,Not Provided,13-04-2023,samijayan@khosla.com,1867776260,11
EMP04562,Inaaya  Doctor,31,Male,IT,System Admin,MBA,170621,6,Kolkata,7,Yes,4,5,5,4,76,6,7,1,6,3,3,No,Not Provided,17-07-2016,kalakartik@vala.biz,7765449438,4
EMP04563,Nirvi Sahota,36,Female,IT,Software Engineer,Diploma,68057,10,Chennai,38,No,4,3,3,1,9,1,17,9,24,5,3,No,Not Provided,28-07-2017,chackopihu@kakar-aurora.com,8592558890,6
EMP04564,Miraan Kanda,24,Male,IT,System Admin,Masters,137963,0,Hyderabad,8,No,4,1,3,3,12,1,11,15,0,2,2,No,Not Provided,17-02-2018,chaudrymiraan@balakrishnan.com,418551107,5
EMP04565,Saira Kara,59,Female,Sales,Sales Executive,MBA,113844,38,Mumbai,38,No,1,5,4,4,9,4,3,6,14,3,3,No,Not Provided,26-04-2023,ishita59@hotmail.com,4978460643,6
EMP04566,Aaryahi Bhalla,39,Other,Customer Support,Support Executive,Bachelors,115023,19,Chennai,32,No,2,1,5,4,61,8,12,8,15,5,1,No,Not Provided,29-04-2020,daravardaniya@baral-goel.com,355826655,12
EMP04567,Samiha Venkatesh,24,Female,Finance,Accountant,MBA,164039,1,Kolkata,36,Yes,3,4,1,4,71,8,22,2,15,1,3,No,Not Provided,26-09-2017,saanvichauhan@yahoo.com,5028388471,7
EMP04568,Umang Shere,28,Male,HR,Recruiter,Bachelors,137748,3,Mumbai,14,No,4,1,5,5,4,7,3,4,8,5,1,No,Not Provided,07-09-2018,apteivan@gokhale.org,2514710283,10
EMP04569,Jayesh Handa,37,Male,Sales,Sales Manager,Diploma,82576,16,Bangalore,36,No,5,1,2,2,61,2,19,4,20,2,2,No,Not Provided,17-01-2017,divijvenkatesh@sunder.com,7312269892,8
EMP04570,Pranay Wason,53,Other,IT,BI Developer,Masters,150548,28,Bangalore,17,Yes,1,5,4,2,21,9,24,7,17,2,3,No,Not Provided,01-05-2017,hunarjani@yahoo.com,4981321898,9
EMP04571,Emir Rana,25,Male,Finance,Finance Manager,Bachelors,80216,4,Delhi,22,Yes,3,5,4,5,44,4,16,8,2,4,1,No,Not Provided,17-03-2023,anneheer@mangat.com,1687195155,5
EMP04572,Ritvik Raja,31,Other,Customer Support,Support Executive,Diploma,81127,7,Delhi,36,No,3,4,1,5,34,0,18,4,17,3,5,No,Not Provided,19-09-2020,fbal@gmail.com,6287750237,3
EMP04573,Jivin Borra,25,Male,Operations,Supply Chain Analyst,Masters,121724,0,Kolkata,11,No,5,2,2,1,62,10,9,10,19,5,1,Yes,"Low Job Satisfaction, Manager Issues, High Stress",01-10-2025,Not Generated,5485783034,14
EMP04574,Pranay Mammen,30,Other,Not assigned,HR Manager,Bachelors,125302,6,Bangalore,9,No,4,4,1,2,36,3,3,6,16,1,2,No,Not Provided,19-09-2019,zaina48@gmail.com,1229378678,6
EMP04575,Amira Sule,45,Other,IT,BI Developer,Diploma,35727,19,Hyderabad,5,Yes,4,3,2,2,60,8,23,1,25,3,5,No,Not Provided,06-07-2017,chadmadhup@hotmail.com,3025730846,8
EMP04576,Samaira Borah,17,Female,Sales,Business Development Associate,Masters,146154,36,Pune,22,Yes,1,2,4,1,34,4,16,11,25,2,3,No,Not Provided,05-05-2018,raunakshenoy@khatri.org,894796030,12
EMP04577,Diya Dara,31,Other,Customer Support,Support Executive,MBA,93329,11,Bangalore,11,Yes,4,2,2,3,47,9,0,9,9,2,2,No,Not Provided,22-12-2022,sana37@bakshi.com,487618028,11
EMP04578,Adira Bala,34,Male,Customer Support,Support Executive,Diploma,155340,12,Pune,20,No,5,3,2,2,79,9,22,9,8,5,1,No,Not Provided,19-11-2025,kavya99@subramanian.com,6310725627,9
EMP04579,Aradhya Sem,52,Female,Marketing,Content Strategist,Bachelors,149390,23,Bangalore,8,No,2,5,4,4,14,5,8,1,3,1,1,No,Not Provided,29-04-2022,sawhneytara@agrawal-tata.com,6311365348,5
EMP04580,Shaan Suri,32,Female,IT,BI Developer,MBA,56796,3,Kolkata,7,No,4,3,4,1,49,7,3,10,8,4,2,No,Not Provided,28-02-2017,ehsaanwadhwa@balay-kunda.com,7201144670,11
EMP04581,Miraya Bedi,36,Other,Sales,Business Development Associate,Masters,27007,13,Pune,31,No,1,1,2,1,57,1,10,12,20,1,5,Yes,"Poor Work Life Balance, Low Job Satisfaction, Manager Issues",14-09-2017,keerivana@chhabra.com,3561444793,13
EMP04582,Prisha Zachariah,35,Male,Finance,Finance Manager,Bachelors,45816,13,Mumbai,38,No,3,3,1,1,27,7,17,8,3,3,2,No,Not Provided,30-01-2019,dateahana@sood-anne.net,1991804150,7
EMP04583,Hunar Sastry,53,Female,IT,Data Analyst,Bachelors,103490.3855,28,Chennai,39,No,1,1,1,4,18,5,2,6,23,3,3,Yes,"Poor Work Life Balance, Low Job Satisfaction, No Promotion",02-01-2020,elakshi22@hotmail.com,7993863955,13
EMP04584,Rasha Goswami,48,Female,Customer Support,Customer Success Manager,Masters,90922,28,Mumbai,25,No,5,3,5,5,13,4,24,10,1,4,5,No,Not Provided,08-05-2018,fapte@gmail.com,7085488725,6
EMP04585,Aarav Kar,38,Other,Marketing,Content Strategist,Masters,84711,11,Bangalore,28,Yes,4,5,1,1,56,1,15,3,22,4,5,No,Not Provided,26-11-2017,kuriananika@wali.com,7273270500,10
EMP04586,Eshani Kanda,21,Male,Finance,Accountant,MBA,50589,0,Chennai,6,Yes,5,3,1,1,80,1,14,15,23,5,5,No,Not Provided,08-06-2021,lokekiaan@hotmail.com,4187626387,11
EMP04587,Tejas Rajagopal,47,Other,Finance,Finance Manager,Diploma,151760,17,Hyderabad,38,Yes,2,1,5,5,73,0,5,1,9,3,5,No,Not Provided,22-06-2025,olad@golla-venkataraman.info,7873804156,11
EMP04588,Kimaya Tank,47,Male,Marketing,Content Strategist,Masters,150416,21,Noida,21,Yes,1,2,3,2,44,2,20,10,23,4,5,Yes,"Poor Work Life Balance, Overtime, Low Job Satisfaction",30-12-2024,anikakumer@hotmail.com,7963201355,15
EMP04589,Ritvik Grewal,27,Male,IT,System Admin,Diploma,151414,7,Hyderabad,13,Yes,3,5,3,1,58,9,15,11,22,5,2,No,Not Provided,26-01-2024,bhattiheer@gmail.com,7045710427,11
EMP04590,Vedika Batta,31,Male,Operations,Operations Executive,Masters,178460,7,Chennai,15,No,5,3.039382866,2,2,75,8,15,13,16,1,3,No,Not Provided,21-06-2025,kaira66@hotmail.com,2831792693,8
EMP04591,Alisha Koshy,49,Male,Operations,Operations Executive,Bachelors,79886,27,Hyderabad,1,No,5,1,1,5,62,0,22,12,21,2,3,No,Not Provided,21-09-2025,pkeer@gmail.com,9060722172,7
EMP04592,Pranay Sharma,43,Female,Sales,Sales Manager,MBA,117924,22,Chennai,2,No,5,2,3,3,49,10,5,2,19,1,4,No,Not Provided,13-07-2017,mrandhawa@gmail.com,3002252686,7
EMP04593,Rania Chaudry,34,Female,Finance,Financial Analyst,Bachelors,104772,13,Chennai,17,Yes,4,4,5,5,12,3,24,6,25,1,5,No,Not Provided,28-10-2025,samarth01@chad.com,5465998999,2
EMP04594,Hrishita Magar,45,Female,Customer Support,Support Executive,Masters,139359,22,Delhi,18,No,3,1,3,4,40,10,19,3,0,2,4,No,Not Provided,07-07-2021,dasdhanush@bala.info,3439835535,5
EMP04595,Samar Deo,45,Female,Finance,Financial Analyst,Bachelors,125828,16,Delhi,4,No,1,5,2,1,45,9,21,14,0,1,4,No,Not Provided,02-12-2022,shayak56@hotmail.com,2919548576,11
EMP04596,Vaibhav Mani,45,Other,Customer Support,Customer Success Manager,Masters,67950,22,Hyderabad,10,Yes,5,5,1,3,74,3,4,2,1,2,4,No,Not Provided,20-01-2025,obarad@hans.org,4146935944,6
EMP04597,Renee Kamdar,34,Female,Customer Support,Customer Success Manager,Masters,96675,14,Hyderabad,39,Yes,5,5,1,2,15,6,12,5,0,3,5,No,Not Provided,18-11-2025,sarasarkar@yahoo.com,8747223272,9
EMP04598,Misha Bora,27,Other,Finance,Financial Analyst,Bachelors,120981,0,Hyderabad,18,Yes,4,3,4,2,8,4,2,3,18,5,1,No,Not Provided,15-10-2019,virkhunar@gmail.com,3846380429,9
EMP04599,Saira Balakrishnan,43,Female,Customer Support,Support Executive,Bachelors,131158,15,Kolkata,11,Yes,5,1,3,5,46,2,7,6,11,1,2,No,Not Provided,03-04-2020,devansh68@gmail.com,4523003090,5
EMP04600,Armaan Dave,46,Female,IT,Software Engineer,Bachelors,63670,19,Pune,39,No,1,4,5,3,0,2,12,12,0,2,2,No,Not Provided,08-04-2025,fwarrior@ravi.com,6494246513,6
EMP04601,Anaya Sahota,23,Male,IT,Software Engineer,Masters,101087,0,Mumbai,25,Yes,5,2,3,2,63,1,5,2,4,2,3,No,Not Provided,27-12-2023,kimaya35@yahoo.com,6650589189,10
EMP04602,Ayesha Tailor,50,Other,Sales,Business Development Associate,Bachelors,41658,21,Chennai,30,No,4,5,5,5,53,5,13,4,22,5,3,No,Not Provided,05-06-2021,goyalsamar@hegde-bhagat.org,3059383515,6
EMP04603,Anay Dar,45,Other,Operations,Operations Executive,Masters,52850,25,Kolkata,6,Yes,2,4,3,4,5,7,8,15,20,4,2,No,Not Provided,31-01-2025,shalv66@tank.org,6419799064,12
EMP04604,Nakul Wason,46,Male,Operations,Supply Chain Analyst,Bachelors,162008,26,Kolkata,17,No,5,1,1,3,31,10,1,8,9,3,4,No,Not Provided,28-04-2025,divanzeeshan@sridhar.com,9838120166,9
EMP04605,Vanya Comar,29,Female,Finance,Finance Manager,MBA,152373,4,Noida,33,No,4,1,4,5,59,8,16,1,20,2,1,No,Not Provided,05-03-2019,zeeshan89@yahoo.com,8063001437,6
EMP04606,Devansh Comar,32,Other,IT,System Admin,MBA,84766,8,Kolkata,30,No,5,2,3,4,63,1,13,8,12,1,5,No,Not Provided,29-08-2020,dhruvdutt@yahoo.com,2202203940,4
EMP04607,Kiaan Kibe,38,Male,Marketing,SEO Specialist,MBA,135762,16,Pune,16,Yes,5,3.039382866,4,5,2,6,5,1,24,5,2,No,Not Provided,15-05-2017,ehsaan57@shukla.biz,7820451076,9
EMP04608,Manikya Sheth,30,Female,Sales,Sales Manager,Bachelors,120907,2,Noida,20,No,3,3,3,3,57,0,2,10,25,5,1,No,Not Provided,05-05-2020,abramganesh@kumer.com,3312164857,7
EMP04609,Darshit Krishna,47,Female,Operations,Operations Executive,MBA,84290,18,Hyderabad,7,Yes,5,1,3,3,8,5,10,2,3,5,5,No,Not Provided,02-04-2024,drishya40@deol.com,7676594945,10
EMP04610,Diya Varughese,24,Male,IT,BI Developer,Diploma,54277,4,Delhi,15,No,3,3,5,1,74,4,18,4,14,3,1,No,Not Provided,06-07-2017,akarsh54@varghese.com,5826568854,2
EMP04611,Aarush Datta,28,Other,IT,BI Developer,Bachelors,161290,5,Bangalore,26,No,1,3,2,1,7,1,13,7,18,1,4,No,Not Provided,29-10-2022,bloke@varkey-jani.com,1612944564,8
EMP04612,Arnav Kade,29,Male,Operations,Supply Chain Analyst,Diploma,105948,0,Delhi,33,Yes,1,3,5,4,47,1,15,2,13,5,2,No,Not Provided,23-12-2017,mamble@gmail.com,1394672268,9
EMP04613,Miraya Khalsa,25,Female,Marketing,Content Strategist,Diploma,128022,0,Pune,39,Yes,1,1,2,5,47,1,8,10,24,2,5,Yes,"Poor Work Life Balance, Overtime, Low Job Satisfaction",31-05-2021,tailoremir@lad.com,7212267354,13
EMP04614,Trisha Thakkar,36,Female,Customer Support,Support Executive,Masters,99583,6,Bangalore,39,Yes,3,2,4,5,48,9,15,10,9,2,1,No,Not Provided,07-04-2026,kundavritika@chowdhury-wason.com,9727526225,10
EMP04615,Jivin Talwar,24,Male,Operations,Supply Chain Analyst,Bachelors,100196.4006,0,Hyderabad,20,No,1,4,3,1,25,8,6,2,12,2,2,No,Not Provided,20-09-2023,nayantarabora@hotmail.com,4225857388,7
EMP04616,Tushar Sundaram,25,Female,Finance,Accountant,Masters,37289,0,Pune,28,No,3,5,1,5,2,3,24,6,6,2,2,No,Not Provided,05-08-2023,lavanya27@hotmail.com,8791907085,3
EMP04617,Hazel Dugar,32,Other,IT,Data Analyst,Masters,159216,10,Pune,32,No,4,4,5,2,31,1,19,4,5,3,5,No,Not Provided,24-09-2025,aniruddhchacko@issac-shenoy.com,3346674112,3
EMP04618,Nehmat Sarna,34,Female,Customer Support,Customer Success Manager,Bachelors,108883,8,Mumbai,1,No,4,5,3,3,74,10,24,14,15,5,5,No,Not Provided,18-03-2017,mmadan@rege-guha.com,4441366057,7
EMP04619,Aaryahi Badal,37,Other,HR,HR Executive,MBA,71780,10,Hyderabad,15,Yes,5,2,1,2,61,4,16,7,10,1,1,No,Not Provided,18-04-2019,nitya65@karan.biz,3941806647,9
EMP04620,Yashvi Sawhney,32,Other,Operations,Supply Chain Analyst,Diploma,119157,11,Mumbai,13,Yes,3,1,2,4,30,0,16,8,18,1,2,No,Not Provided,29-06-2021,mgour@hotmail.com,6253423049,7
EMP04621,Mannat Chopra,29,Female,Sales,Sales Executive,Bachelors,175299,4,Delhi,8,Yes,4,4,1,3,66,10,24,15,2,2,4,No,Not Provided,15-04-2023,kshere@gmail.com,747420840,8
EMP04622,Rohan Suri,51,Male,Marketing,SEO Specialist,Bachelors,106825,24,Kolkata,11,No,4,1,1,4,52,6,10,10,12,3,2,No,Not Provided,12-05-2019,cvasa@hotmail.com,2618753562,9
EMP04623,Ehsaan Varma,53,Female,IT,BI Developer,Masters,52041,31,Hyderabad,7,Yes,5,4,5,5,45,3,0,5,6,3,4,No,Not Provided,26-06-2020,jsaxena@hotmail.com,1673131686,4
EMP04624,Mamooty Bedi,55,Other,Finance,Financial Analyst,MBA,156504,28,Bangalore,32,No,1,4,1,4,9,7,11,15,14,2,2,No,Not Provided,10-02-2021,indransbarad@hotmail.com,3800476063,10
EMP04625,Nirvaan Ranganathan,52,Other,Sales,Sales Manager,MBA,46916,29,Delhi,6,No,5,2,5,3,69,5,17,4,9,1,2,No,Not Provided,09-05-2018,shantaran@yahoo.com,4759450272,5
EMP04626,Sumer Dubey,57,Other,Sales,Sales Executive,Masters,67439,29,Mumbai,34,No,2,3,4,5,42,7,16,8,20,1,3,No,Not Provided,17-10-2018,tchokshi@yahoo.com,6734084857,6
EMP04627,Riaan Barman,39,Male,Finance,Financial Analyst,Bachelors,121800,17,Noida,19,No,5,5,5,3,74,1,18,11,1,3,3,No,Not Provided,01-12-2019,divitdin@hotmail.com,3321928045,2
EMP04628,Baiju Guha,55,Other,Finance,Finance Manager,Diploma,85429,32,Mumbai,18,Yes,5,4,3,4,14,8,3,8,0,5,5,No,Not Provided,30-11-2019,chadfateh@hotmail.com,7399941517,9
EMP04629,Nehmat Chauhan,22,Female,Marketing,SEO Specialist,Masters,51975,0,Pune,23,No,1,4,5,5,31,9,11,10,6,3,4,No,Not Provided,03-03-2026,riya24@gmail.com,3461376792,7
EMP04630,Yasmin Kaur,21,Male,Marketing,Content Strategist,Diploma,57551,0,Hyderabad,37,Yes,3,1,1,2,63,0,6,14,17,2,5,No,Not Provided,30-11-2024,qsuri@hotmail.com,5291111716,12
EMP04631,Advik Sangha,51,Female,Finance,Finance Manager,Masters,84931,30,Bangalore,31,No,4,5,3,4,59,4,7,15,14,2,4,No,Not Provided,15-04-2020,yuvraj-47@yahoo.com,3765597484,3
EMP04632,Jiya Sane,41,Male,Sales,Sales Manager,Diploma,122847,14,Chennai,17,Yes,4,1,1,4,20,2,8,7,7,3,2,No,Not Provided,30-12-2019,anvi59@hotmail.com,8668189297,7
EMP04633,Biju Kara,51,Male,IT,System Admin,Masters,165677,29,Noida,26,No,2,5,3,3,62,1,15,14,23,5,2,No,Not Provided,16-08-2016,nirvaanmall@gmail.com,3093611057,9
EMP04634,Tejas Desai,46,Female,Marketing,Marketing Manager,Diploma,163776,24,Chennai,20,No,5,2,3,2,65,8,20,9,1,5,2,No,Not Provided,30-07-2017,tiya84@gmail.com,5938103804,10
EMP04635,Ira Korpal,28,Other,Finance,Financial Analyst,MBA,160343,2,Hyderabad,22,Yes,5,1,4,4,80,5,14,10,3,2,1,No,Not Provided,14-11-2019,shaanramakrishnan@yahoo.com,3656785539,9
EMP04636,Nitara Kibe,46,Other,Customer Support,Support Executive,Diploma,137801,19,Noida,27,Yes,4,5,4,2,5,10,24,2,3,1,4,No,Not Provided,22-04-2020,dharmajan86@hotmail.com,3694239866,7
EMP04637,Alisha Chaudhary,45,Female,IT,BI Developer,Bachelors,175725,23,Hyderabad,38,No,5,4,1,5,1,8,6,10,12,5,2,No,Not Provided,23-03-2018,akarshrandhawa@yahoo.com,284303906,10
EMP04638,Jiya Shroff,34,Female,HR,HR Manager,MBA,43615,7,Kolkata,38,Yes,5,5,5,2,62,4,14,4,8,3,2,No,Not Provided,17-03-2024,miraya60@gmail.com,5819840145,5
EMP04639,Biju Tak,42,Female,Sales,Sales Executive,Masters,34138,15,Mumbai,18,Yes,2,3,1,2,11,6,9,1,13,4,1,Yes,"Poor Work Life Balance, Overtime, Manager Issues",11-09-2018,maninishith@chandran.com,9555069625,14
EMP04640,Lavanya Thaker,35,Male,IT,System Admin,Masters,74817,12,Chennai,37,Yes,4,3,1,1,20,7,17,12,8,2,3,No,Not Provided,22-08-2021,madhupdesai@yahoo.com,1198318131,11
EMP04641,Veer Savant,49,Male,Finance,Financial Analyst,Diploma,145644,24,Chennai,33,No,1,5,2,5,7,1,19,3,16,5,2,No,Not Provided,14-02-2019,arnavkaul@yahoo.com,2526345320,9
EMP04642,Oorja Ghose,48,Female,IT,System Admin,Bachelors,82879,21,Bangalore,21,Yes,2,4,2,5,14,4,22,7,10,1,2,No,Not Provided,20-07-2022,zgandhi@gmail.com,3229850160,7
EMP04643,Farhan Karan,26,Other,Marketing,Content Strategist,Masters,46595,1,Mumbai,40,Yes,5,2,1,1,35,2,19,8,13,1,4,No,Not Provided,27-10-2020,hdesai@yahoo.com,6549837039,10
EMP04644,Zaina Saini,32,Female,HR,Recruiter,Masters,126746,6,Mumbai,33,Yes,1,3,1,3,17,8,2,11,22,1,3,Yes,"Poor Work Life Balance, Overtime, No Promotion",25-08-2018,purab85@sehgal-varghese.com,9837084757,14
EMP04645,Damini Shukla,35,Female,Marketing,SEO Specialist,Masters,115682,15,Delhi,20,No,4,2,1,1,66,4,24,4,3,1,4,No,Not Provided,04-08-2019,gatikshetty@gmail.com,1105354567,7
EMP04646,Yashvi Sane,48,Male,Customer Support,Customer Success Manager,Masters,74761,28,Hyderabad,33,Yes,4,3,2,1,23,8,7,9,14,4,1,No,Not Provided,26-07-2017,farhan35@hotmail.com,559350106,12
EMP04647,Shlok Swamy,35,Male,IT,BI Developer,Bachelors,55670,9,Noida,27,Yes,1,4,2,3,2,2,7,8,21,3,1,No,Not Provided,08-10-2022,jivikabandi@sandal.com,8225529592,8
EMP04648,Ira Din,41,Male,Marketing,Content Strategist,Masters,42970,19,Bangalore,15,Yes,3,2,5,3,38,6,4,6,9,3,2,No,Not Provided,22-10-2024,ratisalvi@gmail.com,7326497535,9
EMP04649,Misha Rajagopalan,59,Female,Sales,Business Development Associate,Masters,119371,38,Noida,6,No,2,5,3,2,27,5,8,14,7,2,1,No,Not Provided,07-12-2025,himmatdalia@hotmail.com,3115774098,9
EMP04650,Anahi Ramaswamy,22,Male,HR,HR Executive,MBA,32533,1,Noida,23,Yes,1,5,4,5,35,9,4,7,21,1,3,No,Not Provided,25-12-2020,mehulaurora@yahoo.com,2688604606,9
EMP04651,Yasmin Subramanian,32,Male,Marketing,Content Strategist,Diploma,171849,8,Noida,7,No,1,5,5,1,9,3,9,11,23,2,2,No,Not Provided,11-06-2022,gokultiwari@jain.org,4499834127,7
EMP04652,Shray Krishnan,49,Male,IT,Software Engineer,MBA,83784,21,Kolkata,38,Yes,5,1,1,1,40,8,1,7,2,1,2,Yes,"Overtime, Low Job Satisfaction, Manager Issues",11-05-2024,hvala@sane-srinivasan.com,9860992036,14
EMP04653,Ritvik Bir,26,Female,Sales,Sales Executive,Masters,58261,0,Delhi,10,No,1,5,2,5,35,10,15,7,21,4,5,No,Not Provided,23-01-2017,hmander@chatterjee.com,445721621,10
EMP04654,Aayush Mallick,39,Female,IT,System Admin,Diploma,101885.6228,10,Kolkata,2,No,1,2,4,4,63,9,21,4,25,3,2,No,Not Provided,05-01-2025,sibalnehmat@gmail.com,4644279565,8
EMP04655,Aayush Sheth,31,Male,Finance,Finance Manager,Bachelors,101042,3,Kolkata,28,Yes,1,1,2,1,68,3,7,7,14,1,5,Yes,"Poor Work Life Balance, Overtime, Low Job Satisfaction",19-01-2018,romil08@kapur-tella.com,1413945305,13
EMP04656,Tejas Kapadia,58,Other,IT,BI Developer,Diploma,171944,38,Chennai,26,Yes,5,5,1,4,11,8,15,14,9,4,2,No,Not Provided,12-07-2023,harikavya@hotmail.com,4567995522,12
EMP04657,Sumer Thaker,26,Male,IT,BI Developer,Bachelors,44617,6,Hyderabad,15,No,1,4,1,5,37,0,25,6,22,3,3,No,Not Provided,03-03-2023,fbehl@deep.com,5672998659,5
EMP04658,Reyansh Doctor,56,Other,Operations,Operations Executive,Diploma,173683,35,Pune,37,No,4,3,1,4,10,6,24,1,13,3,2,No,Not Provided,03-05-2022,fatehtak@yahoo.com,2498961338,5
EMP04659,Lagan Ranganathan,48,Male,Sales,Business Development Associate,Masters,101238,26,Mumbai,34,No,3,5,5,3,48,9,8,10,11,1,1,No,Not Provided,03-03-2025,mirayachacko@yahoo.com,1333312274,5
EMP04660,Kartik Deep,28,Other,Finance,Finance Manager,MBA,126927,0,Kolkata,10,Yes,4,2,3,4,49,3,17,1,18,1,1,No,Not Provided,05-05-2026,edwinalia@dada-chaudhry.com,134928910,5
EMP04661,Ahana  Warrior,75,Male,Marketing,Marketing Manager,Masters,90366,11,Pune,28,No,3,5,1,3,6,3,10,15,8,5,5,No,Not Provided,19-12-2017,sanipriyansh@hotmail.com,4652477433,8
EMP04662,Nayantara Dasgupta,47,Male,HR,HR Executive,Masters,129831,23,Chennai,40,Yes,5,5,3,1,48,3,7,2,8,4,2,No,Not Provided,06-12-2019,nbassi@yahoo.com,5941776908,8
EMP04663,Anay Deo,38,Female,Sales,Sales Executive,Bachelors,48448,16,Chennai,32,No,4,2,4,4,67,6,15,13,21,4,4,No,Not Provided,16-09-2016,darshitwarrior@agate-varughese.com,6290165222,11
EMP04664,Chirag Sankaran,43,Male,IT,System Admin,Bachelors,161409,16,Mumbai,39,Yes,4,1,1,5,67,10,0,8,12,5,5,Yes,"Overtime, Low Job Satisfaction, High Stress",11-02-2025,sanghviira@gmail.com,3929682998,15
EMP04665,Ahana  Bhatia,53,Male,HR,HR Manager,Masters,173489,30,Pune,34,Yes,4,5,2,5,56,0,6,1,7,1,1,No,Not Provided,14-08-2021,awali@bhakta-chandra.com,4398650219,5
EMP04666,Madhav Chatterjee,21,Female,Customer Support,Support Executive,Bachelors,104634.8542,0,Noida,8,No,2,2,5,3,8,2,2,6,0,2,4,No,Not Provided,19-10-2022,ylal@hotmail.com,5615530088,8
EMP04667,Nishith Kale,75,Male,Sales,Sales Manager,Masters,101910,7,Hyderabad,26,No,2,5,5,5,74,5,14,15,8,5,1,No,Not Provided,12-04-2022,adira29@bera.com,5829994338,11
EMP04668,Dhanush Koshy,50,Male,Operations,Supply Chain Analyst,Masters,46757,20,Noida,4,No,7,5,5,1,15,5,7,2,7,4,1,No,Not Provided,09-03-2026,qdugal@venkataraman.com,3074727787,7
EMP04669,Nishith Babu,42,Male,Operations,Operations Executive,MBA,44517,15,Noida,8,No,3,2,1,2,24,5,25,14,13,4,5,Yes,"Low Job Satisfaction, Manager Issues, High Stress",19-08-2025,fsama@gmail.com,1760979827,14
EMP04670,Tiya Chauhan,42,Male,Customer Support,Support Executive,Bachelors,59000,17,Bangalore,8,Yes,1,3,5,2,73,4,24,9,6,4,4,No,Not Provided,20-11-2022,bchand@hotmail.com,1458351067,10
EMP04671,Lakshit Kurian,35,Female,Sales,Business Development Associate,Diploma,91648,12,Delhi,16,No,4,3,5,2,77,6,22,1,25,5,1,No,Not Provided,08-11-2023,shanayasant@hotmail.com,6090181286,7
EMP04672,Onkar Loyal,55,Male,HR,HR Executive,MBA,119391,27,Chennai,10,Yes,3,1,1,2,68,1,22,12,8,4,5,Yes,"Overtime, Low Job Satisfaction, Manager Issues",18-04-2018,surimadhav@tiwari.com,5629969235,14
EMP04673,Dhanush Joshi,28,Female,Operations,Supply Chain Analyst,Bachelors,30661,0,Bangalore,13,No,2,4,5,5,40,8,11,1,23,3,1,No,Not Provided,02-12-2017,xbabu@sridhar.com,6535142513,5
EMP04674,Samar Shankar,59,Other,Sales,Sales Executive,MBA,109294,33,Chennai,22,No,1,5,3,2,57,9,23,10,0,4,1,No,Not Provided,07-01-2021,ubhalla@hotmail.com,772505255,12
EMP04675,Neelofar Singh,43,Other,HR,Recruiter,MBA,174118,19,Chennai,14,Yes,3,2,1,1,17,10,19,12,0,1,2,Yes,"Overtime, Low Job Satisfaction, Manager Issues",14-09-2020,lrajagopalan@khalsa.biz,6801326723,13
EMP04676,Armaan Vig,59,Other,Customer Support,Support Executive,Diploma,104634.8542,30,Pune,33,Yes,1,2,2,2,74,7,20,4,2,3,2,Yes,"Poor Work Life Balance, Overtime, Low Job Satisfaction",23-07-2016,msathe@gmail.com,2825080538,15
EMP04677,Mehul Kala,30,Female,Operations,Supply Chain Analyst,Bachelors,86436,5,Pune,35,Yes,3,2,4,3,76,6,4,4,7,4,3,Yes,"Overtime, Low Job Satisfaction, High Stress",14-10-2019,prerak83@som-choudhry.com,3603802960,13
EMP04678,Farhan Vaidya,39,Male,Customer Support,Customer Success Manager,Bachelors,49014,11,Noida,32,Yes,4,1,5,2,39,4,1,15,24,2,4,No,Not Provided,12-04-2018,piya25@kakar.com,2349121590,12
EMP04679,Anay Garde,48,Other,Sales,Sales Executive,Diploma,76226,23,Bangalore,34,Yes,4,5,1,3,19,0,13,3,18,3,2,No,Not Provided,10-06-2023,thakkarinaaya@borde.net,5252988630,5
EMP04680,Kanav Kant,54,Male,HR,HR Manager,MBA,176077,31,Bangalore,31,Yes,5,5,3,5,21,8,6,11,18,2,5,No,Not Provided,02-08-2021,bhaminikale@lala-goda.com,9168080349,7
EMP04681,Jivika Sethi,49,Other,Finance,Finance Manager,Diploma,99267,24,Delhi,35,Yes,5,1,3,4,74,4,7,13,14,2,5,No,Not Provided,07-02-2019,umang62@lall.com,9219408313,8
EMP04682,Rohan Zacharia,53,Male,Finance,Financial Analyst,Masters,135868,27,Mumbai,12,No,2,5,4,5,74,8,8,15,4,4,3,No,Not Provided,21-07-2023,tara37@hotmail.com,1621780118,10
EMP04683,Samar Ratta,48,Other,Sales,Sales Manager,Masters,101079,25,Kolkata,20,Yes,1,4,3,2,37,4,7,14,21,1,5,No,Not Provided,23-09-2023,sonivihaan@ranganathan.info,432375875,9
EMP04684,Ojas Mahajan,27,Other,IT,System Admin,Masters,90977,7,Kolkata,23,Yes,5,3,2,4,32,10,21,12,11,5,4,No,Not Provided,06-03-2019,tanejaseher@yahoo.com,1714064503,11
EMP04685,Vritika Balay,39,Female,Customer Support,Customer Success Manager,MBA,159556,9,Chennai,30,Yes,2,2,1,4,3,0,9,12,24,4,4,Yes,"Poor Work Life Balance, Overtime, Low Job Satisfaction",25-11-2021,fsinghal@gmail.com,8433085807,16
EMP04686,Darshit Manda,33,Female,Sales,Sales Manager,Diploma,153679,6,Bangalore,13,No,4,5,1,4,4,10,21,8,23,3,4,No,Not Provided,01-01-2026,ktara@cherian-sehgal.com,4250034425,4
EMP04687,Nishith Mani,36,Male,HR,HR Manager,MBA,148697,6,Delhi,4,Yes,4,3,2,5,50,7,3,5,22,4,5,No,Not Provided,14-02-2026,bahlmehul@sule.com,2281103499,11
EMP04688,Emir Mani,17,Male,HR,HR Manager,MBA,103184,0,Kolkata,35,No,2,1,5,3,19,5,11,11,19,5,5,Yes,"Poor Work Life Balance, Low Job Satisfaction, High Stress",26-05-2016,jayantkale@hotmail.com,3038126662,14
EMP04689,Pari Gupta,42,Male,HR,HR Executive,Masters,62430,20,Mumbai,16,Yes,3,1,4,3,80,8,12,15,8,5,3,No,Not Provided,13-07-2021,mamootyrout@borra-tiwari.com,59490649,12
EMP04690,Madhav Bath,53,Female,Finance,Finance Manager,MBA,26193,29,Noida,27,Yes,5,3,3,2,3,1,1,15,9,4,3,No,Not Provided,18-08-2025,sarinnavya@gmail.com,1965842079,12
EMP04691,Jhanvi Sem,24,Female,HR,HR Executive,Masters,169170,0,Delhi,1,Yes,2,5,2,3,46,2,16,11,11,3,2,No,Not Provided,28-10-2016,shalv02@sengupta.com,61585552,9
EMP04692,Mishti Srivastava,38,Male,Marketing,Marketing Manager,Diploma,73841,14,Bangalore,22,No,1,2,2,5,55,1,13,10,1,4,3,Yes,"Poor Work Life Balance, Low Job Satisfaction, High Stress",25-01-2023,bdutt@ray-sundaram.org,1554393260,13
EMP04693,Emir Barad,34,Other,HR,Recruiter,Diploma,177104,12,Mumbai,39,No,3,2,3,3,67,3,8,4,24,2,3,No,Not Provided,16-05-2023,sarnaadira@gmail.com,5775518853,4
EMP04694,Samiha Shanker,37,Female,Sales,Sales Executive,MBA,63319,15,Hyderabad,6,Yes,3,1,5,4,72,9,11,1,22,3,3,No,Not Provided,18-07-2019,regekiaan@yahoo.com,5968173266,7
EMP04695,Lakshit Kapoor,35,Female,IT,Data Analyst,MBA,154688,8,Delhi,16,No,5,4,5,2,2,4,7,13,5,2,5,No,Not Provided,15-03-2021,inaaya-sura@sarma-lata.com,3914820789,4
EMP04696,Devansh Trivedi,35,Male,Operations,Supply Chain Analyst,MBA,54342,8,Chennai,38,Yes,5,4,5,4,10,1,23,11,24,3,1,No,Not Provided,01-07-2020,rajagopalanriaan@kakar-yohannan.net,2008411046,5
EMP04697,Nitara Bose,52,Male,HR,HR Manager,MBA,58535,32,Mumbai,35,No,2,5,5,5,65,7,17,6,24,1,1,No,Not Provided,23-06-2017,yganesh@dyal-varughese.com,3286324605,6
EMP04698,Nitara Dua,27,Male,HR,HR Executive,Bachelors,28586,1,Hyderabad,10,Yes,1,4,5,3,68,8,8,13,8,4,5,No,Not Provided,27-03-2026,ichhabra@yahoo.com,4071439338,12
EMP04699,Riaan Bumb,29,Male,Marketing,SEO Specialist,Bachelors,135284,8,Hyderabad,31,No,1,5,1,1,1,1,18,11,4,2,5,No,Not Provided,02-08-2017,chaudryshalv@talwar-chadha.com,5155242269,10
EMP04700,Neelofar Ahluwalia,31,Other,Finance,Accountant,Masters,72432,4,Hyderabad,33,No,3,3,4,5,46,1,16,14,23,2,5,No,Not Provided,30-08-2016,ryan23@hotmail.com,1824877665,3
EMP04701,Alisha Kala,27,Male,Customer Support,Support Executive,Diploma,115737,7,Hyderabad,27,No,2,3,1,1,13,10,23,15,8,1,3,No,Not Provided,27-02-2026,indranildivan@gmail.com,5896078539,12
EMP04702,Ishaan Karan,43,Male,Not assigned,Software Engineer,Masters,148109,15,Chennai,28,No,4,5,5,2,76,3,6,2,11,5,2,No,Not Provided,17-06-2025,reyanshahuja@gmail.com,2064894322,6
EMP04703,Mishti Mann,59,Female,IT,Software Engineer,Diploma,118947,31,Chennai,18,No,2,4,1,1,6,3,24,11,23,3,5,No,Not Provided,14-08-2020,tara98@sehgal-mall.com,1053484695,9
EMP04704,Jhanvi Bhatnagar,42,Female,Marketing,SEO Specialist,MBA,47834,14,Delhi,39,No,1,1,1,4,42,8,5,11,10,1,5,Yes,"Poor Work Life Balance, Low Job Satisfaction, No Promotion",30-01-2026,varghesebhavin@yahoo.com,3842238088,15
EMP04705,Devansh Dayal,28,Male,Finance,Finance Manager,Masters,120164,0,Pune,25,Yes,5,2,2,5,68,3,20,1,7,2,1,No,Not Provided,12-07-2025,boseyashvi@sani.com,6079181352,8
EMP04706,Ehsaan Sarna,31,Other,Marketing,SEO Specialist,Bachelors,105852,5,Noida,10,No,1,2,3,2,74,3,1,13,11,3,4,No,Not Provided,04-09-2025,ysavant@gulati.com,7398021483,12
EMP04707,Samar Tailor,46,Male,HR,HR Manager,Masters,106727,18,Delhi,21,No,3,1,1,2,25,0,25,6,11,4,2,No,Not Provided,17-03-2017,lkannan@keer-tiwari.biz,7859206207,10
EMP04708,Taimur Varkey,51,Male,Marketing,SEO Specialist,MBA,42305,22,Noida,14,No,5,5,5,4,71,3,22,13,13,4,4,No,Not Provided,28-11-2020,bainsshamik@chakraborty.biz,9112497855,5
EMP04709,Raghav Gopal,32,Male,Operations,Supply Chain Analyst,MBA,45997,2,Noida,30,No,2,5,3,4,63,9,2,12,10,3,3,No,Not Provided,12-04-2017,fsingh@bhalla.com,4208563131,10
EMP04710,Yakshit Sarraf,59,Female,IT,System Admin,Diploma,113481,34,Chennai,11,Yes,4,5,4,3,2,4,25,6,18,5,3,No,Not Provided,17-12-2020,kbhasin@hotmail.com,2356251882,5
EMP04711,Raghav Sunder,48,Female,HR,HR Executive,Diploma,149843,27,Mumbai,4,No,3,3,4,1,37,8,21,15,13,4,5,No,Not Provided,24-04-2024,dhanush22@bath-shroff.com,543792345,9
EMP04712,Shray Rana,37,Male,Sales,Business Development Associate,MBA,120210,12,Mumbai,24,No,1,2,3,5,57,5,0,12,25,5,1,Yes,"Poor Work Life Balance, Low Job Satisfaction, High Stress",05-01-2022,vardaniyawagle@char-ratta.com,9576046782,15
EMP04713,Purab Sahota,27,Male,HR,Recruiter,MBA,91819,4,Chennai,40,No,4,4,5,2,23,10,22,2,12,3,2,No,Not Provided,14-12-2023,lalldhruv@hotmail.com,4626578427,5
EMP04714,Miraya Mallick,50,Male,Sales,Sales Manager,Bachelors,141067,27,Kolkata,9,Yes,3,3,5,5,28,2,20,5,10,1,4,No,Not Provided,08-02-2018,vkorpal@gmail.com,6049582810,2
EMP04715,Madhav Bose,22,Other,IT,BI Developer,Diploma,168185,1,Kolkata,31,No,1,1,3,2,80,2,23,12,17,5,4,Yes,"Poor Work Life Balance, Low Job Satisfaction, Manager Issues",06-05-2020,madhavsrinivasan@gmail.com,7349568835,14
EMP04716,Hiran Bhargava,55,Female,IT,Data Analyst,Diploma,55382,25,Kolkata,26,Yes,4,1,2,1,44,4,25,15,13,2,3,No,Not Provided,06-03-2024,neelofarsandal@hotmail.com,4182707764,12
EMP04717,Ranbir Walia,50,Female,Finance,Finance Manager,Masters,129243,25,Hyderabad,35,Yes,3,4,4,5,7,3,17,9,6,4,4,No,Not Provided,05-04-2019,chahalsahil@som.com,193458068,6
EMP04718,Zeeshan Bains,27,Male,Operations,Operations Executive,MBA,155400,4,Hyderabad,11,No,5,1,4,1,18,3,11,12,22,5,1,No,Not Provided,28-06-2023,vigdivij@goel.net,7325927887,10
EMP04719,Ira Ganesan,41,Male,Sales,Sales Executive,Bachelors,159925,17,Bangalore,22,No,5,2,4,3,72,6,17,4,20,3,2,No,Not Provided,14-01-2026,gouranahita@gmail.com,1827399140,5
EMP04720,Nirvi Dada,60,Female,Sales,Business Development Associate,Diploma,136043,38,Mumbai,18,Yes,2,3,1,1,46,1,2,9,14,2,2,No,Not Provided,14-09-2018,sahilrana@yahoo.com,4382667505,11
EMP04721,Mohanlal Saran,48,Male,Finance,Accountant,MBA,110963,28,Noida,3,No,3,3,3,3,31,3,15,5,9,1,4,No,Not Provided,19-12-2019,lhayre@gmail.com,7531157873,0
EMP04722,Parinaaz Kala,52,Other,Finance,Finance Manager,MBA,34584,22,Pune,34,No,4,4,2,3,27,10,19,5,12,5,2,No,Not Provided,10-03-2026,tarahridaan@gmail.com,2030302934,8
EMP04723,Jhanvi Ganguly,56,Female,Customer Support,Customer Success Manager,Masters,173440,36,Mumbai,29,No,4,2,5,1,43,10,13,8,0,5,4,No,Not Provided,20-11-2016,arhaan48@gmail.com,8085404830,11
EMP04724,Abram Dutt,58,Other,Sales,Business Development Associate,Bachelors,154144,37,Hyderabad,23,Yes,3,2,3,5,33,6,7,15,0,5,5,No,Not Provided,05-04-2024,alia56@chowdhury.com,5116869882,12
EMP04725,Raunak Bawa,32,Female,HR,Recruiter,Bachelors,132999,2,Kolkata,14,No,2,5,4,5,40,2,25,3,19,3,1,No,Not Provided,19-03-2017,yuppal@chanda.org,50577634,3
EMP04726,Dhanush Bhakta,40,Other,Marketing,Marketing Manager,Masters,152883,18,Mumbai,11,No,1,4,1,5,24,8,1,3,15,3,4,No,Not Provided,05-03-2020,kuruvillanayantara@chakrabarti-goel.com,4059680503,9
EMP04727,Purab Gour,57,Male,IT,System Admin,Bachelors,172779,33,Hyderabad,31,No,2,1,4,2,54,10,21,13,6,4,2,Yes,"Poor Work Life Balance, Low Job Satisfaction, Manager Issues",03-03-2023,aradhya31@yahoo.com,3845158947,16
EMP04728,Drishya Batra,24,Other,Customer Support,Customer Success Manager,Masters,157158,0,Mumbai,7,Yes,4,3,2,2,35,6,25,13,2,4,3,Yes,"Overtime, Manager Issues, High Stress",15-10-2019,anayaraja@gmail.com,9673577120,13
EMP04729,Mamooty Halder,41,Male,IT,System Admin,Bachelors,87234,18,Kolkata,39,Yes,3,5,1,2,72,2,2,1,0,1,4,No,Not Provided,29-01-2021,bhavsarhridaan@bains.biz,7899706886,9
EMP04730,Neysa Mangat,42,Female,Marketing,Marketing Manager,MBA,134928,15,Noida,19,Yes,3,2,3,2,38,9,16,11,7,3,5,No,Not Provided,12-01-2018,ehsaan09@shanker-srivastava.com,9487626475,11
EMP04731,Ivana Tripathi,55,Other,Customer Support,Customer Success Manager,Diploma,46166,35,Delhi,39,No,3,2,5,2,8,5,2,12,19,1,1,No,Not Provided,25-02-2021,kanav46@doctor.com,8556868140,12
EMP04732,Oorja Tandon,32,Male,Finance,Financial Analyst,Bachelors,46772,9,Chennai,17,No,4,5,2,5,74,4,15,3,0,1,5,No,Not Provided,15-03-2017,djayaraman@walla-deo.biz,9792617826,2
EMP04733,Nakul Vohra,45,Female,Sales,Sales Executive,MBA,142346,20,Mumbai,32,No,2,1,5,4,75,3,2,10,16,3,5,No,Not Provided,12-04-2022,hazel25@mammen-kulkarni.com,1280808096,11
EMP04734,Jiya Walia,42,Female,Customer Support,Support Executive,Diploma,118111,18,Hyderabad,26,No,2,1,1,2,69,5,23,6,12,2,3,Yes,"Poor Work Life Balance, Low Job Satisfaction, Manager Issues",22-12-2020,guhaprerak@deol-borde.com,9608526207,13
EMP04735,Mamooty Gandhi,54,Male,Finance,Accountant,MBA,81448,31,Chennai,38,No,5,2,2,3,24,0,10,15,12,4,4,No,Not Provided,22-03-2023,raniashere@yahoo.com,3013806669,11
EMP04736,Kiaan Bajaj,49,Other,Marketing,Marketing Manager,Diploma,171668,27,Mumbai,26,No,2,2,2,4,68,8,2,5,16,5,5,Yes,"Poor Work Life Balance, Low Job Satisfaction, High Stress",07-05-2021,surimiraya@gmail.com,7951662326,16
EMP04737,Kartik Sachdev,26,Male,HR,Recruiter,Masters,121728,6,Delhi,37,No,4,4,3,5,71,10,4,7,13,3,1,No,Not Provided,27-01-2019,sdyal@karpe.com,7164636793,5
EMP04738,Dishani Chand,57,Female,Marketing,Marketing Manager,MBA,81163,37,Pune,15,No,3,3,3,4,46,3,21,13,1,5,4,No,Not Provided,17-06-2022,svenkatesh@konda-contractor.net,4464209558,5
EMP04739,Miraya Sant,47,Male,IT,Data Analyst,Bachelors,60002,17,Hyderabad,15,No,2,4,4,2,8,7,9,11,25,1,5,No,Not Provided,29-09-2023,sulezoya@badal.org,9561119743,9
EMP04740,Jayesh Baral,33,Female,Customer Support,Customer Success Manager,Masters,163385,9,Hyderabad,5,Yes,2,3,5,4,31,5,11,14,13,1,2,No,Not Provided,16-02-2025,shalv55@yahoo.com,3592768842,9
EMP04741,Eva Bhardwaj,45,Male,Customer Support,Support Executive,Masters,117917,20,Delhi,15,Yes,5,3,1,2,54,1,18,12,22,2,4,No,Not Provided,06-11-2023,karazara@ganguly.com,8815769776,8
EMP04742,Ishita Randhawa,17,Other,Customer Support,Customer Success Manager,MBA,161443,15,Hyderabad,37,Yes,5,5,2,4,79,3,5,8,2,1,4,No,Not Provided,29-07-2022,anahita06@gmail.com,7441367104,7
EMP04743,Nitara Devi,25,Female,Sales,Business Development Associate,MBA,90664,4,Hyderabad,14,No,4,2,2,5,3,0,22,9,0,1,5,No,Not Provided,27-11-2016,keerehsaan@hotmail.com,8512372071,5
EMP04744,Aradhya Rajagopal,51,Male,Finance,Finance Manager,Diploma,30318,30,Delhi,17,No,4,3,4,5,27,1,23,9,16,3,1,No,Not Provided,15-02-2020,chaudharyemir@gmail.com,6113876439,0
EMP04745,Suhana Agarwal,30,Male,Operations,Operations Executive,Diploma,101632,4,Mumbai,40,Yes,5,2,5,2,68,8,1,9,1,3,5,No,Not Provided,02-09-2022,jjohal@soni-kalita.com,6610355923,12
EMP04746,Adira Bala,30,Other,Finance,Finance Manager,Bachelors,100966,2,Kolkata,8,No,3,3,5,4,14,6,6,9,12,2,4,No,Not Provided,06-10-2022,arnav03@luthra.com,9791276186,2
EMP04747,Shayak Chaudry,41,Other,Marketing,Content Strategist,MBA,75086,19,Bangalore,27,Yes,4,2,1,2,46,5,9,3,9,5,3,Yes,"Overtime, Low Job Satisfaction, Manager Issues",16-08-2016,wtandon@sama.com,6816347100,15
EMP04748,Nitya Venkatesh,22,Female,Sales,Business Development Associate,MBA,61809,0,Chennai,40,Yes,4,5,1,4,16,5,11,15,11,3,4,No,Not Provided,26-08-2019,daliariaan@yahoo.com,8375379067,9
EMP04749,Azad Lata,21,Female,Marketing,Marketing Manager,Bachelors,46206,0,Noida,36,Yes,2,2,3,1,77,5,11,9,12,1,1,Yes,"Poor Work Life Balance, Overtime, Low Job Satisfaction",17-01-2020,vivaan09@rajagopal-keer.net,1805878669,13
EMP04750,Yuvraj  Raja,26,Other,Not assigned,System Admin,MBA,83871,0,Bangalore,39,Yes,3,1,3,5,14,7,13,2,20,3,2,No,Not Provided,27-08-2024,rgola@varghese.com,5213070551,8
EMP04751,Taran Saxena,37,Female,Sales,Business Development Associate,Bachelors,165008,15,Mumbai,7,Yes,4,1,2,1,56,8,20,14,14,3,2,Yes,"Overtime, Low Job Satisfaction, Manager Issues",04-12-2024,qsura@hora.com,3712492285,13
EMP04752,Dhanuk Trivedi,38,Other,Customer Support,Customer Success Manager,Masters,50625,10,Chennai,6,No,2,5,5,1,46,10,14,4,3,5,1,No,Not Provided,13-02-2024,ritvikandra@hotmail.com,3961643031,10
EMP04753,Dhruv Sarin,33,Female,HR,HR Executive,MBA,97603.7265,11,Mumbai,37,Yes,4,5,2,3,11,4,17,3,17,5,3,No,Not Provided,30-08-2021,vivaan88@ram.info,5935522184,8
EMP04754,Anaya Gade,24,Male,Marketing,Content Strategist,Masters,175849,0,Hyderabad,5,Yes,1,2,4,3,62,5,1,4,5,1,5,No,Not Provided,05-08-2018,nayantarabasu@dyal.com,5864645662,12
EMP04755,Vidur Deshmukh,40,Other,Marketing,SEO Specialist,Diploma,36701,13,Delhi,17,No,3,5,3,5,76,8,10,14,17,3,1,No,Not Provided,15-05-2021,ghalder@rao.net,5247825587,4
EMP04756,Zeeshan Sachar,52,Other,Operations,Supply Chain Analyst,Masters,178374,24,Pune,39,No,2,1,4,4,70,6,9,5,3,3,2,No,Not Provided,21-12-2016,gvenkataraman@varkey.com,9770102722,9
EMP04757,Shlok Barad,42,Male,Operations,Operations Executive,Diploma,66639,12,Chennai,40,Yes,5,4,2,5,63,4,2,8,2,3,4,No,Not Provided,17-09-2022,indrajitmahajan@sahni.info,6042614918,7
EMP04758,Yakshit Goswami,50,Male,IT,Data Analyst,Diploma,166179,21,Mumbai,25,No,2,5,4,1,19,3,11,2,20,5,1,No,Not Provided,29-09-2019,ishita20@yahoo.com,623740774,9
EMP04759,Veer Sandhu,33,Male,Customer Support,Customer Success Manager,Diploma,166612,13,Pune,6,No,1,1,1,5,44,2,19,10,2,3,4,No,Not Provided,02-02-2020,hiran62@gmail.com,4628054178,10
EMP04760,Elakshi Khurana,60,Female,Operations,Operations Executive,Masters,40673,34,Mumbai,22,No,1,3,4,4,12,8,21,1,24,4,5,No,Not Provided,15-04-2022,sara92@hotmail.com,1502527952,8
EMP04761,Fateh Baria,41,Female,IT,Data Analyst,Diploma,149736,20,Mumbai,12,No,4,1,1,2,51,2,3,2,5,4,1,No,Not Provided,04-03-2019,lavanyabalasubramanian@kant-chand.com,9643558536,12
EMP04762,Arnav Kuruvilla,51,Female,HR,HR Executive,MBA,87004,22,Mumbai,8,No,5,2,2,5,7,2,19,14,17,3,5,No,Not Provided,18-04-2022,raunak29@agate-atwal.biz,8322453265,7
EMP04763,Aarav Virk,38,Female,IT,Software Engineer,Bachelors,143877,14,Mumbai,13,No,4,1,1,1,38,5,15,6,9,4,4,No,Not Provided,21-08-2023,ycomar@hotmail.com,9539386266,12
EMP04764,Sumer Sarma,27,Female,Customer Support,Customer Success Manager,Masters,47856,3,Hyderabad,40,No,3,1,1,5,18,6,11,11,3,5,2,Yes,"Low Job Satisfaction, High Stress, No Promotion",14-09-2021,semanaya@gmail.com,1353724179,13
EMP04765,Uthkarsh Basu,32,Other,HR,Recruiter,MBA,103295,5,Kolkata,30,No,3,3,3,1,19,8,23,14,6,1,5,No,Not Provided,07-10-2021,shroffanvi@choudhury.com,5374848094,7
EMP04766,Jayesh Sagar,36,Female,Operations,Supply Chain Analyst,Bachelors,70118,8,Noida,8,Yes,1,5,4,2,1,6,16,12,21,5,4,Yes,"Poor Work Life Balance, Overtime, Manager Issues",01-11-2023,jayeshkala@hotmail.com,5641700148,14
EMP04767,Anika Deep,39,Male,Finance,Accountant,MBA,154617,19,Hyderabad,26,Yes,2,4,2,3,58,9,10,7,1,5,2,Yes,"Poor Work Life Balance, Overtime, High Stress",06-04-2018,anaydada@gmail.com,95320845,13
EMP04768,Aarav Sahni,51,Other,Sales,Sales Executive,Bachelors,165837,27,Kolkata,27,Yes,4,3,3,1,33,4,21,7,5,5,1,No,Not Provided,15-08-2023,sibalvidur@yahoo.com,666767026,8
EMP04769,Reyansh Saxena,60,Other,Customer Support,Customer Success Manager,Bachelors,155095,31,Chennai,19,No,4,5,3,2,77,8,20,1,24,2,5,No,Not Provided,14-04-2020,iyengarrati@dewan-char.info,6111502686,4
EMP04770,Seher Karnik,48,Male,Customer Support,Customer Success Manager,Bachelors,70167,26,Kolkata,30,Yes,1,2,3,5,64,7,13,15,21,1,2,Yes,"Poor Work Life Balance, Overtime, Low Job Satisfaction",28-08-2023,bijusane@gmail.com,4454855718,13
EMP04771,Mishti Contractor,29,Female,Sales,Sales Executive,Diploma,79383,1,Hyderabad,27,Yes,2,2,3,1,69,8,14,1,5,2,4,Yes,"Poor Work Life Balance, Overtime, Low Job Satisfaction",04-12-2020,lkhalsa@jain-sen.info,8481502764,13
EMP04772,Myra Ganesh,46,Female,IT,Software Engineer,MBA,77832,23,Mumbai,26,No,3,1,4,3,3,6,22,12,8,2,3,No,Not Provided,19-09-2022,emanda@gmail.com,4370296427,8
EMP04773,Kiara Grover,40,Male,Operations,Operations Executive,Bachelors,164221,16,Pune,19,Yes,2,1,2,1,28,2,7,10,12,3,5,Yes,"Poor Work Life Balance, Overtime, Low Job Satisfaction",19-04-2022,rattandhruv@bahl.com,6742356255,14
EMP04774,Dhruv Mand,56,Male,Operations,Supply Chain Analyst,Diploma,176440,33,Noida,23,No,3,3,4,1,70,9,25,8,21,2,4,No,Not Provided,14-05-2017,neysa02@khurana-devan.com,3077030905,4
EMP04775,Lagan Chopra,51,Other,Marketing,Marketing Manager,Bachelors,106972,24,Noida,35,No,2,4,4,5,12,4,11,9,24,5,2,No,Not Provided,18-10-2022,kimaya62@sarma.com,1181689005,7
EMP04776,Diya Thakkar,24,Male,Operations,Operations Executive,MBA,79906,0,Hyderabad,13,Yes,1,5,1,2,41,1,22,7,7,1,4,No,Not Provided,09-11-2019,isawhney@gmail.com,7473663442,9
EMP04777,Nitara Sen,41,Male,IT,Data Analyst,Masters,153244,20,Kolkata,9,No,1,3,4,3,37,2,13,2,9,5,1,No,Not Provided,16-07-2022,hbhatt@thakur.net,5230647009,6
EMP04778,Not Available,42,Male,Customer Support,Customer Success Manager,Bachelors,160119,17,Mumbai,17,Yes,4,4,4,5,12,4,7,4,10,1,3,No,Not Provided,11-01-2020,madanaarna@gmail.com,9516393622,2
EMP04779,Kanav Kadakia,26,Other,HR,Recruiter,Diploma,106825,3,Delhi,23,Yes,4,3,4,4,71,3,2,7,16,3,1,No,Not Provided,07-05-2017,shenoyojas@thakur.org,5832036349,4
EMP04780,Hansh Gill,41,Male,Customer Support,Customer Success Manager,Masters,155467,21,Bangalore,10,Yes,1,5,5,1,18,0,2,11,9,4,1,Yes,"Poor Work Life Balance, Overtime, Manager Issues",04-10-2020,jkashyap@gmail.com,5389081592,14
EMP04781,Heer Hora,23,Female,Customer Support,Support Executive,MBA,72749,3,Delhi,26,No,4,5,1,2,30,6,8,10,21,1,5,No,Not Provided,29-04-2026,zaina62@raval.org,440645584,9
EMP04782,Nirvi Hayre,53,Female,Sales,Business Development Associate,Masters,84543,30,Kolkata,32,No,1,4,4,5,57,4,8,2,10,4,5,No,Not Provided,30-11-2016,alishabrahmbhatt@agarwal.info,1505605995,7
EMP04783,Vaibhav Dyal,58,Male,HR,Recruiter,MBA,57997,36,Hyderabad,35,No,1,4,4,4,47,6,25,10,8,1,3,No,Not Provided,29-04-2021,lgole@sur-kalita.net,2094166958,8
EMP04784,Myra Chaudhuri,27,Male,HR,HR Manager,Bachelors,34325,7,Kolkata,26,No,4,4,5,2,35,3,10,14,9,1,1,No,Not Provided,14-12-2020,sana84@gmail.com,2929628910,5
EMP04785,Vivaan Ramanathan,42,Female,Customer Support,Customer Success Manager,Bachelors,135379,15,Hyderabad,39,Yes,5,5,4,1,29,3,19,4,7,5,4,No,Not Provided,01-05-2019,vihaan29@hotmail.com,5211404769,8
EMP04786,Kismat Apte,42,Male,Customer Support,Customer Success Manager,Masters,25890,17,Pune,7,Yes,1,1,4,2,25,0,25,12,1,4,1,Yes,"Poor Work Life Balance, Overtime, Low Job Satisfaction",23-11-2023,ganeshindrajit@sahota.org,6325247458,15
EMP04787,Romil Sawhney,27,Female,Finance,Financial Analyst,Diploma,118829,3,Bangalore,24,No,2,2,4,2,35,6,20,10,24,5,4,Yes,"Poor Work Life Balance, Low Job Satisfaction, Manager Issues",30-11-2018,jayeshsridhar@gmail.com,7217905809,15
EMP04788,Vidur Halder,40,Female,Not assigned,Support Executive,MBA,143970,18,Kolkata,4,Yes,1,4,4,2,10,8,12,10,10,3,4,No,Not Provided,16-09-2023,yashviguha@hotmail.com,4214487109,11
EMP04789,Sara Luthra,32,Male,Finance,Accountant,Bachelors,168055,4,Mumbai,20,Yes,1,1,3,5,6,3,20,15,0,5,4,Yes,"Poor Work Life Balance, Overtime, Low Job Satisfaction",21-05-2017,pihutripathi@jani.biz,2394598836,13
EMP04790,Indrajit Sane,56,Male,Sales,Sales Manager,MBA,131533,32,Pune,31,Yes,4,4,5,3,79,2,19,5,22,4,2,No,Not Provided,16-02-2025,nswamy@gmail.com,2384156004,6
EMP04791,Trisha Bumb,44,Other,IT,Data Analyst,Bachelors,95090,20,Mumbai,25,Yes,2,4,5,2,21,4,18,9,11,2,5,No,Not Provided,26-01-2022,kganguly@gmail.com,5131597622,8
EMP04792,Veer Loke,40,Other,IT,System Admin,Masters,98555,10,Mumbai,13,No,2,5,3,5,39,2,17,6,3,5,3,No,Not Provided,07-09-2023,qsarma@mani-wadhwa.com,6590106497,6
EMP04793,Zoya Behl,41,Male,Finance,Financial Analyst,Masters,85065,19,Pune,21,Yes,5,3,3,5,52,9,1,12,22,2,5,No,Not Provided,06-07-2025,lavanyasrinivasan@gmail.com,4708512597,8
EMP04794,Aarav Basu,40,Other,IT,System Admin,MBA,176932,17,Delhi,36,Yes,3,4,1,5,8,10,23,5,24,3,1,No,Not Provided,17-11-2016,arhaan14@sane.com,2497887016,7
EMP04795,Alisha Kulkarni,50,Female,Marketing,Content Strategist,Masters,101835,28,Bangalore,16,Yes,3,1,4,5,33,4,12,13,3,4,5,No,Not Provided,13-07-2016,goelarhaan@hotmail.com,1924155250,10
EMP04796,Yuvaan Kala,45,Male,Finance,Financial Analyst,MBA,38210,25,Kolkata,13,No,1,4,2,3,41,3,24,13,10,2,2,No,Not Provided,13-07-2023,dugarshray@gmail.com,7999199810,7
EMP04797,Ivan Chhabra,44,Male,Marketing,Content Strategist,MBA,92055,23,Hyderabad,25,No,3,3,1,5,76,7,1,10,6,4,4,No,Not Provided,17-03-2021,dhanush41@jha.net,5383978238,12
EMP04798,Shamik Dara,39,Female,HR,Recruiter,Bachelors,29595,14,Pune,35,Yes,3,3,2,2,41,2,8,5,25,2,4,No,Not Provided,05-12-2019,aaina29@hotmail.com,9522558690,7
EMP04799,Suhana Bhandari,48,Other,Marketing,Marketing Manager,Masters,97959.63636,27,Bangalore,22,No,1,1,3,2,30,0,7,3,8,5,3,No,Not Provided,19-11-2018,bvarkey@gandhi.net,6863402100,11
EMP04800,Prerak Rout,60,Male,HR,Recruiter,Bachelors,159192,34,Mumbai,33,Yes,4,4,3,4,10,4,22,11,17,5,4,No,Not Provided,19-08-2018,dugarrhea@gmail.com,8463354421,8
EMP04801,Vritika Bhandari,36,Other,Marketing,SEO Specialist,Masters,99126,16,Pune,37,Yes,5,3,1,3,68,1,18,11,18,3,3,No,Not Provided,29-08-2025,armaan44@yahoo.com,5587843181,7
EMP04802,Baiju Dani,41,Other,Operations,Operations Executive,Diploma,150882,17,Kolkata,32,Yes,1,2,3,4,14,6,10,5,3,4,4,Yes,"Poor Work Life Balance, Overtime, Low Job Satisfaction",04-11-2024,prerak30@yahoo.com,1652949035,14
EMP04803,Kanav Soman,28,Male,Finance,Accountant,Masters,75309,1,Chennai,11,Yes,4,2,2,4,54,4,15,2,17,1,4,No,Not Provided,27-09-2025,gargmannat@varghese.info,1462717677,7
EMP04804,Prerak Bhattacharyya,22,Male,Finance,Accountant,Masters,70585,0,Noida,21,No,2,3.039382866,2,3,49,8,20,12,11,3,2,No,Not Provided,31-10-2019,aainakalla@gmail.com,4668946214,9
EMP04805,Aarav Kalita,36,Male,Finance,Accountant,Bachelors,99042,7,Kolkata,27,Yes,4,2,2,3,53,0,19,8,13,3,1,No,Not Provided,16-02-2022,upadhyayamira@jani.com,7372617139,8
EMP04806,Saira Master,51,Female,IT,BI Developer,MBA,99046,25,Chennai,31,Yes,1,4,5,2,64,8,7,10,9,1,1,No,Not Provided,15-01-2017,qvarughese@gmail.com,8251448924,12
EMP04807,Piya Raj,56,Male,Operations,Supply Chain Analyst,Masters,121263,29,Bangalore,4,No,4,5,3,1,45,7,1,4,9,1,5,No,Not Provided,19-08-2018,aradhya19@ramakrishnan.com,3438746220,6
EMP04808,Stuvan Gill,38,Female,IT,BI Developer,MBA,43710,13,Mumbai,35,No,2,4,4,5,65,1,1,5,12,4,4,No,Not Provided,02-10-2019,raunak89@hotmail.com,2163209,9
EMP04809,Sumer Kannan,25,Other,Sales,Sales Executive,Diploma,73891,0,Kolkata,31,Yes,5,4,2,3,6,10,5,8,1,4,1,No,Not Provided,14-04-2025,rashagaba@bahri-kapadia.com,3184239600,12
EMP04810,Riya Goel,30,Male,Finance,System Admin,Masters,124351,0,Delhi,19,No,3,4,5,5,79,10,18,10,5,1,4,No,Not Provided,27-12-2020,riaanchaudhry@gmail.com,8836098977,4
EMP04811,Rhea Datta,40,Male,Operations,Supply Chain Analyst,Diploma,92411,14,Pune,2,No,3,3,1,4,59,0,9,10,12,4,4,No,Not Provided,07-06-2023,adviksawhney@soni.com,9001525145,7
EMP04812,Eshani Dara,41,Female,HR,HR Manager,Diploma,32382,16,Delhi,4,No,5,5,3,5,65,2,13,6,5,5,2,No,Not Provided,07-01-2025,dwagle@yahoo.com,3268015397,3
EMP04813,Taran Goda,46,Female,HR,HR Executive,Diploma,37293,26,Pune,21,No,1,5,2,4,69,1,18,11,17,2,3,No,Not Provided,22-10-2016,dhawanparinaaz@sanghvi.com,5905722238,7
EMP04814,Mannat Ratta,33,Female,IT,BI Developer,Diploma,65801,9,Delhi,19,No,5,3,5,3,65,1,18,13,7,2,4,No,Not Provided,18-02-2025,himmat73@yahoo.com,4736447724,2
EMP04815,Vaibhav Acharya,40,Other,Sales,Business Development Associate,Bachelors,168342,13,Chennai,34,No,5,3,4,3,56,0,0,14,23,4,2,No,Not Provided,26-06-2020,malhotrakavya@gmail.com,5784855147,8
EMP04816,Manikya Brar,24,Male,Customer Support,Customer Success Manager,Masters,167782,0,Kolkata,8,Yes,4,4,4,5,79,4,25,8,12,4,4,No,Not Provided,09-10-2025,jayantsrinivas@tiwari.com,4743482460,5
EMP04817,Riya Singh,58,Female,Operations,Supply Chain Analyst,MBA,46146,34,Hyderabad,30,Yes,4,3,5,4,16,8,22,4,11,2,5,No,Not Provided,12-08-2016,ksani@hotmail.com,2235979873,5
EMP04818,Zara Virk,50,Female,Operations,Supply Chain Analyst,Bachelors,107052,25,Pune,13,No,4,2,5,4,79,4,21,7,3,4,1,No,Not Provided,10-08-2018,skapoor@yahoo.com,2216042355,6
EMP04819,Dharmajan Tank,21,Female,Operations,Supply Chain Analyst,Bachelors,121518,0,Kolkata,4,Yes,1,4,1,5,29,5,17,12,3,2,2,No,Not Provided,21-05-2025,kimayaloyal@chanda-dar.biz,4846841595,11
EMP04820,Vivaan Doctor,32,Other,Not assigned,Data Analyst,Bachelors,148755,7,Hyderabad,32,No,4,4,2,1,51,2,12,14,10,4,1,No,Not Provided,01-07-2018,shalvbose@yahoo.com,5858468335,10
EMP04821,Stuvan Bhakta,60,Female,Customer Support,Support Executive,MBA,104634.8542,30,Pune,8,Yes,1,1,5,2,53,4,15,6,0,1,5,No,Not Provided,13-01-2025,shaan38@yahoo.com,7268049437,10
EMP04822,Shalv Hegde,57,Male,Operations,Operations Executive,MBA,76758,33,Bangalore,12,Yes,4,2,2,3,11,9,25,4,21,3,1,No,Not Provided,23-02-2024,seshadrihiran@gmail.com,9205007241,9
EMP04823,Amani Sampath,27,Female,Finance,Accountant,MBA,61769,2,Pune,27,Yes,5,2,5,3,52,3,14,11,13,3,2,No,Not Provided,12-09-2023,sampathanya@sule.com,3718526384,8
EMP04824,Indrajit Kaul,33,Male,Finance,Accountant,MBA,34192,8,Pune,35,Yes,5,1,1,3,23,5,12,4,9,4,1,Yes,"Overtime, Low Job Satisfaction, High Stress",12-08-2018,neysathakkar@swaminathan.com,8437813920,13
EMP04825,Aaina Mallick,29,Male,IT,Software Engineer,Bachelors,117171,6,Kolkata,8,No,5,3,2,1,24,6,12,14,8,2,2,No,Not Provided,13-02-2022,sinhajiya@hotmail.com,2749537685,8
EMP04826,Azad Cheema,26,Male,Customer Support,Customer Success Manager,Bachelors,151426,1,Pune,18,Yes,1,4,2,3,70,3,8,6,8,1,2,No,Not Provided,16-07-2019,dhanuk51@bajwa.org,7354706791,7
EMP04827,Jivika Dhar,40,Male,Finance,Financial Analyst,Masters,171636,14,Mumbai,9,No,2,1,5,4,16,0,11,13,9,3,3,No,Not Provided,16-10-2025,romil28@gmail.com,455645058,8
EMP04828,Eshani Karpe,41,Male,IT,Data Analyst,Diploma,115657,21,Noida,30,Yes,5,2,2,3,67,2,9,6,14,2,2,No,Not Provided,18-01-2025,shlokkaur@yahoo.com,6280710784,8
EMP04829,Samiha Balakrishnan,55,Other,Operations,Supply Chain Analyst,Masters,88148,26,Bangalore,19,Yes,5,4,1,1,25,2,9,7,19,2,2,No,Not Provided,17-01-2018,riaanmahajan@srinivasan.com,9439934472,6
EMP04830,Sumer Sani,31,Male,IT,BI Developer,Masters,125136,11,Delhi,8,No,2,1,4,2,46,3,22,7,21,2,3,No,Not Provided,23-04-2024,veerroy@yahoo.com,3894723547,8
EMP04831,Rohan Kumer,40,Other,Marketing,SEO Specialist,Masters,80446,19,Mumbai,13,No,2,5,2,3,1,9,3,1,18,1,2,No,Not Provided,26-09-2020,wsubramaniam@gmail.com,6699157717,9
EMP04832,Keya Bala,23,Other,Finance,Accountant,Diploma,45180,0,Kolkata,25,Yes,1,4,2,2,22,0,25,14,17,3,4,No,Not Provided,07-02-2026,detara@gmail.com,8738724534,12
EMP04833,Ivan Talwar,38,Male,Finance,Finance Manager,Bachelors,110399,15,Hyderabad,16,Yes,2,5,5,4,4,0,12,7,25,3,1,No,Not Provided,28-08-2022,aaryahigoda@hotmail.com,5896526763,5
EMP04834,Umang Lal,29,Other,Operations,Operations Executive,Masters,159178,0,Delhi,7,No,5,5,4,5,36,8,2,2,14,4,5,No,Not Provided,25-04-2025,hhora@bhakta.com,7197816126,7
EMP04835,Purab Trivedi,21,Other,Operations,Operations Executive,Diploma,99713,1,Mumbai,34,No,1,2,4,5,2,1,17,14,3,2,2,No,Not Provided,17-03-2024,kimaya40@iyer-kant.info,5341312113,9
EMP04836,Anay Raj,45,Female,IT,Data Analyst,Diploma,85587,20,Mumbai,8,No,5,3,3,4,76,10,1,4,6,1,3,No,Not Provided,16-06-2020,rsule@yahoo.com,7375608757,4
EMP04837,Jhanvi Gole,57,Female,Customer Support,Support Executive,MBA,164480,33,Noida,28,No,4,3,4,3,8,6,9,9,4,2,1,No,Not Provided,02-09-2022,trivedisamar@gmail.com,5884590131,3
EMP04838,Vaibhav Raman,38,Female,Marketing,Marketing Manager,Bachelors,154338,12,Kolkata,40,Yes,3,5,1,4,29,1,16,1,8,1,2,No,Not Provided,10-04-2017,sethineysa@sharaf-saran.biz,3977152757,5
EMP04839,Urvi Tara,43,Male,HR,Recruiter,Masters,140298,13,Bangalore,20,No,5,3,5,1,42,0,17,8,21,5,3,No,Not Provided,23-11-2020,choudhurysamar@yahoo.com,1978635553,5
EMP04840,Eshani Shroff,27,Female,IT,BI Developer,Masters,131373,0,Kolkata,25,No,3,3,5,4,46,8,10,6,16,3,2,No,Not Provided,02-06-2021,lakshay89@yahoo.com,4059252346,3
EMP04841,Dhanush Ravel,33,Male,Finance,Accountant,Masters,96509,6,Pune,17,No,1,4,5,1,65,0,24,10,22,2,5,No,Not Provided,21-11-2019,trisha81@mangat-kadakia.com,6280221962,7
EMP04842,Ehsaan Ravi,42,Male,Customer Support,Customer Success Manager,Masters,143253,13,Pune,23,No,1,3,4,1,69,9,10,6,1,3,3,No,Not Provided,26-11-2024,raniaborah@yahoo.com,1013466552,7
EMP04843,Mohanlal Aggarwal,22,Other,IT,System Admin,Diploma,47000,2,Noida,38,Yes,1,2,5,1,38,6,7,9,21,3,5,Yes,"Poor Work Life Balance, Overtime, Low Job Satisfaction",27-07-2024,aainaissac@gmail.com,2496403641,13
EMP04844,Nishith Rastogi,38,Other,IT,System Admin,Bachelors,62679,18,Chennai,37,No,2,3,5,2,70,2,24,14,8,2,2,No,Not Provided,21-03-2019,deolsaira@gmail.com,9360411630,8
EMP04845,Piya Kota,58,Female,Customer Support,Support Executive,Bachelors,82899,31,Noida,26,Yes,1,1,5,4,37,4,7,2,23,5,5,No,Not Provided,31-01-2018,dvaidya@ratta.org,3859235642,12
EMP04846,Arhaan Choudhary,30,Other,Marketing,SEO Specialist,Bachelors,175579,6,Mumbai,19,No,3,5,2,5,1,4,21,7,13,4,3,No,Not Provided,16-03-2019,shray01@hotmail.com,7788114657,5
EMP04847,Tejas Tak,43,Male,Finance,Financial Analyst,Bachelors,71478,18,Chennai,3,No,4,4,4,4,36,3,23,11,16,2,5,No,Not Provided,21-11-2022,nram@gmail.com,1892776117,2
EMP04848,Madhav Verma,31,Other,Sales,Sales Executive,Diploma,113748,3,Chennai,19,No,5,4,3,1,21,0,5,14,1,1,4,No,Not Provided,28-01-2022,nirvaan51@amble-banerjee.com,5149272890,6
EMP04849,Farhan Bhatnagar,22,Other,Sales,Business Development Associate,Bachelors,169066,0,Delhi,9,Yes,3,5,2,5,70,2,12,2,15,3,1,No,Not Provided,30-08-2018,grovernitara@yahoo.com,842384948,4
EMP04850,Sara Sengupta,36,Male,Customer Support,Customer Success Manager,Bachelors,149653,14,Chennai,26,No,1,3.039382866,2,2,63,3,14,11,12,5,5,Yes,"Poor Work Life Balance, Manager Issues, High Stress",06-08-2017,kaira61@hotmail.com,7544818460,13
EMP04851,Jivika Sani,31,Female,Sales,Sales Manager,Masters,148876,10,Chennai,22,Yes,5,5,1,4,3,4,9,4,5,2,5,No,Not Provided,18-01-2022,amanivarma@yahoo.com,122338434,4
EMP04852,Rasha Bansal,29,Female,Customer Support,Customer Success Manager,Bachelors,153412,1,Bangalore,34,Yes,1,5,5,2,3,0,21,1,12,5,2,No,Not Provided,26-03-2023,fmahal@yahoo.com,2776796697,11
EMP04853,Jhanvi Sandhu,41,Other,Sales,Business Development Associate,MBA,97397,12,Delhi,31,Yes,2,2,1,5,9,0,21,14,18,1,5,Yes,"Poor Work Life Balance, Overtime, Low Job Satisfaction",23-09-2025,masterbhamini@gmail.com,3643272387,13
EMP04854,Zoya Seth,48,Male,Finance,Finance Manager,MBA,52252,22,Mumbai,18,No,5,5,1,1,36,5,9,7,21,1,1,No,Not Provided,24-11-2018,lagan72@sani-mahal.com,6696374981,6
EMP04855,Aniruddh Malhotra,39,Other,Finance,Financial Analyst,Masters,117536,14,Noida,5,Yes,5,3,2,4,30,6,18,8,0,3,4,No,Not Provided,31-08-2019,ojas33@kade.biz,5938716050,6
EMP04856,Tarini Mand,25,Female,Finance,Financial Analyst,MBA,97683,0,Pune,7,No,5,2,2,1,23,8,9,13,10,4,4,Yes,"Low Job Satisfaction, Manager Issues, High Stress",10-03-2021,bawavivaan@baria.com,3516274162,14
EMP04857,Aaryahi Gandhi,55,Male,Marketing,Content Strategist,MBA,63102,28,Kolkata,28,Yes,1,5,4,1,73,3,14,6,13,4,3,No,Not Provided,12-06-2017,tarini36@raju.net,5454782876,11
EMP04858,Anahi Shanker,52,Other,Finance,Accountant,Bachelors,144411,29,Kolkata,36,No,5,5,2,4,23,6,23,7,14,2,4,No,Not Provided,19-12-2022,yadavrohan@keer-sha.com,2417948787,5
EMP04859,Nayantara Loke,50,Male,Finance,Finance Manager,Masters,139727,23,Chennai,10,No,1,5,2,4,49,8,12,15,4,4,2,No,Not Provided,19-10-2023,hunarbhatt@hotmail.com,4682602016,12
EMP04860,Samarth Viswanathan,52,Male,HR,HR Manager,Masters,89976,24,Delhi,17,Yes,1,5,3,2,52,0,8,1,16,4,3,No,Not Provided,16-10-2024,biju10@yahoo.com,2011654002,10
EMP04861,Renee Subramanian,47,Other,Operations,Supply Chain Analyst,MBA,118102,25,Pune,17,Yes,5,1,4,3,23,3,20,8,3,2,4,No,Not Provided,02-08-2025,tvig@gmail.com,5992757627,5
EMP04862,Trisha Vasa,58,Other,Marketing,Marketing Manager,MBA,131910,38,Mumbai,7,No,5,2,3,1,60,6,7,13,13,4,5,No,Not Provided,21-08-2020,ehsaan87@yahoo.com,3354965663,12
EMP04863,Prisha Dora,29,Female,Finance,Financial Analyst,Bachelors,63743,3,Kolkata,14,Yes,4,5,2,5,47,9,16,3,1,5,4,No,Not Provided,22-12-2023,raghav54@hotmail.com,8402343984,9
EMP04864,Nakul Yogi,50,Female,Sales,Sales Manager,Bachelors,117663,28,Pune,13,Yes,2,3,4,1,3,10,24,3,8,3,4,No,Not Provided,09-10-2022,suhana65@hotmail.com,5731218213,9
EMP04865,Advik Seshadri,39,Other,Marketing,Marketing Manager,MBA,161962,14,Bangalore,3,No,2,4,1,5,11,2,24,7,10,1,4,No,Not Provided,11-02-2019,madhavshetty@rattan.com,5303007360,5
EMP04866,Mehul Acharya,41,Male,Operations,Supply Chain Analyst,Masters,130544,13,Chennai,6,No,5,1,2,3,25,6,25,14,18,1,3,No,Not Provided,10-09-2025,mgera@gmail.com,6466931737,9
EMP04867,Nirvi Karnik,55,Other,Customer Support,Support Executive,Masters,132661,32,Chennai,22,No,5,3,3,2,46,3,14,7,20,1,2,No,Not Provided,16-06-2020,nehmat55@gmail.com,5314052949,2
EMP04868,Kiaan Raj,24,Other,Finance,Accountant,Masters,128948,3,Kolkata,31,Yes,3,4,1,1,69,8,7,11,17,5,4,Yes,"Overtime, Manager Issues, High Stress",10-05-2022,eva35@yahoo.com,1995004288,14
EMP04869,Onkar Kadakia,32,Female,Marketing,SEO Specialist,MBA,158066,5,Delhi,35,Yes,3,3,1,5,14,6,17,4,19,4,1,No,Not Provided,14-10-2024,okar@hotmail.com,4621732382,10
EMP04870,Jayesh Batra,41,Male,HR,Recruiter,MBA,58400,13,Mumbai,22,Yes,4,1,3,1,23,8,21,6,19,2,1,No,Not Provided,29-07-2019,ramaswamyrania@seth-balakrishnan.com,5382580693,9
EMP04871,Kismat Tak,55,Female,Sales,Sales Executive,Masters,46549,34,Mumbai,31,Yes,2,2,5,3,29,1,7,5,16,4,1,No,Not Provided,21-04-2025,pihumane@basak.com,4127665392,12
EMP04872,Advika Konda,22,Other,IT,Data Analyst,Bachelors,82561,0,Hyderabad,8,Yes,4,3,5,2,28,0,8,15,9,1,4,No,Not Provided,03-01-2021,raunak27@mallick-bhat.info,5370106195,6
EMP04873,Lakshit Sampath,47,Male,Finance,Finance Manager,Diploma,139935,22,Pune,10,Yes,3,2,5,3,63,10,17,6,9,2,5,No,Not Provided,08-07-2022,anayatwal@soman.org,9520009477,7
EMP04874,Mehul Bala,30,Female,HR,HR Executive,Diploma,98889,6,Kolkata,12,Yes,1,4,4,4,41,9,23,12,2,5,1,No,Not Provided,06-03-2026,dhruv42@sami.com,7565538083,12
EMP04875,Seher Agrawal,38,Other,Finance,Finance Manager,MBA,100428,17,Bangalore,1,No,3,5,1,5,2,7,17,8,11,3,1,No,Not Provided,29-04-2023,tarasarkar@bhavsar.net,9633326135,4
EMP04876,Purab Bora,24,Female,Sales,Business Development Associate,Diploma,42580,2,Kolkata,6,Yes,4,2,3,1,44,2,7,3,13,3,5,No,Not Provided,24-01-2024,ahans@yahoo.com,4877632419,7
EMP04877,Vihaan Khare,21,Female,IT,System Admin,Diploma,74694,0,Mumbai,12,Yes,1,4,2,5,22,8,20,15,22,1,2,No,Not Provided,26-08-2022,keerhunar@loyal.com,7986617378,11
EMP04878,Dhanush Dhillon,44,Female,HR,HR Manager,Diploma,168003,15,Pune,15,Yes,1,3,3,4,44,8,6,3,9,5,5,No,Not Provided,19-02-2021,karnikadah@konda.com,8621427359,10
EMP04879,Ranbir Bal,40,Female,Finance,Finance Manager,MBA,156079,13,Kolkata,15,No,5,1,5,5,7,1,7,5,13,5,2,No,Not Provided,28-10-2016,balipurab@mahal.com,8243915630,6
EMP04880,Sahil Baria,22,Male,Sales,Business Development Associate,MBA,117853,0,Hyderabad,9,No,1,2,3,3,4,3,20,4,9,1,4,No,Not Provided,28-10-2025,adiradey@chanda.com,165252300,6
EMP04881,Samarth Vohra,25,Female,Operations,Supply Chain Analyst,Masters,67762,0,Delhi,1,Yes,5,5,4,1,62,0,14,9,11,1,3,No,Not Provided,22-02-2026,ramarnav@hotmail.com,7350358631,4
EMP04882,Advika Chaudhuri,47,Other,Operations,Supply Chain Analyst,Bachelors,154445,27,Hyderabad,17,No,2,3,2,3,60,2,3,9,24,3,2,No,Not Provided,23-02-2020,hkrishnamurthy@sant.com,9256349449,7
EMP04883,Sahil Keer,27,Other,IT,Software Engineer,Bachelors,32857,4,Chennai,27,No,5,1,5,1,33,0,8,10,15,4,3,No,Not Provided,09-12-2021,johalbiju@suri.com,6362901557,11
EMP04884,Jiya Edwin,56,Male,Customer Support,Support Executive,Diploma,48363,33,Hyderabad,15,Yes,2,4,1,1,53,1,11,9,0,2,3,No,Not Provided,30-01-2024,divit42@jha.com,4363586801,9
EMP04885,Tejas Desai,45,Female,IT,Sales Executive,Masters,146258,22,Mumbai,33,No,2,2,2,1,51,5,16,14,20,2,1,Yes,"Poor Work Life Balance, Low Job Satisfaction, Manager Issues",07-06-2017,nwason@hotmail.com,8102259927,15
EMP04886,Tara Date,50,Other,Customer Support,Customer Success Manager,Bachelors,40337,25,Hyderabad,26,Yes,4,3.039382866,3,2,22,9,10,13,20,5,4,No,Not Provided,20-02-2023,chowdhurydevansh@hotmail.com,3050570082,12
EMP04887,Zaina Tella,41,Female,Customer Support,Support Executive,MBA,35384,19,Delhi,23,No,3,5,1,4,72,1,1,8,19,5,1,No,Not Provided,05-01-2023,luthraazad@gmail.com,6374991804,7
EMP04888,Nitara Sahota,27,Female,Marketing,Marketing Manager,Bachelors,172651,0,Hyderabad,9,No,5,5,1,1,26,1,10,4,11,2,4,No,Not Provided,12-04-2020,azad18@wagle-sant.com,926933397,4
EMP04889,Khushi Chatterjee,22,Female,HR,Recruiter,Diploma,70204,0,Noida,39,Yes,2,2,2,1,63,1,19,13,22,5,5,Yes,"Poor Work Life Balance, Overtime, Low Job Satisfaction",13-10-2018,iluthra@dey-viswanathan.net,1496608141,18
EMP04890,Kartik Mand,42,Male,Finance,Accountant,MBA,77235,16,Bangalore,38,Yes,1,5,3,1,25,9,15,9,1,3,3,No,Not Provided,26-09-2019,hrishita53@deshpande-walla.com,4883193211,10
EMP04891,Abram Dugar,56,Female,HR,HR Executive,Bachelors,90211,32,Chennai,32,No,1,5,1,4,78,8,10,12,14,5,5,Yes,"Poor Work Life Balance, High Stress, No Promotion",16-07-2021,ranbirgandhi@mander-sharaf.com,2658731321,13
EMP04892,Vidur Chawla,28,Female,IT,Software Engineer,Diploma,117215,0,Hyderabad,39,No,5,4,1,1,51,10,14,12,8,5,4,No,Not Provided,06-08-2019,chadhaonkar@goel-chanda.com,4534586210,12
EMP04893,Rania Majumdar,26,Male,Not assigned,Accountant,MBA,34818,2,Pune,35,Yes,2,4,1,2,28,1,6,11,4,1,3,No,Not Provided,05-01-2023,divyanshsubramaniam@yahoo.com,5374516144,12
EMP04894,Parinaaz Tata,49,Other,IT,BI Developer,Bachelors,115600,27,Bangalore,7,Yes,5,4,4,2,51,10,16,2,0,5,2,No,Not Provided,02-06-2018,dhruvkaur@wali.com,1276394527,9
EMP04895,Keya Wason,32,Male,Sales,Business Development Associate,Diploma,49142,5,Chennai,38,Yes,5,3,1,5,17,2,20,14,9,5,1,No,Not Provided,23-08-2018,divyanshshankar@ram-kadakia.com,4718712973,10
EMP04896,Prerak Vohra,35,Other,Sales,Sales Manager,Masters,42852,10,Kolkata,14,No,4,5,3,2,29,5,3,3,25,2,3,No,Not Provided,16-05-2025,ydua@sen.com,7174403897,6
EMP04897,Devansh Mandal,31,Other,Customer Support,Support Executive,Bachelors,111992,11,Kolkata,7,Yes,2,1,4,5,51,6,24,10,10,3,3,No,Not Provided,28-02-2023,yuvraj-50@shetty.com,5647679250,12
EMP04898,Ryan Khosla,24,Other,Finance,Financial Analyst,Diploma,143068,0,Noida,10,Yes,2,5,3,1,65,1,9,7,15,2,2,No,Not Provided,26-09-2019,sawhneyranbir@yahoo.com,9066836264,7
EMP04899,Zoya Khalsa,54,Other,HR,HR Executive,MBA,120472,29,Noida,26,No,4,4,3,1,19,9,15,12,18,3,3,No,Not Provided,08-02-2021,jdhingra@yahoo.com,921720434,7
EMP04900,Kartik Khatri,44,Male,Finance,Finance Manager,Bachelors,160698,15,Noida,10,Yes,3,4,3,2,55,6,21,6,15,2,3,No,Not Provided,04-06-2016,sumerborde@ahuja.com,9310222464,6
EMP04901,Tanya Chauhan,22,Female,HR,HR Manager,Masters,34362,1,Chennai,18,Yes,5,1,2,2,44,3,2,15,16,4,1,Yes,"Overtime, Low Job Satisfaction, Manager Issues",03-02-2024,ravalalisha@hotmail.com,7028954589,16
EMP04902,Ishita Gole,30,Female,Operations,Operations Executive,Bachelors,129212,6,Bangalore,6,No,3,4,1,3,11,4,14,7,25,1,5,No,Not Provided,19-06-2018,lakshit92@char-dyal.com,2005455393,2
EMP04903,Ira Kade,50,Female,Finance,Accountant,Bachelors,42509,23,Noida,6,Yes,1,1,1,3,74,5,9,6,4,5,3,Yes,"Poor Work Life Balance, Overtime, Low Job Satisfaction",27-10-2021,mallickdhruv@chadha.com,7447338372,15
EMP04904,Zeeshan Dubey,30,Other,Customer Support,Support Executive,Masters,133371,4,Pune,34,Yes,3,5,2,2,63,0,25,1,6,4,2,No,Not Provided,15-08-2021,neysagandhi@gmail.com,7234889889,10
EMP04905,Tanya Suresh,54,Female,Operations,Operations Executive,Bachelors,28565,30,Bangalore,37,Yes,2,5,4,4,54,0,25,6,23,3,4,No,Not Provided,19-05-2025,adira18@sura.com,1147746240,6
EMP04906,Uthkarsh Salvi,33,Male,Finance,Finance Manager,Masters,67013,6,Hyderabad,14,Yes,4,1,1,2,19,8,0,9,23,1,1,Yes,"Overtime, Low Job Satisfaction, Manager Issues",04-08-2021,ysangha@hotmail.com,4915735969,13
EMP04907,Yashvi Bera,48,Male,HR,HR Manager,Bachelors,101996,18,Pune,26,Yes,2,1,3,2,11,9,4,8,20,4,5,Yes,"Poor Work Life Balance, Overtime, Low Job Satisfaction",04-09-2023,yakshit17@gmail.com,8916489952,18
EMP04908,Yuvraj  Kanda,43,Male,Finance,Finance Manager,Bachelors,64583,13,Hyderabad,31,Yes,1,4,4,1,78,5,1,7,8,4,5,Yes,"Poor Work Life Balance, Overtime, Manager Issues",01-11-2022,biyengar@yahoo.com,7036473989,15
EMP04909,Kiara Kant,40,Male,Customer Support,Customer Success Manager,MBA,155805,14,Pune,31,Yes,5,4,4,5,34,10,16,1,0,5,3,No,Not Provided,09-01-2026,anyavig@karnik.com,8167972972,8
EMP04910,Taran Guha,56,Other,Sales,Sales Manager,Masters,80133,32,Pune,24,Yes,1,4,5,2,43,3,2,15,19,3,1,No,Not Provided,06-07-2024,orout@gmail.com,1791462719,11
EMP04911,Anahi Sahni,53,Other,Finance,Accountant,MBA,129860,33,Kolkata,11,Yes,1,5,5,1,23,9,0,2,5,3,4,No,Not Provided,25-10-2024,Not Generated,384738879,11
EMP04912,Adah Choudhry,29,Other,HR,Recruiter,Diploma,150060,0,Hyderabad,20,No,4,5,5,2,68,7,4,12,13,1,4,No,Not Provided,05-10-2024,krishnaprisha@yahoo.com,3783170333,8
EMP04913,Anika Kale,35,Female,Sales,Sales Executive,Diploma,87744,14,Hyderabad,1,No,2,2,1,4,66,7,17,12,12,5,3,Yes,"Poor Work Life Balance, Low Job Satisfaction, High Stress",08-05-2024,elakshi09@keer.net,3019346848,15
EMP04914,Advika Mani,26,Other,HR,HR Executive,Diploma,165713,0,Pune,21,No,4,5,2,2,51,6,14,15,4,3,2,No,Not Provided,17-05-2024,gbiswas@gmail.com,9438647080,8
EMP04915,Navya Sood,36,Female,Sales,Business Development Associate,MBA,157564,9,Delhi,8,Yes,3,5,2,5,62,4,24,15,3,5,2,No,Not Provided,11-01-2025,amblerania@tailor-edwin.com,7991646641,9
EMP04916,Ishaan Subramanian,56,Female,Finance,Financial Analyst,Bachelors,93217,27,Bangalore,17,No,4,1,2,3,4,3,18,10,1,3,4,No,Not Provided,07-09-2020,taran44@yahoo.com,6845951591,7
EMP04917,Anaya Kapoor,27,Female,Finance,Accountant,MBA,152220,0,Pune,1,No,5,1,5,1,61,7,16,9,19,1,2,No,Not Provided,13-12-2024,yuvraj-93@shanker-wadhwa.net,9652217105,7
EMP04918,Alisha Mall,47,Male,HR,HR Executive,MBA,151296,25,Pune,36,Yes,5,1,1,1,23,6,4,3,23,4,1,Yes,"Overtime, Low Job Satisfaction, Manager Issues",06-05-2025,ramachandranmanikya@toor.biz,1690864639,17
EMP04919,Riya Edwin,22,Male,Customer Support,Customer Success Manager,Masters,125264,0,Kolkata,23,No,5,3,1,4,32,6,16,1,12,2,4,No,Not Provided,19-04-2018,borahnehmat@chopra-sidhu.info,4542509624,4
EMP04920,Diya Bala,21,Male,Finance,Finance Manager,Masters,112248,0,Hyderabad,17,No,5,3,2,5,2,5,17,12,3,4,1,No,Not Provided,24-01-2019,zara82@gmail.com,5985429368,9
EMP04921,Hunar Yohannan,40,Female,Operations,Supply Chain Analyst,Masters,122051,13,Delhi,14,No,4,2,1,2,22,8,0,12,4,3,1,Yes,"Low Job Satisfaction, Manager Issues, No Promotion",07-06-2023,aniruddh08@sur-iyer.biz,1465449050,13
EMP04922,Hansh Mani,58,Female,IT,System Admin,Diploma,112667,34,Noida,7,Yes,3,1,3,3,47,0,4,3,1,4,3,No,Not Provided,01-10-2023,jayeshtiwari@yahoo.com,2866545358,10
EMP04923,Damini Goel,43,Female,Finance,Finance Manager,Masters,70326,17,Kolkata,23,No,5,2,2,4,77,10,15,8,11,3,4,No,Not Provided,26-06-2021,galaehsaan@upadhyay-gupta.com,143846627,7
EMP04924,Azad Mane,59,Male,Sales,Sales Manager,Bachelors,175168,30,Pune,38,Yes,3,4,2,5,30,7,8,10,12,2,1,No,Not Provided,13-07-2020,wthaman@dhingra.com,2943089217,9
EMP04925,Hridaan Mandal,56,Female,Finance,Accountant,Diploma,111024,32,Chennai,26,No,1,5,3,1,21,5,1,12,19,4,5,Yes,"Poor Work Life Balance, Manager Issues, High Stress",16-02-2024,hansh40@kale.org,8210654396,15
EMP04926,Bhavin Dube,22,Other,Customer Support,Support Executive,Diploma,69243,0,Delhi,2,No,4,5,4,2,9,4,21,6,9,5,2,No,Not Provided,18-09-2019,bvarghese@uppal.org,8624083121,5
EMP04927,Alia Gala,43,Other,HR,Recruiter,MBA,162069,16,Noida,16,No,3,1,5,3,74,0,10,15,19,3,2,No,Not Provided,08-03-2021,kashvimahajan@yahoo.com,4325869544,5
EMP04928,Inaaya  Sood,41,Female,Finance,Finance Manager,Bachelors,26881,15,Kolkata,5,No,3,1,4,2,21,10,25,8,18,4,2,No,Not Provided,14-02-2019,bhamini68@bhatia.com,3672476691,10
EMP04929,Kartik Vohra,22,Male,Operations,Supply Chain Analyst,Diploma,146554,0,Mumbai,23,No,2,1,5,1,30,10,4,15,11,5,4,Yes,"Poor Work Life Balance, Low Job Satisfaction, Manager Issues",15-10-2024,tiyagrover@yahoo.com,6519425892,17
EMP04930,Tara Sawhney,22,Other,Sales,Sales Executive,MBA,170471,0,Pune,30,Yes,2,5,2,3,13,5,21,14,14,1,2,No,Not Provided,11-04-2019,dhruv20@hotmail.com,8707680886,12
EMP04931,Gokul Sane,31,Other,Customer Support,Customer Success Manager,Diploma,94393,5,Mumbai,12,No,1,3,1,2,73,6,2,2,11,5,1,Yes,"Poor Work Life Balance, Manager Issues, High Stress",18-10-2016,stuvande@borah-tandon.info,50198228,14
EMP04932,Zain Balay,38,Male,Marketing,SEO Specialist,Bachelors,100643,18,Chennai,27,No,3,4,3,5,13,0,0,3,6,2,5,No,Not Provided,19-10-2022,raunaktata@atwal.com,8116176206,3
EMP04933,Hunar Hayer,52,Other,Finance,Finance Manager,Diploma,103414.5185,26,Noida,4,No,3,1,5,3,46,0,0,10,1,1,1,No,Not Provided,22-01-2017,divijkanda@mandal.com,2401518215,7
EMP04934,Kartik Kalla,23,Female,Finance,Accountant,Diploma,62579,0,Hyderabad,21,No,5,4,1,2,11,6,10,13,19,3,2,No,Not Provided,16-07-2018,frout@doctor-mammen.com,2540138536,8
EMP04935,Darshit Lad,36,Male,Customer Support,Support Executive,MBA,78470,7,Chennai,8,No,3,1,1,5,29,3,5,6,13,1,2,No,Not Provided,22-08-2018,vidurkapoor@keer.com,3519663737,7
EMP04936,Anya Warrior,27,Other,Customer Support,Support Executive,Masters,114379,1,Pune,28,Yes,4,1,4,4,68,3,20,12,22,3,5,No,Not Provided,06-07-2024,hunarvarughese@hotmail.com,730349196,8
EMP04937,Samiha Luthra,55,Male,Marketing,Marketing Manager,Bachelors,124436,32,Chennai,39,No,4,4,2,5,78,7,6,1,10,2,3,No,Not Provided,18-04-2025,anvi98@yahoo.com,6764859533,5
EMP04938,Neysa Sehgal,53,Other,Marketing,SEO Specialist,MBA,123386,23,Kolkata,17,Yes,3,2,4,1,19,4,5,2,14,1,5,No,Not Provided,06-01-2021,wyohannan@borah.com,1706845178,9
EMP04939,Divij Chowdhury,58,Other,HR,HR Executive,Masters,100509,30,Mumbai,32,No,4,2,2,5,59,9,12,5,8,1,4,No,Not Provided,09-12-2024,anaya60@chandran.com,7621243683,8
EMP04940,Chirag Sani,46,Male,Finance,Accountant,Bachelors,119467,24,Chennai,38,No,4,3,3,4,70,2,14,6,11,4,5,No,Not Provided,12-07-2018,siya39@yadav.net,4428889220,4
EMP04941,Chirag Mall,45,Female,Finance,Financial Analyst,Masters,34068,21,Mumbai,8,Yes,1,3,3,4,47,7,19,4,15,1,3,No,Not Provided,28-06-2016,taran12@hotmail.com,9212727546,7
EMP04942,Kismat Dasgupta,44,Female,Sales,Sales Manager,Masters,113945,23,Hyderabad,10,No,3,4,4,4,20,8,15,12,6,3,1,No,Not Provided,29-12-2019,xkarpe@gmail.com,2853501390,4
EMP04943,Madhup D’Alia,59,Other,Marketing,Marketing Manager,MBA,30407,32,Chennai,34,No,4,3,3,3,3,2,6,7,20,2,3,No,Not Provided,17-08-2020,zaina80@baria.biz,9845993739,1
EMP04944,Armaan Dhar,27,Other,HR,Recruiter,Masters,49459,5,Noida,28,Yes,3,3,4,5,35,10,17,4,8,5,1,No,Not Provided,07-09-2016,jmadan@yahoo.com,6915845667,8
EMP04945,Vanya Dash,30,Male,Finance,Accountant,Masters,149430,4,Bangalore,20,Yes,5,4,4,5,27,9,24,14,19,4,4,No,Not Provided,26-06-2018,deepivana@boase.biz,2408032680,9
EMP04946,Hansh Hayer,51,Female,Finance,Accountant,Masters,52551,31,Kolkata,17,No,4,3,5,3,12,9,23,12,18,4,1,No,Not Provided,04-05-2026,doshishanaya@yahoo.com,4796814878,7
EMP04947,Advik Chada,50,Male,Marketing,Marketing Manager,Bachelors,118841,30,Noida,39,No,2,3,4,3,13,1,25,15,11,1,4,No,Not Provided,01-03-2026,nishith83@dhar-sarma.info,6094221739,6
EMP04948,Stuvan Bora,42,Other,Customer Support,Customer Success Manager,Diploma,96212,13,Kolkata,14,Yes,5,3,2,3,10,6,3,3,19,4,5,No,Not Provided,29-05-2022,mirayalal@madan.com,9054558241,11
EMP04949,Anahi Acharya,21,Female,HR,Recruiter,Bachelors,150619,0,Mumbai,8,No,2,4,2,3,34,7,17,8,25,1,5,No,Not Provided,22-07-2024,jayan82@yahoo.com,2614920982,7
EMP04950,Anaya Som,47,Other,Marketing,Marketing Manager,MBA,94821,24,Noida,16,No,3,5,4,5,26,2,20,14,8,1,5,No,Not Provided,07-05-2025,ryankarpe@sastry-ramachandran.com,3233953916,2
EMP04951,Nakul Ratti,36,Male,Sales,Sales Manager,Bachelors,92587,8,Delhi,25,No,3,4,1,1,23,0,22,8,25,2,2,No,Not Provided,28-02-2024,romil09@gmail.com,8230561657,5
EMP04952,Farhan Dey,54,Female,Sales,Business Development Associate,Diploma,115914,27,Chennai,25,Yes,1,4,3,5,20,3,5,4,10,1,4,No,Not Provided,25-06-2021,samiha77@yahoo.com,2721767525,8
EMP04953,Alia Subramaniam,58,Male,Sales,Sales Executive,Diploma,112154,36,Chennai,25,Yes,5,2,5,5,59,1,2,1,19,1,4,No,Not Provided,15-05-2023,ivankhurana@yahoo.com,9444368966,8
EMP04954,Jayant Keer,25,Male,Marketing,SEO Specialist,Masters,108826,1,Hyderabad,17,No,4,5,4,1,37,9,6,12,24,5,4,No,Not Provided,19-04-2026,suleaniruddh@kar.net,5921468120,9
EMP04955,Azad Krishna,43,Other,Customer Support,Support Executive,Diploma,158929,15,Noida,10,Yes,3,4,2,4,18,3,18,6,19,4,5,No,Not Provided,03-06-2023,mkhalsa@gmail.com,7068206835,7
EMP04956,Vedika Yohannan,29,Other,Sales,Business Development Associate,Diploma,114114,6,Bangalore,20,Yes,2,2,3,4,37,1,22,11,9,4,5,Yes,"Poor Work Life Balance, Overtime, Low Job Satisfaction",17-04-2017,lankasamaira@koshy.biz,1424000642,13
EMP04957,Alisha Raman,40,Female,Operations,Operations Executive,MBA,166034,15,Chennai,16,No,1,3.039382866,4,1,47,9,1,12,14,1,3,No,Not Provided,24-07-2021,chackosaanvi@yahoo.com,884698014,11
EMP04958,Siya Khanna,25,Other,Sales,Sales Manager,Diploma,86418,0,Noida,27,Yes,3,3,5,2,23,9,6,6,10,1,5,No,Not Provided,14-11-2022,mwadhwa@gmail.com,6242332353,7
EMP04959,Vanya Shere,37,Other,Operations,Supply Chain Analyst,Diploma,100150,8,Mumbai,15,Yes,5,1,3,3,44,1,3,13,5,3,3,No,Not Provided,21-08-2019,indransbhandari@hotmail.com,8787541520,9
EMP04960,Damini Tata,25,Female,HR,Recruiter,Bachelors,115667,0,Bangalore,4,No,4,4,2,4,27,1,5,4,1,5,2,No,Not Provided,13-08-2022,wborde@wadhwa.com,6686187329,7
EMP04961,Ivan Varughese,34,Male,Sales,Sales Manager,MBA,124543,13,Bangalore,11,Yes,5,3,5,4,44,6,15,3,16,4,3,No,Not Provided,20-01-2018,wshetty@konda-borra.biz,1021657511,7
EMP04962,Ayesha Vasa,37,Female,Operations,Supply Chain Analyst,MBA,160015,7,Mumbai,32,Yes,4,5,3,5,44,10,11,11,10,4,5,No,Not Provided,28-06-2025,rajmishti@gmail.com,798146201,10
EMP04963,Zain Kohli,30,Other,Customer Support,Support Executive,Masters,142262,10,Delhi,30,Yes,5,3,5,3,25,5,20,7,2,3,2,No,Not Provided,20-12-2018,doctorranbir@yahoo.com,1765317231,5
EMP04964,Neysa Ahuja,49,Other,HR,HR Manager,Masters,44671,20,Bangalore,16,No,3,1,1,1,70,6,2,5,20,3,2,No,Not Provided,26-10-2024,mborra@hotmail.com,2251625129,11
EMP04965,Anahi Goel,36,Male,HR,Recruiter,Bachelors,149086,9,Pune,13,No,4,2,4,1,48,4,14,15,14,2,2,No,Not Provided,05-05-2022,yuvraj-subramanian@gmail.com,3234736559,7
EMP04966,Anahita Warrior,53,Other,IT,Data Analyst,Masters,133454,33,Hyderabad,38,Yes,5,2,1,5,35,0,8,6,2,3,1,No,Not Provided,15-07-2024,advikdalia@sarkar.org,9691305241,8
EMP04967,Umang Batta,52,Male,Operations,Operations Executive,MBA,158763,26,Bangalore,10,No,5,2,1,5,50,3,0,11,9,1,3,No,Not Provided,19-08-2020,jagate@hotmail.com,2843588753,9
EMP04968,Krish Mani,48,Other,Finance,Accountant,Bachelors,106640,18,Hyderabad,3,Yes,2,1,1,5,16,9,17,2,22,5,1,Yes,"Poor Work Life Balance, Overtime, Low Job Satisfaction",24-09-2017,piyasaraf@ghosh.info,8528612537,15
EMP04969,Khushi Ratti,25,Female,Marketing,Content Strategist,Bachelors,96409,1,Kolkata,37,No,3,2,3,3,45,7,5,3,4,2,1,No,Not Provided,27-12-2023,jsura@hotmail.com,6765792242,8
EMP04970,Vedika Kibe,52,Male,Customer Support,Support Executive,Masters,163278,30,Pune,19,Yes,4,1,5,3,42,0,21,7,25,3,4,No,Not Provided,22-05-2023,myrabhasin@sankar-ahuja.com,8459535969,5
EMP04971,Faiyaz Badal,21,Male,Marketing,Marketing Manager,Diploma,124124,0,Kolkata,35,Yes,2,4,5,5,42,4,0,7,16,2,2,No,Not Provided,03-06-2021,ybajwa@amble.info,147931490,8
EMP04972,Divyansh Wali,38,Other,Operations,Operations Executive,Bachelors,68623,16,Kolkata,6,No,1,1,2,1,29,2,14,3,25,5,3,Yes,"Poor Work Life Balance, Low Job Satisfaction, Manager Issues",02-03-2020,korpalpranay@hotmail.com,9913843987,13
EMP04973,Ela Master,47,Female,Operations,Operations Executive,MBA,154054,27,Noida,1,No,2,3,5,4,56,0,3,15,24,1,3,No,Not Provided,21-04-2017,fjaggi@yahoo.com,3960665446,7
EMP04974,Kiaan Sarkar,51,Female,Marketing,Marketing Manager,Masters,81226,21,Delhi,14,No,3,3.039382866,1,3,38,8,23,12,9,5,1,No,Not Provided,22-12-2021,kismatbalakrishnan@sahota.org,303651643,9
EMP04975,Vanya Kumar,27,Male,HR,HR Manager,Diploma,164164,1,Pune,39,No,3,2,2,3,36,0,4,1,15,1,5,No,Not Provided,07-03-2022,aarna13@golla-sangha.com,7935575691,8
EMP04976,Dhanush Yohannan,49,Male,Finance,Finance Manager,Bachelors,43727,20,Delhi,3,Yes,5,4,4,2,12,8,16,9,24,5,2,No,Not Provided,07-06-2016,sahaojas@hotmail.com,1923726264,9
EMP04977,Farhan Shah,27,Other,HR,Recruiter,MBA,143734,5,Kolkata,12,Yes,2,2,4,1,31,7,9,9,2,5,2,Yes,"Poor Work Life Balance, Overtime, Low Job Satisfaction",29-12-2024,raunak87@yahoo.com,7804973593,15
EMP04978,Yuvaan Sarin,46,Male,Sales,Business Development Associate,Bachelors,163817,25,Delhi,24,Yes,3,1,5,1,48,2,13,10,22,2,3,No,Not Provided,06-01-2021,raunak04@subramanian.com,4043055798,9
EMP04979,Ishita Seshadri,25,Other,Sales,Business Development Associate,Masters,101601,3,Kolkata,16,Yes,5,1,4,2,44,1,11,13,18,1,4,No,Not Provided,17-12-2023,ramanathanhridaan@gmail.com,1208200815,9
EMP04980,Nitya Bhatnagar,40,Other,HR,HR Manager,Bachelors,148807,18,Kolkata,33,No,5,4,1,3,52,7,12,10,2,2,2,No,Not Provided,21-04-2018,viduracharya@sani.biz,3139666105,7
EMP04981,Azad Agate,29,Female,Operations,Operations Executive,Diploma,145003,6,Hyderabad,8,Yes,4,1,1,2,38,10,5,15,24,2,2,Yes,"Overtime, Low Job Satisfaction, Manager Issues",18-03-2019,qsethi@doctor.com,8723556588,15
EMP04982,Ishaan Sood,51,Other,Operations,Operations Executive,MBA,79040,22,Hyderabad,7,Yes,4,5,5,3,45,0,19,4,8,2,3,No,Not Provided,23-02-2017,jdatta@korpal.com,247891258,2
EMP04983,Madhav Bhatt,51,Other,Finance,Accountant,Bachelors,31052,30,Noida,39,No,3,1,3,1,4,7,16,6,1,4,4,No,Not Provided,11-01-2023,cbandi@basu-varty.com,8314583275,11
EMP04984,Miraan Soman,33,Male,Customer Support,Support Executive,Masters,48680,6,Mumbai,8,Yes,4,5,4,3,72,0,16,10,20,2,2,No,Not Provided,28-09-2019,samairabose@yahoo.com,5019736285,4
EMP04985,Vidur Keer,59,Other,IT,Software Engineer,MBA,169460,33,Chennai,36,No,3,4,2,3,66,7,22,12,21,3,5,No,Not Provided,10-08-2017,ishita52@dube.com,9366416272,7
EMP04986,Shaan Walia,54,Other,Customer Support,Customer Success Manager,Bachelors,160931,25,Noida,34,Yes,3,4,2,3,57,8,9,5,20,4,2,No,Not Provided,09-03-2026,parinaaz34@hotmail.com,2482768598,10
EMP04987,Saira Keer,36,Other,Operations,Operations Executive,Bachelors,27536,13,Kolkata,28,Yes,1,3,2,3,15,9,0,12,15,3,2,Yes,"Poor Work Life Balance, Overtime, No Promotion",16-12-2018,oorja88@char-bir.com,4336228587,14
EMP04988,Aaryahi Thakur,60,Female,Marketing,Marketing Manager,MBA,158746,39,Delhi,31,Yes,4,4,2,1,37,6,20,6,2,2,3,No,Not Provided,03-08-2016,zshenoy@yahoo.com,6220851482,9
EMP04989,Prerak Bajaj,30,Female,Customer Support,Customer Success Manager,MBA,174430,10,Kolkata,22,Yes,4,1,1,2,31,7,21,3,13,3,3,No,Not Provided,02-08-2022,sabharwalaarav@ghose.com,662811645,11
EMP04990,Samaira Devi,37,Male,IT,BI Developer,Bachelors,57985,8,Delhi,31,Yes,4,1,4,1,4,3,24,10,6,2,4,No,Not Provided,02-02-2019,samarkumar@hotmail.com,1673878491,10
EMP04991,Saksham Kashyap,40,Female,Operations,Supply Chain Analyst,Diploma,140874,17,Bangalore,2,No,1,1,2,1,78,4,25,14,22,5,5,Yes,"Poor Work Life Balance, Low Job Satisfaction, Manager Issues",20-06-2024,sharafryan@vig.org,671059425,15
EMP04992,Damini Khalsa,46,Female,Finance,Financial Analyst,Masters,89933,21,Bangalore,39,No,5,2,3,3,44,8,0,8,18,5,5,No,Not Provided,16-03-2021,irakaur@gmail.com,3300526737,11
EMP04993,Vivaan Ramanathan,54,Other,Operations,Supply Chain Analyst,Bachelors,110740,24,Noida,20,Yes,1,5,4,5,58,1,12,11,15,3,1,No,Not Provided,04-01-2026,umang20@saraf.com,7321639952,7
EMP04994,Piya Rajan,35,Other,Sales,Sales Executive,Masters,143722,12,Bangalore,6,No,1,2,1,4,78,10,6,15,19,2,5,No,Not Provided,23-05-2017,azadmangal@yahoo.com,4294156388,12
EMP04995,Prisha Zachariah,56,Female,Finance,Finance Manager,Masters,104896,26,Bangalore,23,Yes,3,5,4,4,7,1,15,3,7,1,2,No,Not Provided,13-08-2017,seshadrimadhup@gmail.com,7178083022,2
EMP04996,Yasmin Warrior,34,Female,Marketing,Marketing Manager,Diploma,121508,6,Mumbai,27,No,3,3,4,1,17,9,21,6,25,4,5,No,Not Provided,26-06-2022,saira39@soni.net,9150571437,8
EMP04997,Madhav Luthra,29,Other,Operations,Operations Executive,Diploma,78742,3,Chennai,9,No,3,5,4,3,55,4,20,14,9,5,5,No,Not Provided,24-03-2019,eaggarwal@gmail.com,715552075,5
EMP04998,Hansh Char,40,Female,HR,HR Executive,Bachelors,158241,15,Chennai,26,Yes,3,5,1,4,66,8,8,11,7,3,2,No,Not Provided,04-11-2018,hsathe@rajagopal-madan.com,333809137,9
EMP04999,Aaryahi Chaudhuri,36,Male,Finance,Financial Analyst,Diploma,74742,9,Chennai,4,Yes,1,3,4,2,10,5,5,1,9,3,2,No,Not Provided,16-07-2022,vritika56@hotmail.com,4117829992,11
EMP05000,Tushar Rajan,54,Male,IT,System Admin,MBA,152953,24,Mumbai,31,No,2,4,4,5,34,7,21,4,24,4,2,No,Not Provided,31-05-2018,rattineelofar@sani.org,2820888021,9
